USE hospital_db;
SET FOREIGN_KEY_CHECKS=0;

TRUNCATE TABLE patient_has_allergy;
TRUNCATE TABLE medical_act_has_employee;
TRUNCATE TABLE duty_schedule_team;
TRUNCATE TABLE duty_schedule;
TRUNCATE TABLE doctor_review;
TRUNCATE TABLE medication_treatment;
TRUNCATE TABLE medication_prescription;
TRUNCATE TABLE hospitalization;
TRUNCATE TABLE medical_act;
TRUNCATE TABLE laboratory_exams;
TRUNCATE TABLE triage;
TRUNCATE TABLE hospitalization_review;
TRUNCATE TABLE patient;
TRUNCATE TABLE department_room;
TRUNCATE TABLE administrative_staff;
TRUNCATE TABLE nurse;
TRUNCATE TABLE doctor_department;
TRUNCATE TABLE hospital_department;
TRUNCATE TABLE doctor;
TRUNCATE TABLE employee;
TRUNCATE TABLE doctor_specialty;
TRUNCATE TABLE doctor_grade;
TRUNCATE TABLE nurse_grade;
TRUNCATE TABLE staff_role;
TRUNCATE TABLE shift_type;

-- DUMMY DATA --

-- shift_type
INSERT IGNORE INTO `shift_type` (`shift_type_id`,`start_time`,`end_time`,`shift_type`) VALUES
(1,'07:00:00','15:00:00','Morning'),
(2,'15:00:00','23:00:00','Afternoon'),
(3,'23:00:00','07:00:00','Night');


-- staff_role
INSERT IGNORE INTO `staff_role` (`role_id`,`role_description`) VALUES
(1,'Secretary'),
(2,'Accountant'),
(3,'Director');


-- nurse_grade
INSERT IGNORE INTO `nurse_grade` (`nurse_grade_id`,`grade_description`) VALUES
(1,'Supervisor Nurse'),
(2,'Nurse'),
(3,'Assistant Nurse');

-- doctor_grade
INSERT IGNORE INTO `doctor_grade` (`grade_id`,`grade_description`) VALUES
(1,'Attending'),
(2,'Currator B'),
(3,'Currrator A'),
(4,'Chief');


-- doctor_specialty
INSERT IGNORE INTO `doctor_specialty` (`specialty_id`,`specialty_name`) VALUES
(1,'Cardiology'),
(2,'Surgery'),
(3,'Internal Medicine'),
(4,'Orthopedics'),
(5,'Neurology'),
(6,'Radiology'),
(7,'Anesthesiology'),
(8,'Pediatrics'),
(9,'Obstetrics'),
(10,'Psychiatry');


INSERT IGNORE INTO `employee` (`employee_id`, `empl_amka`,`empl_birth_date`, `empl_first_name`,`empl_last_name`,`empl_email`,`empl_phone`,`empl_hiring_date`,`empl_type`) VALUES
(1,'01027000001','1970-02-01','Theodora','Vlachos','emp1@hospital.gr','6942868828','2012-01-15','doctor'),
(2,'04126200002','1962-12-04','Eirini','Zachariou','emp2@hospital.gr','6921668732','2023-01-15','doctor'),
(3,'01016600003','1966-01-01','Andreas','Pappas','emp3@hospital.gr','6941227216','2021-01-15','doctor'),
(4,'18016900004','1969-01-18','Stelios','Christodoulou','emp4@hospital.gr','6983140807','2018-01-15','doctor'),
(5,'19086300005','1963-08-19','Dimitris','Papadopoulos','emp5@hospital.gr','6931429110','2018-01-15','doctor'),
(6,'05056500006','1965-05-05','Stelios','Nikolaou','emp6@hospital.gr','6923718431','2007-01-15','doctor'),
(7,'12026600007','1966-02-12','Anna','Karagiannis','emp7@hospital.gr','6945503389','2006-01-15','doctor'),
(8,'18087100008','1971-08-18','Maria','Alexiou','emp8@hospital.gr','6920576383','2022-01-15','doctor'),
(9,'20116400009','1964-11-20','Anna','Athanasiou','emp9@hospital.gr','6935808537','2007-01-15','doctor'),
(10,'08116000010','1960-11-08','Michalis','Rapti','emp10@hospital.gr','6920709497','2012-01-15','doctor'),
(11,'09076100011','1961-07-09','Christina','Christodoulou','emp11@hospital.gr','6958966946','2010-01-15','doctor'),
(12,'07066500012','1965-06-07','Eirini','Vlachos','emp12@hospital.gr','6996977837','2007-01-15','doctor'),
(13,'06116900013','1969-11-06','Nikolas','Savva','emp13@hospital.gr','6931931511','2019-01-15','doctor'),
(14,'21056600014','1966-05-21','Stefanos','Zachariou','emp14@hospital.gr','6939476249','2015-01-15','doctor'),
(15,'08017200015','1972-01-08','Thanasis','Konstantinou','emp15@hospital.gr','6952339391','2017-01-15','doctor'),
(16,'07027900016','1979-02-07','Ilias','Nikolaou','emp16@hospital.gr','6938538251','2020-01-15','doctor'),
(17,'15118100017','1981-11-15','Eleni','Vlachos','emp17@hospital.gr','6928740864','2012-01-15','doctor'),
(18,'18098600018','1986-09-18','Dimitris','Athanasiou','emp18@hospital.gr','6967503414','2020-01-15','doctor'),
(19,'05048000019','1980-04-05','Georgia','Dimitriou','emp19@hospital.gr','6922201654','2006-01-15','doctor'),
(20,'05028800020','1988-02-05','Tasos','Makris','emp20@hospital.gr','6966661351','2019-01-15','doctor'),
(21,'13077600021','1976-07-13','Alexandra','Markou','emp21@hospital.gr','6981016525','2013-01-15','doctor'),
(22,'22018300022','1983-01-22','Theodora','Lekkas','emp22@hospital.gr','6982070937','2013-01-15','doctor'),
(23,'11118700023','1987-11-11','Maria','Rapti','emp23@hospital.gr','6968353204','2011-01-15','doctor'),
(24,'24018200024','1982-01-24','Theodora','Vlachos','emp24@hospital.gr','6977187530','2010-01-15','doctor'),
(25,'28028300025','1983-02-28','Tasos','Rapti','emp25@hospital.gr','6995758349','2021-01-15','doctor'),
(26,'05048400026','1984-04-05','Anna','Makris','emp26@hospital.gr','6982394227','2022-01-15','doctor'),
(27,'11107500027','1975-10-11','Panagiotis','Papadopoulos','emp27@hospital.gr','6925014631','2016-01-15','doctor'),
(28,'08058800028','1988-05-08','Nikos','Savva','emp28@hospital.gr','6986149359','2011-01-15','doctor'),
(29,'16127600029','1976-12-16','Thanasis','Georgiou','emp29@hospital.gr','6981498611','2009-01-15','doctor'),
(30,'16117700030','1977-11-16','Nikolas','Makris','emp30@hospital.gr','6945575298','2021-01-15','doctor'),
(31,'14108800031','1988-10-14','Stelios','Zachariou','emp31@hospital.gr','6936998038','2021-01-15','doctor'),
(32,'22077900032','1979-07-22','Tasos','Papadaki','emp32@hospital.gr','6968800797','2021-01-15','doctor'),
(33,'08028200033','1982-02-08','Katerina','Georgiou','emp33@hospital.gr','6955377076','2005-01-15','doctor'),
(34,'08098400034','1984-09-08','Ilias','Savva','emp34@hospital.gr','6910965138','2008-01-15','doctor'),
(35,'02118600035','1986-11-02','Katerina','Georgiou','emp35@hospital.gr','6914216175','2018-01-15','doctor'),
(36,'08097600036','1976-09-08','Dimitris','Stavrou','emp36@hospital.gr','6975151231','2011-01-15','doctor'),
(37,'24038300037','1983-03-24','Ilias','Athanasiou','emp37@hospital.gr','6973440831','2012-01-15','doctor'),
(38,'26088700038','1987-08-26','Loukas','Pappas','emp38@hospital.gr','6922660194','2010-01-15','doctor'),
(39,'12078500039','1985-07-12','Loukas','Stergiou','emp39@hospital.gr','6972682989','2008-01-15','doctor'),
(40,'21118500040','1985-11-21','Maria','Konstantinou','emp40@hospital.gr','6964038913','2017-01-15','doctor'),
(41,'08028700041','1987-02-08','Stelios','Pappas','emp41@hospital.gr','6981979055','2016-01-15','doctor'),
(42,'06077700042','1977-07-06','Dimitris','Markou','emp42@hospital.gr','6943528453','2007-01-15','doctor'),
(43,'04098200043','1982-09-04','Nikos','Christodoulou','emp43@hospital.gr','6982556484','2005-01-15','doctor'),
(44,'06047600044','1976-04-06','Loukas','Dimitriou','emp44@hospital.gr','6974606833','2011-01-15','doctor'),
(45,'02078800045','1988-07-02','Kostas','Alexiou','emp45@hospital.gr','6910289289','2016-01-15','doctor'),
(46,'10087900046','1979-08-10','Loukas','Zachariou','emp46@hospital.gr','6998834863','2020-01-15','doctor'),
(47,'10047700047','1977-04-10','Stelios','Konstantinou','emp47@hospital.gr','6987736262','2022-01-15','doctor'),
(48,'11127500048','1975-12-11','Nikos','Konstantinou','emp48@hospital.gr','6988406989','2020-01-15','doctor'),
(49,'06098300049','1983-09-06','Nikos','Oikonomou','emp49@hospital.gr','6920752378','2010-01-15','doctor'),
(50,'03107600050','1976-10-03','Eirini','Savva','emp50@hospital.gr','6964193837','2008-01-15','doctor'),
(51,'19049500051','1995-04-19','Alexandra','Konstantinou','emp51@hospital.gr','6993131979','2017-01-15','doctor'),
(52,'19119400052','1994-11-19','Ilias','Oikonomou','emp52@hospital.gr','6952462441','2020-01-15','doctor'),
(53,'23119200053','1992-11-23','Vasilis','Savva','emp53@hospital.gr','6945650176','2020-01-15','doctor'),
(54,'21119200054','1992-11-21','Sofia','Markou','emp54@hospital.gr','6952436584','2015-01-15','doctor'),
(55,'20089100055','1991-08-20','Ilias','Lekkas','emp55@hospital.gr','6919832887','2021-01-15','doctor'),
(56,'09099200056','1992-09-09','Eleni','Papadaki','emp56@hospital.gr','6919233013','2017-01-15','doctor'),
(57,'06059300057','1993-05-06','Christina','Zachariou','emp57@hospital.gr','6950603163','2023-01-15','doctor'),
(58,'27119100058','1991-11-27','Nikolas','Rapti','emp58@hospital.gr','6999038526','2014-01-15','doctor'),
(59,'04059200059','1992-05-04','Maria','Zachariou','emp59@hospital.gr','6930863865','2018-01-15','doctor'),
(60,'07109300060','1993-10-07','Stefanos','Nikolaou','emp60@hospital.gr','6937326368','2019-01-15','doctor'),
(61,'09089500061','1995-08-09','Nikos','Georgiou','emp61@hospital.gr','6995132217','2020-01-15','doctor'),
(62,'01019300062','1993-01-01','Vasilis','Diamanti','emp62@hospital.gr','6995511909','2019-01-15','doctor'),
(63,'15129200063','1992-12-15','Nikolas','Stergiou','emp63@hospital.gr','6985283645','2014-01-15','doctor'),
(64,'23029100064','1991-02-23','Eleni','Zachariou','emp64@hospital.gr','6914835614','2018-01-15','doctor'),
(65,'05099500065','1995-09-05','Loukas','Diamanti','emp65@hospital.gr','6915614174','2019-01-15','doctor'),
(66,'12019300066','1993-01-12','Stelios','Stavrou','emp66@hospital.gr','6943491314','2016-01-15','doctor'),
(67,'28099300067','1993-09-28','Loukas','Karagiannis','emp67@hospital.gr','6930743797','2018-01-15','doctor'),
(68,'14039200068','1992-03-14','Giannis','Makris','emp68@hospital.gr','6954585178','2020-01-15','doctor'),
(69,'26129600069','1996-12-26','Katerina','Vlachos','emp69@hospital.gr','6931367172','2023-01-15','doctor'),
(70,'28079100070','1991-07-28','Nikos','Dimitriou','emp70@hospital.gr','6939854548','2016-01-15','doctor'),
(71,'10069400071','1994-06-10','Thanasis','Savva','emp71@hospital.gr','6939920292','2016-01-15','doctor'),
(72,'13049600072','1996-04-13','Vasilis','Vlachos','emp72@hospital.gr','6919317495','2020-01-15','doctor'),
(73,'17119300073','1993-11-17','Petros','Stavrou','emp73@hospital.gr','6981969657','2020-01-15','doctor'),
(74,'09029100074','1991-02-09','Kostas','Athanasiou','emp74@hospital.gr','6945630292','2013-01-15','doctor'),
(75,'14109100075','1991-10-14','Anna','Nikolaou','emp75@hospital.gr','6968571795','2022-01-15','doctor'),
(76,'13029500076','1995-02-13','Ilias','Pappas','emp76@hospital.gr','6944188276','2017-01-15','doctor'),
(77,'01079600077','1996-07-01','Georgia','Zachariou','emp77@hospital.gr','6936445607','2020-01-15','doctor'),
(78,'22029400078','1994-02-22','Vasilis','Karagiannis','emp78@hospital.gr','6952133044','2017-01-15','doctor'),
(79,'17059600079','1996-05-17','Sofia','Stavrou','emp79@hospital.gr','6964813568','2020-01-15','doctor'),
(80,'10129400080','1994-12-10','Nikolas','Diamanti','emp80@hospital.gr','6935748341','2022-01-15','doctor'),
(81,'22079100081','1991-07-22','Theodora','Makris','emp81@hospital.gr','6992613013','2022-01-15','nurse'),
(82,'18077900082','1979-07-18','Thanasis','Papadopoulos','emp82@hospital.gr','6950785405','2014-01-15','nurse'),
(83,'26077600083','1976-07-26','Ilias','Karagiannis','emp83@hospital.gr','6997873101','2015-01-15','nurse'),
(84,'15088400084','1984-08-15','Eirini','Pappas','emp84@hospital.gr','6978608612','2021-01-15','nurse'),
(85,'06129500085','1995-12-06','Eirini','Georgiou','emp85@hospital.gr','6948089166','2021-01-15','nurse'),
(86,'20119100086','1991-11-20','Vasilis','Georgiou','emp86@hospital.gr','6941523529','2023-01-15','nurse'),
(87,'26047900087','1979-04-26','Stelios','Diamanti','emp87@hospital.gr','6913278320','2006-01-15','nurse'),
(88,'20087700088','1977-08-20','Michalis','Georgiou','emp88@hospital.gr','6971124923','2018-01-15','nurse'),
(89,'19119800089','1998-11-19','Stelios','Alexiou','emp89@hospital.gr','6976354180','2023-01-15','nurse'),
(90,'21037700090','1977-03-21','Stefanos','Papadopoulos','emp90@hospital.gr','6924305904','2018-01-15','nurse'),
(91,'26037700091','1977-03-26','Stefanos','Oikonomou','emp91@hospital.gr','6972350830','2006-01-15','nurse'),
(92,'28048700092','1987-04-28','Maria','Markou','emp92@hospital.gr','6927896471','2021-01-15','nurse'),
(93,'17118400093','1984-11-17','Nikolas','Karagiannis','emp93@hospital.gr','6952587010','2020-01-15','nurse'),
(94,'17128900094','1989-12-17','Loukas','Zachariou','emp94@hospital.gr','6969849511','2013-01-15','nurse'),
(95,'15089300095','1993-08-15','Dimitris','Savva','emp95@hospital.gr','6995585469','2019-01-15','nurse'),
(96,'16099400096','1994-09-16','Tasos','Savva','emp96@hospital.gr','6946855845','2023-01-15','nurse'),
(97,'10127200097','1972-12-10','Katerina','Vlachos','emp97@hospital.gr','6955076693','2015-01-15','nurse'),
(98,'03099800098','1998-09-03','Eleni','Diamanti','emp98@hospital.gr','6941039390','2023-01-15','nurse'),
(99,'23039200099','1992-03-23','Stelios','Georgiou','emp99@hospital.gr','6965682626','2020-01-15','nurse'),
(100,'15098000100','1980-09-15','Loukas','Konstantinou','emp100@hospital.gr','6937760841','2018-01-15','nurse'),
(101,'23108200101','1982-10-23','Giannis','Athanasiou','emp101@hospital.gr','6961053877','2020-01-15','nurse'),
(102,'10067000102','1970-06-10','Michalis','Alexiou','emp102@hospital.gr','6966240084','2022-01-15','nurse'),
(103,'18129300103','1993-12-18','Niki','Karagiannis','emp103@hospital.gr','6939600202','2022-01-15','nurse'),
(104,'14057700104','1977-05-14','Panagiotis','Papadopoulos','emp104@hospital.gr','6962191530','2015-01-15','nurse'),
(105,'26119100105','1991-11-26','Petros','Makris','emp105@hospital.gr','6972732043','2015-01-15','nurse'),
(106,'01098900106','1989-09-01','Petros','Athanasiou','emp106@hospital.gr','6985751409','2021-01-15','nurse'),
(107,'21027000107','1970-02-21','Loukas','Diamanti','emp107@hospital.gr','6971968116','2010-01-15','nurse'),
(108,'13057100108','1971-05-13','Vasilis','Pappas','emp108@hospital.gr','6971028710','2015-01-15','nurse'),
(109,'09078000109','1980-07-09','Michalis','Stergiou','emp109@hospital.gr','6943859311','2007-01-15','nurse'),
(110,'24018500110','1985-01-24','Nikolas','Konstantinou','emp110@hospital.gr','6956970882','2014-01-15','nurse'),
(111,'25029000111','1990-02-25','Tasos','Konstantinou','emp111@hospital.gr','6914164775','2015-01-15','nurse'),
(112,'20017600112','1976-01-20','Eleni','Savva','emp112@hospital.gr','6926941092','2020-01-15','nurse'),
(113,'19029100113','1991-02-19','Stelios','Markou','emp113@hospital.gr','6944392446','2018-01-15','nurse'),
(114,'20107500114','1975-10-20','Theodora','Lekkas','emp114@hospital.gr','6931980274','2014-01-15','nurse'),
(115,'01107300115','1973-10-01','Sofia','Athanasiou','emp115@hospital.gr','6960372847','2017-01-15','nurse'),
(116,'03049200116','1992-04-03','Ilias','Christodoulou','emp116@hospital.gr','6942594692','2015-01-15','nurse'),
(117,'28059200117','1992-05-28','Eirini','Karagiannis','emp117@hospital.gr','6926247735','2023-01-15','nurse'),
(118,'12019500118','1995-01-12','Nikolas','Stergiou','emp118@hospital.gr','6998787891','2019-01-15','nurse'),
(119,'21097200119','1972-09-21','Vasilis','Papadopoulos','emp119@hospital.gr','6966379329','2020-01-15','nurse'),
(120,'12077300120','1973-07-12','Tasos','Markou','emp120@hospital.gr','6930534124','2018-01-15','nurse'),
(121,'17127500121','1975-12-17','Tasos','Vlachos','emp121@hospital.gr','6992666356','2022-01-15','nurse'),
(122,'15089400122','1994-08-15','Loukas','Athanasiou','emp122@hospital.gr','6946023439','2021-01-15','nurse'),
(123,'27049700123','1997-04-27','Andreas','Vlachos','emp123@hospital.gr','6970505620','2020-01-15','nurse'),
(124,'19089400124','1994-08-19','Alexandra','Stavrou','emp124@hospital.gr','6960867083','2021-01-15','nurse'),
(125,'28087000125','1970-08-28','Vasilis','Makris','emp125@hospital.gr','6975437844','2011-01-15','nurse'),
(126,'11058100126','1981-05-11','Dimitris','Karagiannis','emp126@hospital.gr','6947080140','2022-01-15','nurse'),
(127,'07097000127','1970-09-07','Andreas','Savva','emp127@hospital.gr','6964549859','2020-01-15','nurse'),
(128,'23048700128','1987-04-23','Panagiotis','Christodoulou','emp128@hospital.gr','6975876924','2016-01-15','nurse'),
(129,'03019500129','1995-01-03','Sofia','Savva','emp129@hospital.gr','6964277800','2022-01-15','nurse'),
(130,'22057700130','1977-05-22','Ilias','Papadaki','emp130@hospital.gr','6973519947','2022-01-15','nurse'),
(131,'14068600131','1986-06-14','Theodora','Zachariou','emp131@hospital.gr','6954398056','2019-01-15','nurse'),
(132,'09089200132','1992-08-09','Sofia','Vlachos','emp132@hospital.gr','6940942292','2015-01-15','nurse'),
(133,'11049300133','1993-04-11','Maria','Zachariou','emp133@hospital.gr','6934850391','2018-01-15','nurse'),
(134,'16127600134','1976-12-16','Dimitris','Athanasiou','emp134@hospital.gr','6980415568','2014-01-15','nurse'),
(135,'10047300135','1973-04-10','Katerina','Papadaki','emp135@hospital.gr','6934084236','2014-01-15','nurse'),
(136,'18127000136','1970-12-18','Eleni','Vlachos','emp136@hospital.gr','6916109013','2006-01-15','nurse'),
(137,'23058700137','1987-05-23','Eleni','Christodoulou','emp137@hospital.gr','6975884623','2010-01-15','nurse'),
(138,'19019700138','1997-01-19','Sofia','Dimitriou','emp138@hospital.gr','6974251933','2022-01-15','nurse'),
(139,'02038000139','1980-03-02','Dimitris','Dimitriou','emp139@hospital.gr','6925312516','2007-01-15','nurse'),
(140,'03088200140','1982-08-03','Ilias','Christodoulou','emp140@hospital.gr','6917195288','2009-01-15','nurse'),
(141,'10106900141','1969-10-10','Andreas','Savva','emp141@hospital.gr','6925898299','2022-01-15','administrative_staff'),
(142,'20078900142','1989-07-20','Alexandra','Karagiannis','emp142@hospital.gr','6940291214','2023-01-15','administrative_staff'),
(143,'15078100143','1981-07-15','Christina','Rapti','emp143@hospital.gr','6988990506','2018-01-15','administrative_staff'),
(144,'20107400144','1974-10-20','Nikos','Karagiannis','emp144@hospital.gr','6923318904','2011-01-15','administrative_staff'),
(145,'09048500145','1985-04-09','Eirini','Georgiou','emp145@hospital.gr','6931079846','2014-01-15','administrative_staff'),
(146,'03097000146','1970-09-03','Kostas','Papadopoulos','emp146@hospital.gr','6964830300','2019-01-15','administrative_staff'),
(147,'16108700147','1987-10-16','Sofia','Konstantinou','emp147@hospital.gr','6941068214','2013-01-15','administrative_staff'),
(148,'23058700148','1987-05-23','Christina','Georgiou','emp148@hospital.gr','6941329612','2023-01-15','administrative_staff'),
(149,'19117300149','1973-11-19','Eirini','Pappas','emp149@hospital.gr','6967061186','2008-01-15','administrative_staff'),
(150,'21048200150','1982-04-21','Eleni','Vlachos','emp150@hospital.gr','6929090631','2007-01-15','administrative_staff'),
(151,'26036600151','1966-03-26','Sofia','Karagiannis','emp151@hospital.gr','6986397676','2014-01-15','administrative_staff'),
(152,'15027900152','1979-02-15','Stefanos','Rapti','emp152@hospital.gr','6964023778','2013-01-15','administrative_staff'),
(153,'16098100153','1981-09-16','Christina','Georgiou','emp153@hospital.gr','6990267122','2006-01-15','administrative_staff'),
(154,'11127800154','1978-12-11','Alexandra','Vlachos','emp154@hospital.gr','6913471527','2007-01-15','administrative_staff'),
(155,'27117200155','1972-11-27','Ilias','Athanasiou','emp155@hospital.gr','6912784407','2013-01-15','administrative_staff'),
(156,'25018300156','1983-01-25','Michalis','Makris','emp156@hospital.gr','6973149551','2021-01-15','administrative_staff'),
(157,'09088500157','1985-08-09','Kostas','Athanasiou','emp157@hospital.gr','6968503492','2022-01-15','administrative_staff'),
(158,'12086700158','1967-08-12','Loukas','Nikolaou','emp158@hospital.gr','6953091709','2008-01-15','administrative_staff'),
(159,'14067000159','1970-06-14','Stefanos','Dimitriou','emp159@hospital.gr','6948683937','2017-01-15','administrative_staff'),
(160,'02098900160','1989-09-02','Christina','Georgiou','emp160@hospital.gr','6952213778','2015-01-15','administrative_staff'),
(161,'25027500161','1975-02-25','Petros','Oikonomou','emp161@hospital.gr','6910154493','2022-01-15','administrative_staff'),
(162,'02077900162','1979-07-02','Stelios','Oikonomou','emp162@hospital.gr','6958557203','2020-01-15','administrative_staff'),
(163,'25088500163','1985-08-25','Nikos','Pappas','emp163@hospital.gr','6945843681','2011-01-15','administrative_staff'),
(164,'23087400164','1974-08-23','Panagiotis','Lekkas','emp164@hospital.gr','6913874790','2012-01-15','administrative_staff'),
(165,'10038700165','1987-03-10','Nikolas','Papadopoulos','emp165@hospital.gr','6984121929','2015-01-15','administrative_staff'),
(166,'27046700166','1967-04-27','Maria','Markou','emp166@hospital.gr','6925766039','2009-01-15','administrative_staff'),
(167,'10128000167','1980-12-10','Georgia','Vlachos','emp167@hospital.gr','6965766169','2020-01-15','administrative_staff'),
(168,'15048000168','1980-04-15','Nikolas','Diamanti','emp168@hospital.gr','6961484043','2011-01-15','administrative_staff'),
(169,'24098400169','1984-09-24','Eleni','Georgiou','emp169@hospital.gr','6947077298','2019-01-15','administrative_staff'),
(170,'09097500170','1975-09-09','Thanasis','Papadopoulos','emp170@hospital.gr','6947962005','2014-01-15','administrative_staff');

INSERT IGNORE INTO doctor (doctor_id,employee_id,grade_id,specialty_id,supervisor_doctor_id, license_number) VALUES
(1,1,4,1,NULL,'LIC001'),
(2,2,4,2,NULL,'LIC002'),
(3,3,4,3,NULL,'LIC003'),
(4,4,4,4,NULL,'LIC004'),
(5,5,4,5,NULL,'LIC005'),
(6,6,4,6,NULL,'LIC006'),
(7,7,4,7,NULL,'LIC007'),
(8,8,4,8,NULL,'LIC008'),
(9,9,4,9,NULL,'LIC009'),
(10,10,4,10,NULL,'LIC010'),
(11,11,4,1,NULL,'LIC011'),
(12,12,4,2,NULL,'LIC012'),
(13,13,4,3,NULL,'LIC013'),
(14,14,4,4,NULL,'LIC014'),
(15,15,4,5,NULL,'LIC015'),
(16,16,3,6,2,'LIC016'),
(17,17,3,7,12,'LIC017'),
(18,18,3,8,2,'LIC018'),
(19,19,3,9,8,'LIC019'),
(20,20,3,10,8,'LIC020'),
(21,21,3,1,13,'LIC021'),
(22,22,3,2,6,'LIC022'),
(23,23,3,3,9,'LIC023'),
(24,24,3,4,10,'LIC024'),
(25,25,3,5,2,'LIC025'),
(26,26,3,6,8,'LIC026'),
(27,27,3,7,9,'LIC027'),
(28,28,3,8,4,'LIC028'),
(29,29,3,9,10,'LIC029'),
(30,30,3,10,1,'LIC030'),
(31,31,2,1,27,'LIC031'),
(32,32,2,2,28,'LIC032'),
(33,33,2,3,30,'LIC033'),
(34,34,2,4,29,'LIC034'),
(35,35,2,5,26,'LIC035'),
(36,36,2,6,24,'LIC036'),
(37,37,2,7,20,'LIC037'),
(38,38,2,8,23,'LIC038'),
(39,39,2,9,26,'LIC039'),
(40,40,2,10,16,'LIC040'),
(41,41,2,1,16,'LIC041'),
(42,42,2,2,23,'LIC042'),
(43,43,2,3,29,'LIC043'),
(44,44,2,4,22,'LIC044'),
(45,45,2,5,22,'LIC045'),
(46,46,2,6,26,'LIC046'),
(47,47,2,7,17,'LIC047'),
(48,48,2,8,23,'LIC048'),
(49,49,2,9,27,'LIC049'),
(50,50,2,10,30,'LIC050'),
(51,51,1,1,44,'LIC051'),
(52,52,1,2,20,'LIC052'),
(53,53,1,3,21,'LIC053'),
(54,54,1,4,36,'LIC054'),
(55,55,1,5,25,'LIC055'),
(56,56,1,6,20,'LIC056'),
(57,57,1,7,24,'LIC057'),
(58,58,1,8,33,'LIC058'),
(59,59,1,9,36,'LIC059'),
(60,60,1,10,40,'LIC060'),
(61,61,1,1,49,'LIC061'),
(62,62,1,2,34,'LIC062'),
(63,63,1,3,45,'LIC063'),
(64,64,1,4,48,'LIC064'),
(65,65,1,5,43,'LIC065'),
(66,66,1,6,22,'LIC066'),
(67,67,1,7,23,'LIC067'),
(68,68,1,8,29,'LIC068'),
(69,69,1,9,43,'LIC069'),
(70,70,1,10,44,'LIC070'),
(71,71,1,1,30,'LIC071'),
(72,72,1,2,42,'LIC072'),
(73,73,1,3,37,'LIC073'),
(74,74,1,4,45,'LIC074'),
(75,75,1,5,41,'LIC075'),
(76,76,1,6,42,'LIC076'),
(77,77,1,7,22,'LIC077'),
(78,78,1,8,36,'LIC078'),
(79,79,1,9,43,'LIC079'),
(80,80,1,10,36,'LIC080');

INSERT IGNORE INTO hospital_department (department_id,department_name,dep_description,dep_building,dep_floor,department_director) VALUES
(1,'Cardiology','Cardiology dept','A',1,1),
(2,'Surgery','Surgery dept','B',2,2),
(3,'ICU','Intensive Care Unit','C',3,3),
(4,'Emergency','Emergency dept','A',0,4),
(5,'Internal Medicine','Internal Medicine','B',1,5),
(6,'Orthopedics','Ortho','C',2,6),
(7,'Neurology','Neurology','A',3,7),
(8,'Radiology','Radiology','B',0,8),
(9,'Pediatrics','Pediatrics','C',1,9),
(10,'Obstetrics','Obstetrics','A',2,10),
(11,'Urology','Urology','B',3,11),
(12,'Ophthalmology','Ophthalmology','C',0,12),
(13,'Dermatology','Dermatology','A',4,13),
(14,'Pulmonology','Pulmonology','B',4,14),
(15,'Gastroenterology','Gastroenterology','C',4,15);

INSERT IGNORE INTO doctor_department (doctor_id,department_id) VALUES
(1,1),
(2,2),
(3,3),
(4,4),
(5,3),
(5,5),
(6,6),
(7,7),
(8,8),
(8,11),
(9,9),
(10,9),
(10,10),
(11,7),
(11,11),
(12,12),
(13,5),
(13,13),
(14,14),
(15,15),
(16,1),
(17,1),
(17,2),
(18,3),
(18,13),
(19,4),
(20,5),
(21,6),
(22,7),
(23,8),
(24,9),
(25,10),
(26,11),
(27,7),
(27,12),
(28,11),
(28,13),
(29,14),
(30,15),
(31,1),
(32,2),
(32,7),
(33,3),
(34,4),
(35,5),
(36,3),
(36,6),
(37,7),
(38,8),
(39,8),
(39,9),
(40,10),
(41,7),
(41,11),
(42,12),
(43,9),
(43,13),
(44,14),
(45,15),
(46,1),
(46,14),
(47,2),
(48,3),
(49,4),
(50,5),
(50,6),
(51,6),
(52,7),
(53,8),
(54,9),
(55,1),
(55,10),
(56,11),
(57,10),
(57,12),
(58,13),
(59,14),
(60,15),
(61,1),
(62,2),
(62,7),
(63,3),
(64,4),
(65,5),
(66,6),
(67,7),
(68,8),
(69,9),
(70,10),
(71,11),
(72,12),
(72,13),
(73,13),
(74,14),
(75,15),
(76,1),
(77,2),
(77,3),
(78,3),
(79,3),
(79,4),
(80,5);

INSERT IGNORE INTO `nurse` (`nurse_id`,`employee_id`,`nurse_grade_id`,`hospital_department_id`,`supervisor_nurse_id`) VALUES
(1,81,1,1,NULL),
(2,82,1,2,NULL),
(3,83,1,3,NULL),
(4,84,1,4,NULL),
(5,85,1,5,NULL),
(6,86,1,6,NULL),
(7,87,1,7,NULL),
(8,88,1,8,NULL),
(9,89,1,9,NULL),
(10,90,1,10,NULL),
(11,91,1,11,NULL),
(12,92,1,12,NULL),
(13,93,1,13,NULL),
(14,94,1,14,NULL),
(15,95,1,15,NULL),
(16,96,2,1,11),
(17,97,2,2,2),
(18,98,2,3,3),
(19,99,2,4,13),
(20,100,2,5,11),
(21,101,2,6,8),
(22,102,2,7,8),
(23,103,2,8,13),
(24,104,2,9,10),
(25,105,2,10,13),
(26,106,2,11,10),
(27,107,2,12,8),
(28,108,2,13,11),
(29,109,2,14,15),
(30,110,2,15,15),
(31,111,2,1,10),
(32,112,2,2,11),
(33,113,2,3,11),
(34,114,2,4,10),
(35,115,2,5,6),
(36,116,2,6,14),
(37,117,2,7,11),
(38,118,2,8,6),
(39,119,2,9,3),
(40,120,2,10,8),
(41,121,3,11,2),
(42,122,3,12,8),
(43,123,3,13,8),
(44,124,3,14,11),
(45,125,3,15,5),
(46,126,3,1,13),
(47,127,3,2,5),
(48,128,3,3,10),
(49,129,3,4,1),
(50,130,3,5,6),
(51,131,3,6,9),
(52,132,3,7,2),
(53,133,3,8,5),
(54,134,3,9,8),
(55,135,3,10,8),
(56,136,3,11,1),
(57,137,3,12,1),
(58,138,3,13,6),
(59,139,3,14,14),
(60,140,3,15,5);


INSERT IGNORE INTO `administrative_staff` (`staff_id`,`staff_office`,`employee_id`,`department_id`,`role_id`) VALUES
(1,'OFF001',141,1,1),
(2,'OFF002',142,2,3),
(3,'OFF003',143,3,1),
(4,'OFF004',144,4,3),
(5,'OFF005',145,5,3),
(6,'OFF006',146,6,3),
(7,'OFF007',147,7,2),
(8,'OFF008',148,8,2),
(9,'OFF009',149,9,3),
(10,'OFF010',150,10,3),
(11,'OFF011',151,11,3),
(12,'OFF012',152,12,1),
(13,'OFF013',153,13,2),
(14,'OFF014',154,14,3),
(15,'OFF015',155,15,3),
(16,'OFF016',156,1,1),
(17,'OFF017',157,2,2),
(18,'OFF018',158,3,3),
(19,'OFF019',159,4,2),
(20,'OFF020',160,5,3),
(21,'OFF021',161,6,1),
(22,'OFF022',162,7,1),
(23,'OFF023',163,8,2),
(24,'OFF024',164,9,1),
(25,'OFF025',165,10,2),
(26,'OFF026',166,11,3),
(27,'OFF027',167,12,1),
(28,'OFF028',168,13,3),
(29,'OFF029',169,14,3),
(30,'OFF030',170,15,1);

INSERT IGNORE INTO `department_room` (`room_id`,`room_type`,`room_status`,`hospital_department_id`) VALUES
(1,'Single Bed Patient Room','Available',1),
(2,'Multi Bed Patient Room','Under Maintenance',1),
(3,'Single Bed Patient Room','Available',1),
(4,'Single Bed Patient Room','Occupied',1),
(5,'Single Bed Patient Room','Available',1),
(6,'Multi Bed Patient Room','Occupied',1),
(7,'Single Bed Patient Room','Available',1),
(8,'Single Bed Patient Room','Available',1),
(9,'Multi Bed Patient Room','Available',1),
(10,'Single Bed Patient Room','Available',1),
(1,'Surgery Room','Available',2),
(2,'Surgery Room','Occupied',2),
(3,'Surgery Room','Available',2),
(4,'Surgery Room','Available',2),
(5,'Surgery Room','Occupied',2),
(6,'Surgery Room','Occupied',2),
(7,'Single Bed Patient Room','Available',2),
(8,'Single Bed Patient Room','Occupied',2),
(9,'Single Bed Patient Room','Available',2),
(10,'Single Bed Patient Room','Available',2),
(1,'Intensive Care Unit','Available',3),
(2,'Intensive Care Unit','Available',3),
(3,'Intensive Care Unit','Available',3),
(4,'Intensive Care Unit','Occupied',3),
(5,'Intensive Care Unit','Occupied',3),
(6,'Intensive Care Unit','Occupied',3),
(7,'Intensive Care Unit','Available',3),
(8,'Intensive Care Unit','Available',3),
(9,'Intensive Care Unit','Available',3),
(10,'Intensive Care Unit','Available',3),
(1,'Multi Bed Patient Room','Occupied',4),
(2,'Multi Bed Patient Room','Occupied',4),
(3,'Single Bed Patient Room','Under Maintenance',4),
(4,'Multi Bed Patient Room','Available',4),
(5,'Multi Bed Patient Room','Available',4),
(6,'Multi Bed Patient Room','Under Maintenance',4),
(7,'Multi Bed Patient Room','Available',4),
(8,'Multi Bed Patient Room','Available',4),
(9,'Single Bed Patient Room','Occupied',4),
(10,'Multi Bed Patient Room','Occupied',4),
(1,'Multi Bed Patient Room','Occupied',5),
(2,'Single Bed Patient Room','Occupied',5),
(3,'Multi Bed Patient Room','Available',5),
(4,'Single Bed Patient Room','Occupied',5),
(5,'Single Bed Patient Room','Occupied',5),
(6,'Single Bed Patient Room','Available',5),
(7,'Multi Bed Patient Room','Available',5),
(8,'Multi Bed Patient Room','Occupied',5),
(9,'Single Bed Patient Room','Occupied',5),
(10,'Multi Bed Patient Room','Occupied',5),
(1,'Single Bed Patient Room','Available',6),
(2,'Multi Bed Patient Room','Available',6),
(3,'Multi Bed Patient Room','Occupied',6),
(4,'Multi Bed Patient Room','Occupied',6),
(5,'Multi Bed Patient Room','Under Maintenance',6),
(6,'Multi Bed Patient Room','Occupied',6),
(7,'Multi Bed Patient Room','Occupied',6),
(8,'Multi Bed Patient Room','Under Maintenance',6),
(9,'Single Bed Patient Room','Occupied',6),
(10,'Single Bed Patient Room','Occupied',6),
(1,'Multi Bed Patient Room','Under Maintenance',7),
(2,'Multi Bed Patient Room','Available',7),
(3,'Multi Bed Patient Room','Available',7),
(4,'Single Bed Patient Room','Available',7),
(5,'Multi Bed Patient Room','Available',7),
(6,'Multi Bed Patient Room','Available',7),
(7,'Single Bed Patient Room','Available',7),
(8,'Multi Bed Patient Room','Occupied',7),
(9,'Single Bed Patient Room','Occupied',7),
(10,'Multi Bed Patient Room','Occupied',7),
(1,'Multi Bed Patient Room','Occupied',8),
(2,'Single Bed Patient Room','Available',8),
(3,'Single Bed Patient Room','Available',8),
(4,'Multi Bed Patient Room','Available',8),
(5,'Single Bed Patient Room','Occupied',8),
(6,'Single Bed Patient Room','Available',8),
(7,'Multi Bed Patient Room','Occupied',8),
(8,'Multi Bed Patient Room','Available',8),
(9,'Single Bed Patient Room','Occupied',8),
(10,'Single Bed Patient Room','Occupied',8),
(1,'Multi Bed Patient Room','Occupied',9),
(2,'Multi Bed Patient Room','Available',9),
(3,'Multi Bed Patient Room','Available',9),
(4,'Multi Bed Patient Room','Under Maintenance',9),
(5,'Multi Bed Patient Room','Available',9),
(6,'Multi Bed Patient Room','Available',9),
(7,'Multi Bed Patient Room','Available',9),
(8,'Multi Bed Patient Room','Available',9),
(9,'Single Bed Patient Room','Occupied',9),
(10,'Multi Bed Patient Room','Available',9),
(1,'Single Bed Patient Room','Occupied',10),
(2,'Single Bed Patient Room','Available',10),
(3,'Multi Bed Patient Room','Available',10),
(4,'Single Bed Patient Room','Occupied',10),
(5,'Single Bed Patient Room','Available',10),
(6,'Single Bed Patient Room','Available',10),
(7,'Single Bed Patient Room','Available',10),
(8,'Single Bed Patient Room','Occupied',10),
(9,'Single Bed Patient Room','Available',10),
(10,'Single Bed Patient Room','Under Maintenance',10),
(1,'Multi Bed Patient Room','Occupied',11),
(2,'Single Bed Patient Room','Occupied',11),
(3,'Single Bed Patient Room','Available',11),
(4,'Multi Bed Patient Room','Occupied',11),
(5,'Single Bed Patient Room','Available',11),
(6,'Single Bed Patient Room','Available',11),
(7,'Single Bed Patient Room','Available',11),
(8,'Multi Bed Patient Room','Available',11),
(9,'Single Bed Patient Room','Available',11),
(10,'Multi Bed Patient Room','Available',11),
(1,'Single Bed Patient Room','Available',12),
(2,'Single Bed Patient Room','Occupied',12),
(3,'Single Bed Patient Room','Occupied',12),
(4,'Multi Bed Patient Room','Available',12),
(5,'Single Bed Patient Room','Available',12),
(6,'Multi Bed Patient Room','Occupied',12),
(7,'Multi Bed Patient Room','Occupied',12),
(8,'Multi Bed Patient Room','Occupied',12),
(9,'Multi Bed Patient Room','Available',12),
(10,'Single Bed Patient Room','Available',12),
(1,'Single Bed Patient Room','Available',13),
(2,'Multi Bed Patient Room','Occupied',13),
(3,'Multi Bed Patient Room','Available',13),
(4,'Multi Bed Patient Room','Available',13),
(5,'Multi Bed Patient Room','Available',13),
(6,'Single Bed Patient Room','Occupied',13),
(7,'Single Bed Patient Room','Available',13),
(8,'Single Bed Patient Room','Available',13),
(9,'Multi Bed Patient Room','Available',13),
(10,'Single Bed Patient Room','Available',13),
(1,'Multi Bed Patient Room','Occupied',14),
(2,'Multi Bed Patient Room','Under Maintenance',14),
(3,'Multi Bed Patient Room','Available',14),
(4,'Single Bed Patient Room','Available',14),
(5,'Single Bed Patient Room','Occupied',14),
(6,'Multi Bed Patient Room','Occupied',14),
(7,'Single Bed Patient Room','Available',14),
(8,'Multi Bed Patient Room','Occupied',14),
(9,'Multi Bed Patient Room','Available',14),
(10,'Multi Bed Patient Room','Occupied',14),
(1,'Single Bed Patient Room','Under Maintenance',15),
(2,'Multi Bed Patient Room','Available',15),
(3,'Single Bed Patient Room','Available',15),
(4,'Multi Bed Patient Room','Available',15),
(5,'Single Bed Patient Room','Available',15),
(6,'Multi Bed Patient Room','Available',15),
(7,'Multi Bed Patient Room','Available',15),
(8,'Multi Bed Patient Room','Occupied',15),
(9,'Single Bed Patient Room','Occupied',15),
(10,'Multi Bed Patient Room','Available',15);

INSERT IGNORE INTO `patient` (`patient_id`,`amka`,`first_name`,`last_name`,`father_name`,`birth_date`,`gender`,`nationality`,`height_cm`,`weight_kg`,`home_address`,`phone_number`,`email`,`profession`,`emergency_contact`,`insurance_provider`) VALUES
(1,'17089600001','Nikos','Savva','Stefanos','1996-08-17','Male','Greek',178,73,'Athens 1','6947969333','patient1@email.gr','Worker','Contact: 6947969333','Private'),
(2,'21114600002','Michalis','Nikolaou','Eirini','1946-11-21','Female','Greek',159,71,'Athens 2','6922684373','patient2@email.gr','Worker','Contact: 6922684373','Private'),
(3,'03065900003','Dimitris','Stavrou','Alexandra','1959-06-03','Male','Greek',177,69,'Athens 3','6998054173','patient3@email.gr','Worker','Contact: 6998054173','Public'),
(4,'26118800004','Alexandra','Georgiou','Sofia','1988-11-26','Female','Greek',163,92,'Athens 4','6980651318','patient4@email.gr','Engineer','Contact: 6980651318','None'),
(5,'12018600005','Eirini','Stergiou','Georgia','1986-01-12','Female','Greek',166,110,'Athens 5','6938748452','patient5@email.gr','Student','Contact: 6938748452','Private'),
(6,'10025900006','Stelios','Savva','Eleni','1959-02-10','Male','Greek',187,99,'Athens 6','6982446804','patient6@email.gr','Retired','Contact: 6982446804','None'),
(7,'06038800007','Vasilis','Karagiannis','Eleni','1988-03-06','Male','Greek',194,101,'Athens 7','6932218290','patient7@email.gr','Unemployed','Contact: 6932218290','Public'),
(8,'20087000008','Loukas','Papadaki','Eirini','1970-08-20','Female','Greek',183,64,'Athens 8','6981673763','patient8@email.gr','Doctor','Contact: 6981673763','Private'),
(9,'22066400009','Niki','Dimitriou','Thanasis','1964-06-22','Female','Greek',184,99,'Athens 9','6947818761','patient9@email.gr','Worker','Contact: 6947818761','None'),
(10,'05106500010','Georgia','Stergiou','Kostas','1965-10-05','Female','Greek',158,91,'Athens 10','6974503785','patient10@email.gr','Student','Contact: 6974503785','None'),
(11,'25027600011','Maria','Oikonomou','Maria','1976-02-25','Male','Greek',172,78,'Athens 11','6978901038','patient11@email.gr','Teacher','Contact: 6978901038','Private'),
(12,'01069700012','Andreas','Savva','Thanasis','1997-06-01','Female','Greek',158,75,'Athens 12','6977378254','patient12@email.gr','Student','Contact: 6977378254','Public'),
(13,'11016800013','Petros','Georgiou','Anna','1968-01-11','Male','Greek',176,100,'Athens 13','6929602406','patient13@email.gr','Teacher','Contact: 6929602406','Public'),
(14,'16125700014','Sofia','Dimitriou','Stefanos','1957-12-16','Female','Greek',194,50,'Athens 14','6920633503','patient14@email.gr','Retired','Contact: 6920633503','Private'),
(15,'04070700015','Stelios','Diamanti','Nikolas','2007-07-04','Female','Greek',170,69,'Athens 15','6926354208','patient15@email.gr','Retired','Contact: 6926354208','Public'),
(16,'04029800016','Loukas','Christodoulou','Niki','1998-02-04','Female','Greek',193,84,'Athens 16','6912205915','patient16@email.gr','Doctor','Contact: 6912205915','None'),
(17,'12104000017','Eleni','Rapti','Loukas','1940-10-12','Male','Greek',191,76,'Athens 17','6935140847','patient17@email.gr','Engineer','Contact: 6935140847','None'),
(18,'26090900018','Anna','Georgiou','Georgia','2009-09-26','Male','Greek',179,105,'Athens 18','6973100462','patient18@email.gr','Retired','Contact: 6973100462','None'),
(19,'26064200019','Petros','Papadaki','Dimitris','1942-06-26','Male','Greek',177,65,'Athens 19','6998195059','patient19@email.gr','Engineer','Contact: 6998195059','None'),
(20,'18064500020','Theodora','Nikolaou','Eleni','1945-06-18','Female','Greek',166,103,'Athens 20','6972360629','patient20@email.gr','Unemployed','Contact: 6972360629','None'),
(21,'10019800021','Kostas','Diamanti','Andreas','1998-01-10','Male','Greek',157,100,'Athens 21','6936772387','patient21@email.gr','Retired','Contact: 6936772387','Private'),
(22,'09080900022','Sofia','Oikonomou','Petros','2009-08-09','Male','Greek',167,68,'Athens 22','6957912262','patient22@email.gr','Retired','Contact: 6957912262','None'),
(23,'13078700023','Vasilis','Vlachos','Maria','1987-07-13','Female','Greek',179,71,'Athens 23','6935074182','patient23@email.gr','Unemployed','Contact: 6935074182','None'),
(24,'26050600024','Panagiotis','Papadaki','Niki','2006-05-26','Male','Greek',182,55,'Athens 24','6967795113','patient24@email.gr','Teacher','Contact: 6967795113','None'),
(25,'22065000025','Sofia','Nikolaou','Maria','1950-06-22','Female','Greek',174,78,'Athens 25','6990882505','patient25@email.gr','Worker','Contact: 6990882505','Public'),
(26,'24019700026','Stefanos','Markou','Anna','1997-01-24','Female','Greek',194,77,'Athens 26','6946850196','patient26@email.gr','Retired','Contact: 6946850196','Public'),
(27,'26098600027','Eirini','Christodoulou','Petros','1986-09-26','Male','Greek',156,59,'Athens 27','6991547054','patient27@email.gr','Unemployed','Contact: 6991547054','Public'),
(28,'13068600028','Eleni','Georgiou','Katerina','1986-06-13','Male','Greek',193,59,'Athens 28','6970387584','patient28@email.gr','Student','Contact: 6970387584','Private'),
(29,'12095700029','Christina','Georgiou','Ilias','1957-09-12','Female','Greek',175,91,'Athens 29','6947405107','patient29@email.gr','Doctor','Contact: 6947405107','Public'),
(30,'18070600030','Giannis','Makris','Panagiotis','2006-07-18','Male','Greek',171,99,'Athens 30','6944935501','patient30@email.gr','Unemployed','Contact: 6944935501','Public'),
(31,'04040200031','Alexandra','Rapti','Stefanos','2002-04-04','Male','Greek',159,78,'Athens 31','6933173544','patient31@email.gr','Unemployed','Contact: 6933173544','Public'),
(32,'03128400032','Niki','Stavrou','Vasilis','1984-12-03','Female','Greek',174,104,'Athens 32','6931139996','patient32@email.gr','Teacher','Contact: 6931139996','Private'),
(33,'08036500033','Georgia','Savva','Maria','1965-03-08','Female','Greek',156,73,'Athens 33','6984359498','patient33@email.gr','Student','Contact: 6984359498','Private'),
(34,'10025100034','Niki','Zachariou','Eleni','1951-02-10','Female','Greek',185,83,'Athens 34','6965135987','patient34@email.gr','Worker','Contact: 6965135987','None'),
(35,'15084900035','Andreas','Diamanti','Vasilis','1949-08-15','Female','Greek',163,106,'Athens 35','6983994695','patient35@email.gr','Teacher','Contact: 6983994695','Public'),
(36,'05095500036','Loukas','Oikonomou','Nikos','1955-09-05','Female','Greek',165,60,'Athens 36','6953306792','patient36@email.gr','Doctor','Contact: 6953306792','Private'),
(37,'21047200037','Georgia','Rapti','Andreas','1972-04-21','Female','Greek',163,90,'Athens 37','6950644430','patient37@email.gr','Engineer','Contact: 6950644430','None'),
(38,'22035900038','Tasos','Makris','Ilias','1959-03-22','Female','Greek',191,52,'Athens 38','6913808225','patient38@email.gr','Engineer','Contact: 6913808225','Public'),
(39,'14106600039','Tasos','Athanasiou','Dimitris','1966-10-14','Male','Greek',186,106,'Athens 39','6994176528','patient39@email.gr','Lawyer','Contact: 6994176528','None'),
(40,'15059100040','Sofia','Dimitriou','Katerina','1991-05-15','Male','Greek',158,60,'Athens 40','6969002851','patient40@email.gr','Worker','Contact: 6969002851','Private'),
(41,'28065800041','Christina','Pappas','Vasilis','1958-06-28','Female','Greek',177,75,'Athens 41','6927551135','patient41@email.gr','Student','Contact: 6927551135','None'),
(42,'04087000042','Nikolas','Lekkas','Vasilis','1970-08-04','Female','Greek',183,65,'Athens 42','6928908276','patient42@email.gr','Engineer','Contact: 6928908276','Public'),
(43,'28049300043','Sofia','Alexiou','Alexandra','1993-04-28','Male','Greek',175,109,'Athens 43','6987535841','patient43@email.gr','Student','Contact: 6987535841','Public'),
(44,'16080500044','Michalis','Makris','Panagiotis','2005-08-16','Female','Greek',186,51,'Athens 44','6922086184','patient44@email.gr','Worker','Contact: 6922086184','None'),
(45,'02018500045','Christina','Savva','Stelios','1985-01-02','Female','Greek',186,88,'Athens 45','6997813295','patient45@email.gr','Unemployed','Contact: 6997813295','Private'),
(46,'09039500046','Nikolas','Papadopoulos','Maria','1995-03-09','Female','Greek',180,73,'Athens 46','6916072331','patient46@email.gr','Worker','Contact: 6916072331','Public'),
(47,'10098600047','Ilias','Zachariou','Stelios','1986-09-10','Male','Greek',179,82,'Athens 47','6970445541','patient47@email.gr','Lawyer','Contact: 6970445541','None'),
(48,'13025600048','Eirini','Karagiannis','Maria','1956-02-13','Female','Greek',176,85,'Athens 48','6959070856','patient48@email.gr','Teacher','Contact: 6959070856','Public'),
(49,'02010400049','Alexandra','Oikonomou','Petros','2004-01-02','Male','Greek',163,95,'Athens 49','6954699966','patient49@email.gr','Unemployed','Contact: 6954699966','None'),
(50,'11030500050','Christina','Diamanti','Alexandra','2005-03-11','Female','Greek',165,75,'Athens 50','6992745294','patient50@email.gr','Lawyer','Contact: 6992745294','None'),
(51,'16090500051','Vasilis','Oikonomou','Thanasis','2005-09-16','Female','Greek',185,102,'Athens 51','6912232974','patient51@email.gr','Student','Contact: 6912232974','Private'),
(52,'28127900052','Eirini','Lekkas','Loukas','1979-12-28','Male','Greek',193,80,'Athens 52','6945638891','patient52@email.gr','Doctor','Contact: 6945638891','None'),
(53,'21096100053','Nikos','Athanasiou','Panagiotis','1961-09-21','Female','Greek',164,102,'Athens 53','6942507072','patient53@email.gr','Retired','Contact: 6942507072','None'),
(54,'11084200054','Stefanos','Lekkas','Stelios','1942-08-11','Female','Greek',164,76,'Athens 54','6937365878','patient54@email.gr','Worker','Contact: 6937365878','None'),
(55,'05124700055','Michalis','Karagiannis','Panagiotis','1947-12-05','Male','Greek',190,70,'Athens 55','6998882576','patient55@email.gr','Unemployed','Contact: 6998882576','None'),
(56,'11099800056','Petros','Nikolaou','Kostas','1998-09-11','Female','Greek',171,89,'Athens 56','6974985553','patient56@email.gr','Doctor','Contact: 6974985553','Public'),
(57,'25056800057','Dimitris','Zachariou','Sofia','1968-05-25','Female','Greek',168,94,'Athens 57','6975632882','patient57@email.gr','Student','Contact: 6975632882','Private'),
(58,'04057500058','Anna','Zachariou','Niki','1975-05-04','Female','Greek',180,102,'Athens 58','6956323191','patient58@email.gr','Teacher','Contact: 6956323191','Private'),
(59,'15065000059','Nikos','Rapti','Stefanos','1950-06-15','Female','Greek',185,63,'Athens 59','6937121108','patient59@email.gr','Lawyer','Contact: 6937121108','None'),
(60,'24105300060','Stefanos','Vlachos','Eleni','1953-10-24','Male','Greek',170,53,'Athens 60','6999903592','patient60@email.gr','Doctor','Contact: 6999903592','None'),
(61,'23069200061','Katerina','Konstantinou','Maria','1992-06-23','Female','Greek',161,93,'Athens 61','6928450513','patient61@email.gr','Retired','Contact: 6928450513','None'),
(62,'21080000062','Kostas','Stergiou','Tasos','2000-08-21','Male','Greek',173,70,'Athens 62','6948307798','patient62@email.gr','Retired','Contact: 6948307798','Public'),
(63,'24120800063','Tasos','Athanasiou','Katerina','2008-12-24','Male','Greek',166,76,'Athens 63','6933593960','patient63@email.gr','Retired','Contact: 6933593960','Private'),
(64,'01017700064','Niki','Dimitriou','Kostas','1977-01-01','Female','Greek',191,88,'Athens 64','6924401654','patient64@email.gr','Student','Contact: 6924401654','Private'),
(65,'05080700065','Christina','Christodoulou','Nikolas','2007-08-05','Female','Greek',172,62,'Athens 65','6925119192','patient65@email.gr','Student','Contact: 6925119192','Public'),
(66,'06127200066','Theodora','Markou','Tasos','1972-12-06','Male','Greek',176,100,'Athens 66','6949597485','patient66@email.gr','Doctor','Contact: 6949597485','Public'),
(67,'11099400067','Alexandra','Christodoulou','Petros','1994-09-11','Male','Greek',180,92,'Athens 67','6922802372','patient67@email.gr','Teacher','Contact: 6922802372','Public'),
(68,'13054000068','Panagiotis','Nikolaou','Katerina','1940-05-13','Male','Greek',183,98,'Athens 68','6945835371','patient68@email.gr','Student','Contact: 6945835371','Private'),
(69,'12117300069','Ilias','Athanasiou','Giannis','1973-11-12','Male','Greek',158,92,'Athens 69','6925867870','patient69@email.gr','Unemployed','Contact: 6925867870','Private'),
(70,'25120400070','Kostas','Alexiou','Eirini','2004-12-25','Female','Greek',162,90,'Athens 70','6949599276','patient70@email.gr','Student','Contact: 6949599276','None'),
(71,'15030100071','Katerina','Savva','Eleni','2001-03-15','Female','Greek',181,94,'Athens 71','6983717007','patient71@email.gr','Unemployed','Contact: 6983717007','None'),
(72,'22046700072','Niki','Stavrou','Thanasis','1967-04-22','Male','Greek',188,78,'Athens 72','6980890196','patient72@email.gr','Student','Contact: 6980890196','Public'),
(73,'07091000073','Ilias','Lekkas','Nikos','2010-09-07','Male','Greek',165,70,'Athens 73','6979839059','patient73@email.gr','Unemployed','Contact: 6979839059','Public'),
(74,'17020200074','Eirini','Pappas','Stefanos','2002-02-17','Female','Greek',158,79,'Athens 74','6927709269','patient74@email.gr','Worker','Contact: 6927709269','Private'),
(75,'26119900075','Ilias','Konstantinou','Nikolas','1999-11-26','Female','Greek',156,75,'Athens 75','6944152669','patient75@email.gr','Retired','Contact: 6944152669','None'),
(76,'12074500076','Stelios','Athanasiou','Andreas','1945-07-12','Male','Greek',189,53,'Athens 76','6919263592','patient76@email.gr','Unemployed','Contact: 6919263592','Public'),
(77,'24115700077','Sofia','Stergiou','Kostas','1957-11-24','Female','Greek',178,107,'Athens 77','6961335545','patient77@email.gr','Unemployed','Contact: 6961335545','Private'),
(78,'21030900078','Petros','Georgiou','Eirini','2009-03-21','Female','Greek',162,61,'Athens 78','6982109613','patient78@email.gr','Worker','Contact: 6982109613','None'),
(79,'10014000079','Eleni','Savva','Thanasis','1940-01-10','Female','Greek',189,77,'Athens 79','6981394920','patient79@email.gr','Worker','Contact: 6981394920','Public'),
(80,'07055900080','Katerina','Markou','Anna','1959-05-07','Male','Greek',157,101,'Athens 80','6998610233','patient80@email.gr','Worker','Contact: 6998610233','None'),
(81,'04026600081','Michalis','Papadopoulos','Katerina','1966-02-04','Male','Greek',183,88,'Athens 81','6916533225','patient81@email.gr','Doctor','Contact: 6916533225','None'),
(82,'07096900082','Nikos','Alexiou','Christina','1969-09-07','Male','Greek',163,82,'Athens 82','6948824283','patient82@email.gr','Doctor','Contact: 6948824283','None'),
(83,'10048100083','Ilias','Nikolaou','Ilias','1981-04-10','Male','Greek',188,64,'Athens 83','6965507111','patient83@email.gr','Lawyer','Contact: 6965507111','Private'),
(84,'22116200084','Nikos','Zachariou','Ilias','1962-11-22','Female','Greek',190,81,'Athens 84','6916292676','patient84@email.gr','Student','Contact: 6916292676','None'),
(85,'23060700085','Eirini','Alexiou','Niki','2007-06-23','Female','Greek',181,59,'Athens 85','6950250352','patient85@email.gr','Worker','Contact: 6950250352','Public'),
(86,'10047000086','Michalis','Zachariou','Panagiotis','1970-04-10','Male','Greek',184,108,'Athens 86','6917734153','patient86@email.gr','Worker','Contact: 6917734153','Private'),
(87,'09048900087','Nikolas','Oikonomou','Eleni','1989-04-09','Male','Greek',176,91,'Athens 87','6920612653','patient87@email.gr','Unemployed','Contact: 6920612653','Private'),
(88,'09016400088','Andreas','Zachariou','Theodora','1964-01-09','Female','Greek',193,88,'Athens 88','6915307982','patient88@email.gr','Engineer','Contact: 6915307982','Public'),
(89,'07086700089','Niki','Athanasiou','Theodora','1967-08-07','Female','Greek',174,108,'Athens 89','6912058055','patient89@email.gr','Doctor','Contact: 6912058055','Public'),
(90,'23040100090','Theodora','Lekkas','Theodora','2001-04-23','Male','Greek',180,108,'Athens 90','6942122457','patient90@email.gr','Student','Contact: 6942122457','Private'),
(91,'09058500091','Petros','Markou','Nikolas','1985-05-09','Female','Greek',187,106,'Athens 91','6976743428','patient91@email.gr','Unemployed','Contact: 6976743428','Public'),
(92,'12048000092','Niki','Dimitriou','Michalis','1980-04-12','Female','Greek',181,52,'Athens 92','6985500790','patient92@email.gr','Doctor','Contact: 6985500790','None'),
(93,'19101000093','Eleni','Papadopoulos','Dimitris','2010-10-19','Female','Greek',173,59,'Athens 93','6936332415','patient93@email.gr','Student','Contact: 6936332415','Public'),
(94,'18087100094','Petros','Athanasiou','Thanasis','1971-08-18','Female','Greek',171,98,'Athens 94','6975581613','patient94@email.gr','Unemployed','Contact: 6975581613','Private'),
(95,'18125700095','Kostas','Papadaki','Kostas','1957-12-18','Female','Greek',166,108,'Athens 95','6982764376','patient95@email.gr','Retired','Contact: 6982764376','None'),
(96,'14014600096','Nikos','Georgiou','Thanasis','1946-01-14','Male','Greek',195,64,'Athens 96','6919122502','patient96@email.gr','Teacher','Contact: 6919122502','Public'),
(97,'20018700097','Stelios','Oikonomou','Christina','1987-01-20','Female','Greek',186,51,'Athens 97','6910887495','patient97@email.gr','Worker','Contact: 6910887495','Public'),
(98,'10097500098','Giannis','Oikonomou','Theodora','1975-09-10','Male','Greek',187,102,'Athens 98','6967790557','patient98@email.gr','Teacher','Contact: 6967790557','Public'),
(99,'20047000099','Maria','Oikonomou','Eleni','1970-04-20','Female','Greek',177,67,'Athens 99','6963270536','patient99@email.gr','Engineer','Contact: 6963270536','Private'),
(100,'08127100100','Petros','Markou','Ilias','1971-12-08','Female','Greek',160,91,'Athens 100','6997227356','patient100@email.gr','Retired','Contact: 6997227356','Public'),
(101,'02081000101','Petros','Alexiou','Petros','2010-08-02','Male','Greek',165,55,'Athens 101','6977089857','patient101@email.gr','Worker','Contact: 6977089857','None'),
(102,'02095200102','Niki','Nikolaou','Ilias','1952-09-02','Male','Greek',168,107,'Athens 102','6986072480','patient102@email.gr','Unemployed','Contact: 6986072480','Private'),
(103,'19097500103','Nikos','Georgiou','Eirini','1975-09-19','Male','Greek',166,109,'Athens 103','6952209421','patient103@email.gr','Retired','Contact: 6952209421','Public'),
(104,'10029000104','Ilias','Diamanti','Michalis','1990-02-10','Male','Greek',191,65,'Athens 104','6986060638','patient104@email.gr','Worker','Contact: 6986060638','None'),
(105,'24125700105','Nikolas','Nikolaou','Petros','1957-12-24','Male','Greek',187,97,'Athens 105','6956420476','patient105@email.gr','Retired','Contact: 6956420476','Public'),
(106,'20064900106','Loukas','Savva','Thanasis','1949-06-20','Female','Greek',175,51,'Athens 106','6995110541','patient106@email.gr','Lawyer','Contact: 6995110541','Private'),
(107,'14071000107','Panagiotis','Savva','Anna','2010-07-14','Male','Greek',192,92,'Athens 107','6961012496','patient107@email.gr','Engineer','Contact: 6961012496','None'),
(108,'09024900108','Sofia','Savva','Stefanos','1949-02-09','Male','Greek',179,95,'Athens 108','6995080736','patient108@email.gr','Teacher','Contact: 6995080736','None'),
(109,'01025300109','Petros','Nikolaou','Anna','1953-02-01','Female','Greek',183,73,'Athens 109','6946207439','patient109@email.gr','Engineer','Contact: 6946207439','Public'),
(110,'18099700110','Andreas','Makris','Loukas','1997-09-18','Female','Greek',161,51,'Athens 110','6922028437','patient110@email.gr','Student','Contact: 6922028437','None'),
(111,'01078100111','Andreas','Karagiannis','Alexandra','1981-07-01','Female','Greek',181,74,'Athens 111','6921368176','patient111@email.gr','Doctor','Contact: 6921368176','None'),
(112,'05038800112','Georgia','Makris','Eirini','1988-03-05','Female','Greek',174,67,'Athens 112','6976185975','patient112@email.gr','Teacher','Contact: 6976185975','Public'),
(113,'16059300113','Kostas','Stergiou','Dimitris','1993-05-16','Male','Greek',178,66,'Athens 113','6943096758','patient113@email.gr','Unemployed','Contact: 6943096758','None'),
(114,'10035300114','Alexandra','Pappas','Christina','1953-03-10','Male','Greek',180,71,'Athens 114','6993240786','patient114@email.gr','Worker','Contact: 6993240786','Private'),
(115,'11055700115','Christina','Nikolaou','Loukas','1957-05-11','Male','Greek',185,70,'Athens 115','6933842070','patient115@email.gr','Worker','Contact: 6933842070','Private'),
(116,'13067100116','Sofia','Christodoulou','Panagiotis','1971-06-13','Female','Greek',180,73,'Athens 116','6925285764','patient116@email.gr','Doctor','Contact: 6925285764','None'),
(117,'24011000117','Nikolas','Makris','Eirini','2010-01-24','Female','Greek',168,78,'Athens 117','6949101812','patient117@email.gr','Engineer','Contact: 6949101812','Private'),
(118,'09047800118','Eirini','Dimitriou','Eleni','1978-04-09','Male','Greek',182,100,'Athens 118','6960598851','patient118@email.gr','Engineer','Contact: 6960598851','Private'),
(119,'17099100119','Alexandra','Dimitriou','Ilias','1991-09-17','Female','Greek',189,52,'Athens 119','6958255231','patient119@email.gr','Engineer','Contact: 6958255231','Public'),
(120,'21038500120','Michalis','Savva','Eirini','1985-03-21','Male','Greek',191,91,'Athens 120','6996804457','patient120@email.gr','Worker','Contact: 6996804457','Private'),
(121,'09024100121','Niki','Stergiou','Maria','1941-02-09','Male','Greek',187,97,'Athens 121','6979631857','patient121@email.gr','Doctor','Contact: 6979631857','Private'),
(122,'12030400122','Anna','Alexiou','Christina','2004-03-12','Male','Greek',185,56,'Athens 122','6949652241','patient122@email.gr','Worker','Contact: 6949652241','Public'),
(123,'15067900123','Maria','Diamanti','Anna','1979-06-15','Male','Greek',188,80,'Athens 123','6956748074','patient123@email.gr','Unemployed','Contact: 6956748074','Public'),
(124,'02054800124','Christina','Markou','Vasilis','1948-05-02','Male','Greek',156,104,'Athens 124','6956047142','patient124@email.gr','Engineer','Contact: 6956047142','None'),
(125,'06097100125','Niki','Makris','Theodora','1971-09-06','Male','Greek',176,85,'Athens 125','6967226329','patient125@email.gr','Unemployed','Contact: 6967226329','Public'),
(126,'21036300126','Niki','Alexiou','Tasos','1963-03-21','Female','Greek',180,51,'Athens 126','6992424037','patient126@email.gr','Doctor','Contact: 6992424037','Private'),
(127,'07124000127','Ilias','Stergiou','Petros','1940-12-07','Male','Greek',172,98,'Athens 127','6918397164','patient127@email.gr','Engineer','Contact: 6918397164','None'),
(128,'04086500128','Kostas','Papadaki','Vasilis','1965-08-04','Female','Greek',186,83,'Athens 128','6995779702','patient128@email.gr','Student','Contact: 6995779702','None'),
(129,'12065400129','Petros','Karagiannis','Petros','1954-06-12','Female','Greek',194,61,'Athens 129','6949922369','patient129@email.gr','Engineer','Contact: 6949922369','None'),
(130,'04057000130','Eleni','Nikolaou','Maria','1970-05-04','Male','Greek',178,94,'Athens 130','6928972822','patient130@email.gr','Worker','Contact: 6928972822','Private'),
(131,'06078900131','Alexandra','Diamanti','Ilias','1989-07-06','Female','Greek',195,84,'Athens 131','6996605343','patient131@email.gr','Teacher','Contact: 6996605343','None'),
(132,'11035700132','Kostas','Dimitriou','Sofia','1957-03-11','Female','Greek',194,53,'Athens 132','6958189421','patient132@email.gr','Retired','Contact: 6958189421','Private'),
(133,'17098900133','Eleni','Pappas','Thanasis','1989-09-17','Female','Greek',181,93,'Athens 133','6975998330','patient133@email.gr','Worker','Contact: 6975998330','None'),
(134,'19026100134','Thanasis','Markou','Panagiotis','1961-02-19','Male','Greek',169,68,'Athens 134','6914388260','patient134@email.gr','Lawyer','Contact: 6914388260','Public'),
(135,'24109800135','Nikolas','Rapti','Kostas','1998-10-24','Female','Greek',190,82,'Athens 135','6925194922','patient135@email.gr','Engineer','Contact: 6925194922','Private'),
(136,'27098600136','Michalis','Zachariou','Thanasis','1986-09-27','Male','Greek',183,84,'Athens 136','6939332201','patient136@email.gr','Worker','Contact: 6939332201','Public'),
(137,'28057100137','Theodora','Christodoulou','Michalis','1971-05-28','Male','Greek',183,66,'Athens 137','6956785209','patient137@email.gr','Engineer','Contact: 6956785209','Private'),
(138,'20128400138','Maria','Savva','Stelios','1984-12-20','Female','Greek',165,89,'Athens 138','6928687800','patient138@email.gr','Doctor','Contact: 6928687800','Public'),
(139,'09098400139','Niki','Konstantinou','Ilias','1984-09-09','Male','Greek',175,95,'Athens 139','6949276764','patient139@email.gr','Lawyer','Contact: 6949276764','None'),
(140,'25035200140','Dimitris','Oikonomou','Eirini','1952-03-25','Female','Greek',158,67,'Athens 140','6998032908','patient140@email.gr','Teacher','Contact: 6998032908','None'),
(141,'25048100141','Eleni','Savva','Eleni','1981-04-25','Female','Greek',186,59,'Athens 141','6987500742','patient141@email.gr','Lawyer','Contact: 6987500742','None'),
(142,'26114900142','Loukas','Alexiou','Christina','1949-11-26','Male','Greek',180,82,'Athens 142','6947342819','patient142@email.gr','Student','Contact: 6947342819','Private'),
(143,'03124000143','Panagiotis','Nikolaou','Ilias','1940-12-03','Female','Greek',195,92,'Athens 143','6958079840','patient143@email.gr','Engineer','Contact: 6958079840','None'),
(144,'09086700144','Petros','Pappas','Loukas','1967-08-09','Female','Greek',173,71,'Athens 144','6983458776','patient144@email.gr','Teacher','Contact: 6983458776','None'),
(145,'04014600145','Panagiotis','Nikolaou','Eirini','1946-01-04','Female','Greek',156,57,'Athens 145','6931204188','patient145@email.gr','Unemployed','Contact: 6931204188','Private'),
(146,'10115600146','Giannis','Stergiou','Stelios','1956-11-10','Male','Greek',172,55,'Athens 146','6997857309','patient146@email.gr','Student','Contact: 6997857309','Private'),
(147,'13016100147','Andreas','Papadaki','Eirini','1961-01-13','Female','Greek',169,77,'Athens 147','6997977738','patient147@email.gr','Engineer','Contact: 6997977738','None'),
(148,'05020100148','Maria','Papadopoulos','Stelios','2001-02-05','Male','Greek',188,93,'Athens 148','6969735865','patient148@email.gr','Retired','Contact: 6969735865','Public'),
(149,'23075500149','Stefanos','Nikolaou','Thanasis','1955-07-23','Male','Greek',185,54,'Athens 149','6940728728','patient149@email.gr','Worker','Contact: 6940728728','Public'),
(150,'10068000150','Theodora','Lekkas','Maria','1980-06-10','Male','Greek',179,99,'Athens 150','6927870584','patient150@email.gr','Teacher','Contact: 6927870584','Public'),
(151,'12086100151','Georgia','Athanasiou','Giannis','1961-08-12','Male','Greek',195,97,'Athens 151','6930317091','patient151@email.gr','Worker','Contact: 6930317091','None'),
(152,'05025100152','Eirini','Markou','Stelios','1951-02-05','Male','Greek',192,96,'Athens 152','6961543890','patient152@email.gr','Student','Contact: 6961543890','Private'),
(153,'03117500153','Vasilis','Diamanti','Katerina','1975-11-03','Male','Greek',190,88,'Athens 153','6990531692','patient153@email.gr','Lawyer','Contact: 6990531692','None'),
(154,'20096600154','Giannis','Stavrou','Sofia','1966-09-20','Male','Greek',180,68,'Athens 154','6996727439','patient154@email.gr','Retired','Contact: 6996727439','Public'),
(155,'21087000155','Panagiotis','Alexiou','Maria','1970-08-21','Male','Greek',188,106,'Athens 155','6911619606','patient155@email.gr','Student','Contact: 6911619606','Private'),
(156,'18069300156','Eleni','Alexiou','Thanasis','1993-06-18','Male','Greek',185,99,'Athens 156','6919796799','patient156@email.gr','Retired','Contact: 6919796799','None'),
(157,'02016700157','Andreas','Papadopoulos','Dimitris','1967-01-02','Female','Greek',187,68,'Athens 157','6994365330','patient157@email.gr','Worker','Contact: 6994365330','Private'),
(158,'20090800158','Stefanos','Alexiou','Andreas','2008-09-20','Male','Greek',172,55,'Athens 158','6951594998','patient158@email.gr','Engineer','Contact: 6951594998','None'),
(159,'19078100159','Stelios','Diamanti','Nikolas','1981-07-19','Male','Greek',174,94,'Athens 159','6968718382','patient159@email.gr','Doctor','Contact: 6968718382','Public'),
(160,'20085400160','Katerina','Georgiou','Loukas','1954-08-20','Male','Greek',174,92,'Athens 160','6998322292','patient160@email.gr','Teacher','Contact: 6998322292','Public'),
(161,'16034100161','Giannis','Diamanti','Stefanos','1941-03-16','Female','Greek',188,83,'Athens 161','6944795538','patient161@email.gr','Teacher','Contact: 6944795538','Private'),
(162,'11015500162','Eleni','Vlachos','Theodora','1955-01-11','Female','Greek',172,83,'Athens 162','6918572753','patient162@email.gr','Lawyer','Contact: 6918572753','None'),
(163,'17080300163','Ilias','Christodoulou','Andreas','2003-08-17','Female','Greek',158,81,'Athens 163','6986086168','patient163@email.gr','Teacher','Contact: 6986086168','Private'),
(164,'22105300164','Kostas','Vlachos','Michalis','1953-10-22','Male','Greek',169,97,'Athens 164','6978293320','patient164@email.gr','Retired','Contact: 6978293320','Public'),
(165,'13060000165','Giannis','Savva','Nikos','2000-06-13','Male','Greek',166,109,'Athens 165','6914746418','patient165@email.gr','Worker','Contact: 6914746418','Public'),
(166,'27058000166','Vasilis','Savva','Loukas','1980-05-27','Male','Greek',191,73,'Athens 166','6926025721','patient166@email.gr','Retired','Contact: 6926025721','Public'),
(167,'15029100167','Katerina','Oikonomou','Nikos','1991-02-15','Female','Greek',174,70,'Athens 167','6921594468','patient167@email.gr','Unemployed','Contact: 6921594468','Public'),
(168,'20127800168','Anna','Pappas','Sofia','1978-12-20','Male','Greek',184,73,'Athens 168','6989415412','patient168@email.gr','Unemployed','Contact: 6989415412','Public'),
(169,'01037100169','Theodora','Zachariou','Michalis','1971-03-01','Female','Greek',156,64,'Athens 169','6982684966','patient169@email.gr','Student','Contact: 6982684966','None'),
(170,'13114000170','Thanasis','Papadopoulos','Vasilis','1940-11-13','Female','Greek',161,63,'Athens 170','6981110496','patient170@email.gr','Doctor','Contact: 6981110496','Private'),
(171,'02027500171','Panagiotis','Konstantinou','Eleni','1975-02-02','Male','Greek',188,76,'Athens 171','6959995026','patient171@email.gr','Unemployed','Contact: 6959995026','None'),
(172,'21030400172','Andreas','Athanasiou','Maria','2004-03-21','Female','Greek',159,87,'Athens 172','6986211608','patient172@email.gr','Retired','Contact: 6986211608','Private'),
(173,'28057700173','Eirini','Diamanti','Katerina','1977-05-28','Female','Greek',180,94,'Athens 173','6953788744','patient173@email.gr','Student','Contact: 6953788744','Private'),
(174,'25036500174','Dimitris','Savva','Andreas','1965-03-25','Male','Greek',164,56,'Athens 174','6932062036','patient174@email.gr','Unemployed','Contact: 6932062036','Private'),
(175,'25060800175','Vasilis','Stergiou','Maria','2008-06-25','Male','Greek',183,69,'Athens 175','6972189327','patient175@email.gr','Lawyer','Contact: 6972189327','Public'),
(176,'23127800176','Andreas','Makris','Niki','1978-12-23','Male','Greek',168,103,'Athens 176','6953995720','patient176@email.gr','Teacher','Contact: 6953995720','Public'),
(177,'02099000177','Stefanos','Savva','Anna','1990-09-02','Female','Greek',171,102,'Athens 177','6933336132','patient177@email.gr','Retired','Contact: 6933336132','Private'),
(178,'04041000178','Christina','Zachariou','Theodora','2010-04-04','Female','Greek',161,101,'Athens 178','6928762704','patient178@email.gr','Engineer','Contact: 6928762704','Public'),
(179,'12076500179','Nikos','Savva','Eleni','1965-07-12','Male','Greek',192,87,'Athens 179','6944738319','patient179@email.gr','Engineer','Contact: 6944738319','Public'),
(180,'03039600180','Andreas','Pappas','Tasos','1996-03-03','Female','Greek',162,52,'Athens 180','6971873691','patient180@email.gr','Retired','Contact: 6971873691','Public'),
(181,'01089000181','Ilias','Stergiou','Thanasis','1990-08-01','Female','Greek',182,61,'Athens 181','6957505459','patient181@email.gr','Doctor','Contact: 6957505459','Public'),
(182,'20015900182','Dimitris','Vlachos','Christina','1959-01-20','Male','Greek',173,81,'Athens 182','6965296657','patient182@email.gr','Unemployed','Contact: 6965296657','Public'),
(183,'07075700183','Andreas','Vlachos','Petros','1957-07-07','Male','Greek',195,101,'Athens 183','6982968364','patient183@email.gr','Retired','Contact: 6982968364','Private'),
(184,'12080900184','Niki','Papadaki','Panagiotis','2009-08-12','Female','Greek',179,67,'Athens 184','6934134478','patient184@email.gr','Retired','Contact: 6934134478','Private'),
(185,'26017500185','Alexandra','Savva','Giannis','1975-01-26','Female','Greek',188,72,'Athens 185','6988381665','patient185@email.gr','Doctor','Contact: 6988381665','Public'),
(186,'18057000186','Maria','Savva','Eirini','1970-05-18','Male','Greek',169,86,'Athens 186','6962133188','patient186@email.gr','Student','Contact: 6962133188','Public'),
(187,'23128000187','Kostas','Savva','Ilias','1980-12-23','Female','Greek',192,51,'Athens 187','6957201978','patient187@email.gr','Teacher','Contact: 6957201978','None'),
(188,'16037900188','Stelios','Dimitriou','Nikolas','1979-03-16','Male','Greek',160,53,'Athens 188','6941222178','patient188@email.gr','Doctor','Contact: 6941222178','Public'),
(189,'07108200189','Georgia','Dimitriou','Giannis','1982-10-07','Male','Greek',176,95,'Athens 189','6933818260','patient189@email.gr','Student','Contact: 6933818260','Public'),
(190,'28025800190','Giannis','Diamanti','Ilias','1958-02-28','Female','Greek',159,73,'Athens 190','6998870866','patient190@email.gr','Worker','Contact: 6998870866','None'),
(191,'06038100191','Maria','Nikolaou','Sofia','1981-03-06','Female','Greek',195,81,'Athens 191','6997131500','patient191@email.gr','Student','Contact: 6997131500','Public'),
(192,'22048500192','Stefanos','Zachariou','Stefanos','1985-04-22','Male','Greek',179,69,'Athens 192','6949529438','patient192@email.gr','Teacher','Contact: 6949529438','Public'),
(193,'02109000193','Theodora','Papadopoulos','Stefanos','1990-10-02','Male','Greek',193,70,'Athens 193','6992058189','patient193@email.gr','Doctor','Contact: 6992058189','None'),
(194,'24065800194','Ilias','Lekkas','Panagiotis','1958-06-24','Male','Greek',170,72,'Athens 194','6952885071','patient194@email.gr','Teacher','Contact: 6952885071','None'),
(195,'01088200195','Andreas','Stavrou','Tasos','1982-08-01','Female','Greek',168,65,'Athens 195','6919099261','patient195@email.gr','Student','Contact: 6919099261','Private'),
(196,'13014000196','Niki','Lekkas','Theodora','1940-01-13','Female','Greek',181,60,'Athens 196','6965568711','patient196@email.gr','Unemployed','Contact: 6965568711','Private'),
(197,'26085200197','Anna','Zachariou','Petros','1952-08-26','Male','Greek',165,78,'Athens 197','6919893106','patient197@email.gr','Retired','Contact: 6919893106','Private'),
(198,'11025300198','Giannis','Nikolaou','Dimitris','1953-02-11','Male','Greek',179,60,'Athens 198','6920066654','patient198@email.gr','Engineer','Contact: 6920066654','Private'),
(199,'21074300199','Alexandra','Karagiannis','Panagiotis','1943-07-21','Male','Greek',193,106,'Athens 199','6968277389','patient199@email.gr','Teacher','Contact: 6968277389','Public'),
(200,'23076400200','Maria','Nikolaou','Stelios','1964-07-23','Female','Greek',173,69,'Athens 200','6941883191','patient200@email.gr','Engineer','Contact: 6941883191','Public');


INSERT IGNORE INTO `hospitalization_review` (`review_id`,`medical_care`,`nurse_care`,`cleanness`,`overall_experience`,`food_quality`) VALUES
(1,5,5,2,5,5),
(2,4,4,2,2,2),
(3,5,5,3,2,5),
(4,3,5,3,5,5),
(5,4,5,3,2,4),
(6,5,3,5,2,5),
(7,5,4,2,2,3),
(8,5,5,3,2,5),
(9,3,3,3,3,2),
(10,3,3,2,4,4),
(11,5,3,3,4,2),
(12,5,4,3,5,4),
(13,5,3,2,2,3),
(14,4,3,3,3,4),
(15,5,4,2,4,4),
(16,3,4,5,2,4),
(17,5,3,3,2,4),
(18,3,5,4,3,5),
(19,4,4,2,3,2),
(20,3,5,5,2,4),
(21,4,4,3,3,4),
(22,3,4,2,2,3),
(23,4,5,5,2,4),
(24,4,5,4,2,2),
(25,4,3,4,5,5),
(26,3,5,3,3,3),
(27,4,3,4,3,5),
(28,4,4,5,4,4),
(29,5,3,4,2,4),
(30,3,5,2,2,3),
(31,3,3,4,5,2),
(32,5,3,5,5,2),
(33,3,5,2,5,4),
(34,5,5,2,5,3),
(35,3,3,2,4,3),
(36,3,4,5,5,3),
(37,5,3,2,4,4),
(38,3,3,5,3,4),
(39,3,4,5,2,4),
(40,4,4,4,2,2),
(41,4,3,2,5,5),
(42,5,3,5,2,5),
(43,5,4,3,5,5),
(44,4,3,4,2,5),
(45,4,5,5,2,4),
(46,3,3,4,2,3),
(47,4,3,3,3,5),
(48,4,5,5,3,4),
(49,4,5,5,3,2),
(50,3,3,4,2,3),
(51,4,4,2,5,5),
(52,3,4,3,3,3),
(53,3,4,3,5,3),
(54,3,5,3,3,3),
(55,4,3,4,3,3),
(56,3,3,2,5,5),
(57,5,3,3,4,5),
(58,4,5,2,4,2),
(59,4,5,5,3,4),
(60,3,3,4,3,4),
(61,5,3,5,3,4),
(62,4,3,2,2,3),
(63,4,5,4,3,4),
(64,3,3,3,2,2),
(65,4,3,2,4,4),
(66,3,5,3,2,3),
(67,5,4,4,4,5),
(68,4,3,5,5,2),
(69,5,3,4,2,2),
(70,4,4,2,3,5),
(71,5,4,5,4,3),
(72,5,3,2,5,4),
(73,4,5,2,3,3),
(74,4,3,3,4,3),
(75,3,3,2,2,4),
(76,4,4,2,4,3),
(77,3,5,2,4,3),
(78,3,5,2,5,4),
(79,5,5,3,5,3),
(80,5,5,5,3,5),
(81,4,4,3,5,2),
(82,3,3,3,5,3),
(83,4,3,3,5,3),
(84,4,3,5,5,2),
(85,5,3,2,5,5),
(86,3,5,2,3,3),
(87,3,5,2,2,2),
(88,4,5,2,3,3),
(89,4,3,4,4,5),
(90,5,5,4,2,2),
(91,5,4,2,5,3),
(92,4,4,3,4,4),
(93,5,5,2,5,3),
(94,4,4,2,4,2),
(95,3,4,4,3,5),
(96,5,4,4,2,4),
(97,4,5,2,2,3),
(98,4,3,5,5,5),
(99,5,4,4,3,2),
(100,4,4,4,5,5),
(101,4,5,4,3,3),
(102,4,5,5,3,5),
(103,4,5,3,2,3),
(104,3,4,5,3,2),
(105,3,4,5,3,5),
(106,3,3,3,2,3),
(107,5,4,4,2,2),
(108,4,5,3,2,3),
(109,3,3,2,5,3),
(110,5,3,4,5,5),
(111,5,5,2,4,2),
(112,5,3,3,3,2),
(113,4,5,4,4,3),
(114,3,5,5,3,3),
(115,3,4,3,2,5),
(116,5,4,5,3,2),
(117,4,3,4,2,2),
(118,4,3,3,4,3),
(119,3,5,2,4,3),
(120,3,3,4,2,2),
(121,3,4,2,4,2),
(122,4,5,3,4,5),
(123,3,5,2,4,5),
(124,5,3,2,5,5),
(125,3,3,5,2,2),
(126,3,5,3,3,4),
(127,4,4,4,5,2),
(128,4,3,3,2,3),
(129,4,3,2,3,4),
(130,3,4,2,5,4),
(131,4,5,4,4,2),
(132,4,4,5,4,5),
(133,4,4,5,5,3),
(134,5,4,4,2,5),
(135,5,3,2,3,2),
(136,3,5,5,2,3),
(137,4,4,5,5,2),
(138,3,4,5,3,5),
(139,4,5,5,3,5),
(140,3,5,3,5,3),
(141,5,3,5,2,4),
(142,4,3,2,3,2),
(143,4,4,3,2,3),
(144,3,4,5,5,3),
(145,3,3,5,4,4),
(146,4,4,5,3,5),
(147,3,5,3,2,3),
(148,5,5,4,2,3),
(149,4,3,5,4,2),
(150,5,5,2,2,3),
(151,5,3,5,3,4),
(152,3,4,4,2,4),
(153,3,5,5,5,5),
(154,5,4,4,2,3),
(155,3,5,3,5,5),
(156,4,5,4,2,2),
(157,3,5,5,2,5),
(158,5,3,5,2,4),
(159,3,4,5,2,3),
(160,3,4,5,5,5),
(161,5,4,4,4,4),
(162,3,4,2,2,2),
(163,5,5,4,4,3),
(164,4,3,5,2,5),
(165,5,3,5,4,3),
(166,5,3,2,5,4),
(167,4,3,2,2,2),
(168,5,3,2,2,5),
(169,3,4,4,3,3),
(170,5,3,5,4,2),
(171,3,5,2,2,2),
(172,3,4,4,3,2),
(173,4,3,5,2,5),
(174,3,4,2,3,5),
(175,4,3,3,4,2),
(176,5,5,2,2,4),
(177,5,5,2,3,4),
(178,3,5,2,3,3),
(179,3,3,4,3,3),
(180,3,4,4,5,3),
(181,5,5,4,5,5),
(182,4,3,4,3,3),
(183,4,3,4,3,3),
(184,4,4,4,4,2),
(185,3,5,4,4,2),
(186,3,5,4,5,4),
(187,5,4,5,2,2),
(188,3,4,3,2,3),
(189,3,4,2,2,4),
(190,4,3,5,4,3),
(191,4,5,3,3,2),
(192,5,5,2,5,5),
(193,3,4,5,2,4),
(194,4,3,4,5,3),
(195,3,5,2,5,4),
(196,5,5,2,4,2),
(197,4,5,4,4,4),
(198,3,5,4,5,2),
(199,4,4,2,4,2),
(200,3,3,2,4,5),
(201,3,5,4,2,2),
(202,3,4,2,4,4),
(203,4,4,3,3,5),
(204,3,5,5,5,2),
(205,5,4,5,4,4),
(206,3,3,4,4,2),
(207,3,5,3,2,2),
(208,3,5,3,5,5),
(209,4,3,4,4,5),
(210,5,3,3,3,4),
(211,4,3,2,4,5),
(212,5,5,2,3,5),
(213,3,3,5,3,4),
(214,5,4,4,4,2),
(215,4,3,3,5,5),
(216,4,4,4,2,2),
(217,4,3,4,3,5),
(218,5,5,5,5,2),
(219,3,3,3,2,2),
(220,3,3,2,4,3),
(221,4,4,5,2,3),
(222,4,3,3,3,4),
(223,5,4,2,2,3),
(224,5,4,3,3,4),
(225,3,4,5,3,2),
(226,4,3,3,4,2),
(227,3,5,4,5,2),
(228,3,3,4,3,3),
(229,3,3,4,4,5),
(230,5,4,5,4,4),
(231,4,4,4,5,2),
(232,5,5,2,3,5),
(233,3,4,5,2,3),
(234,4,4,3,2,3),
(235,4,5,5,3,4),
(236,4,4,5,4,4),
(237,5,5,4,2,5),
(238,4,4,2,2,5),
(239,5,3,4,3,4),
(240,4,3,5,2,3),
(241,4,4,2,5,4),
(242,3,4,4,3,2),
(243,5,3,5,2,4),
(244,4,3,5,5,5),
(245,3,5,5,4,3),
(246,4,3,5,3,4),
(247,5,5,5,3,5),
(248,3,5,5,4,4),
(249,4,4,5,5,2),
(250,4,3,3,4,3),
(251,3,5,4,2,5),
(252,3,4,5,2,2),
(253,5,3,4,2,4),
(254,4,3,2,2,3),
(255,5,4,3,3,3),
(256,5,3,5,3,2),
(257,5,3,2,3,3),
(258,5,4,5,2,2),
(259,3,3,4,5,2),
(260,3,3,3,3,3),
(261,5,3,5,5,4),
(262,5,4,4,4,5),
(263,3,4,5,5,3),
(264,3,5,5,2,4),
(265,5,5,5,2,4),
(266,5,4,4,2,3),
(267,5,3,4,5,2),
(268,4,5,4,5,3),
(269,5,4,5,2,5),
(270,3,5,4,3,4),
(271,5,4,2,2,2),
(272,3,3,2,5,5),
(273,5,3,2,3,5),
(274,4,3,2,2,5),
(275,5,3,3,4,2),
(276,3,5,3,3,4),
(277,4,3,3,3,5),
(278,3,3,2,2,3),
(279,4,5,2,4,3),
(280,5,5,5,3,3),
(281,4,5,3,2,5),
(282,3,5,2,3,4),
(283,3,3,4,2,3),
(284,5,4,2,3,4),
(285,3,5,4,5,2),
(286,3,5,5,4,2),
(287,4,3,4,2,3),
(288,5,4,2,3,5),
(289,5,5,2,4,2),
(290,5,3,5,3,4),
(291,3,4,3,4,5),
(292,3,3,2,2,3),
(293,4,5,2,5,2),
(294,5,3,5,5,3),
(295,5,4,4,3,4),
(296,3,5,2,3,5),
(297,5,5,2,2,3),
(298,3,3,5,3,4),
(299,5,5,3,4,3),
(300,5,3,2,2,4),
(301,5,5,4,3,5),
(302,4,5,4,3,4),
(303,5,3,2,4,5),
(304,3,3,3,3,4),
(305,3,4,3,2,3),
(306,4,3,2,5,2),
(307,4,4,2,2,4),
(308,4,3,5,5,5),
(309,4,3,5,2,4),
(310,4,3,4,4,3),
(311,5,5,5,5,2),
(312,4,5,4,5,5),
(313,5,4,3,5,5),
(314,3,4,4,2,3),
(315,4,5,5,2,4),
(316,4,5,2,2,4),
(317,4,3,5,5,2),
(318,3,4,5,3,5),
(319,3,4,4,2,5),
(320,4,4,5,3,3),
(321,5,5,2,3,2),
(322,5,5,5,4,2),
(323,3,5,4,4,2),
(324,3,5,3,4,2),
(325,3,5,2,3,3),
(326,5,4,2,5,4),
(327,5,4,4,5,4),
(328,3,3,4,2,4),
(329,5,3,4,4,3),
(330,5,3,5,2,2),
(331,5,5,5,2,2),
(332,5,5,5,4,4),
(333,3,4,3,4,3),
(334,3,5,3,5,5),
(335,5,5,2,4,5),
(336,4,3,3,3,5),
(337,3,5,4,4,4),
(338,4,4,3,5,3),
(339,3,4,4,5,2),
(340,3,3,3,5,5),
(341,5,5,3,4,2),
(342,5,3,2,2,4),
(343,5,4,4,5,3),
(344,5,5,2,3,2),
(345,5,5,5,5,4),
(346,5,5,4,2,3),
(347,3,5,5,4,4),
(348,3,3,2,3,5),
(349,5,4,2,4,4),
(350,4,4,5,3,3),
(351,5,3,3,4,3),
(352,5,3,2,2,3),
(353,3,4,3,4,5),
(354,3,4,4,2,2),
(355,3,3,4,2,4),
(356,3,5,2,4,3),
(357,4,5,2,4,2),
(358,5,5,4,3,2),
(359,3,3,5,3,3),
(360,4,3,5,4,3),
(361,3,5,3,2,5),
(362,5,3,3,2,5),
(363,4,5,3,4,5),
(364,3,4,3,4,5),
(365,4,5,4,5,4),
(366,4,4,5,4,3),
(367,3,4,4,2,4),
(368,3,4,5,5,3),
(369,5,3,5,2,4),
(370,4,4,5,5,5),
(371,5,3,4,2,4),
(372,5,3,3,2,4),
(373,3,5,2,5,2),
(374,4,5,2,2,3),
(375,3,5,5,3,4),
(376,4,4,5,3,3),
(377,3,5,2,5,5),
(378,4,3,3,3,2),
(379,4,5,5,3,4),
(380,3,5,5,2,2),
(381,3,3,5,3,4),
(382,5,5,2,4,4),
(383,4,5,5,5,4),
(384,4,5,4,5,4),
(385,3,4,2,5,5),
(386,5,3,5,3,2),
(387,4,4,5,2,4),
(388,5,3,2,3,3),
(389,3,3,5,5,3),
(390,4,4,4,4,3),
(391,5,5,5,2,4),
(392,5,4,5,4,3),
(393,4,5,2,2,5),
(394,3,3,3,2,3),
(395,3,3,5,5,3),
(396,5,5,5,5,2),
(397,4,5,4,4,4),
(398,3,4,3,4,4),
(399,4,5,3,3,5),
(400,3,3,5,2,2),
(401,3,5,2,5,4),
(402,4,5,3,2,4),
(403,3,4,2,3,4),
(404,4,4,5,4,3),
(405,3,5,3,4,3),
(406,3,5,5,4,4),
(407,5,5,5,3,3),
(408,3,3,3,3,3),
(409,3,3,5,5,5),
(410,3,3,5,5,5),
(411,4,5,4,2,3),
(412,4,5,5,5,4),
(413,4,5,4,3,2),
(414,4,5,4,5,3),
(415,3,4,4,3,2),
(416,5,3,2,4,4),
(417,3,5,4,2,4),
(418,3,5,4,4,2);


INSERT IGNORE INTO `triage` (`triage_id`,`patient_id`,`nurse_id`,`arrival_time`,`emergency_level`,`symptoms`,`outcome`) VALUES
(1,1,42,'2023-01-05 02:09:09',2,'Back pain','Hospitalization'),
(2,1,8,'2024-05-25 01:05:24',3,'Dizziness','Hospitalization'),
(3,1,57,'2025-11-07 23:35:59',4,'Back pain','Hospitalization'),
(4,1,52,'2023-06-11 21:39:33',5,'High blood pressure','Hospitalization'),
(5,2,57,'2024-08-25 18:16:24',1,'Back pain','Hospitalization'),
(6,2,42,'2024-01-19 04:29:35',1,'Abdominal pain','Hospitalization'),
(7,2,7,'2023-07-21 22:21:34',5,'Cough','Hospitalization'),
(8,2,4,'2025-02-28 01:33:35',5,'Cough','Hospitalization'),
(9,3,16,'2024-01-30 09:47:40',4,'Headache','Hospitalization'),
(10,3,30,'2025-06-06 22:48:50',2,'Fever','Hospitalization'),
(11,3,48,'2024-05-03 01:54:25',1,'High blood pressure','Hospitalization'),
(12,3,40,'2023-11-18 02:01:39',1,'Cough','Hospitalization'),
(13,4,53,'2025-05-13 16:59:29',3,'Chest pain','Hospitalization'),
(14,4,8,'2025-10-06 15:44:14',3,'High blood pressure','Hospitalization'),
(15,4,45,'2024-08-01 00:50:46',5,'Headache','Hospitalization'),
(16,4,13,'2025-02-11 20:57:12',3,'Cough','Hospitalization'),
(17,5,60,'2023-02-12 04:26:58',4,'Chest pain','Hospitalization'),
(18,5,48,'2024-07-13 01:25:11',1,'Nausea','Hospitalization'),
(19,5,47,'2025-09-27 00:12:30',5,'Dizziness','Hospitalization'),
(20,5,39,'2025-07-16 02:38:48',4,'Shortness of breath','Hospitalization'),
(21,6,27,'2024-06-25 04:49:40',2,'Dizziness','Hospitalization'),
(22,6,46,'2024-03-19 08:25:19',2,'Cough','Hospitalization'),
(23,6,21,'2025-07-16 00:37:38',5,'Back pain','Hospitalization'),
(24,6,57,'2025-09-20 04:24:17',5,'Abdominal pain','Hospitalization'),
(25,7,4,'2023-02-26 18:32:35',1,'Back pain','Hospitalization'),
(26,7,49,'2023-09-26 12:48:37',3,'Severe injury','Hospitalization'),
(27,7,16,'2025-10-16 15:47:17',5,'Shortness of breath','Hospitalization'),
(28,7,4,'2024-06-11 02:40:43',3,'Nausea','Hospitalization'),
(29,8,35,'2024-12-20 07:40:07',3,'Cough','Hospitalization'),
(30,8,12,'2024-09-22 10:50:30',1,'Dizziness','Hospitalization'),
(31,8,11,'2024-08-04 11:52:30',3,'Dizziness','Hospitalization'),
(32,8,39,'2025-01-16 20:16:23',2,'Headache','Hospitalization'),
(33,9,5,'2024-08-10 17:44:11',5,'Headache','Hospitalization'),
(34,9,11,'2024-07-21 12:24:08',1,'Nausea','Hospitalization'),
(35,10,43,'2024-05-16 00:40:17',2,'Severe injury','Hospitalization'),
(36,10,31,'2024-10-19 15:15:34',5,'Nausea','Hospitalization'),
(37,11,16,'2024-12-17 14:31:04',5,'Cough','Hospitalization'),
(38,11,47,'2024-05-30 04:37:27',3,'Nausea','Hospitalization'),
(39,12,32,'2024-11-08 02:47:39',5,'High blood pressure','Hospitalization'),
(40,12,50,'2024-02-02 07:30:54',1,'Dizziness','Hospitalization'),
(41,13,28,'2024-09-01 19:30:00',2,'Back pain','Hospitalization'),
(42,13,10,'2024-09-08 10:23:12',1,'Back pain','Hospitalization'),
(43,14,51,'2024-01-29 18:43:16',1,'Dizziness','Hospitalization'),
(44,14,25,'2024-12-20 03:00:37',3,'Shortness of breath','Hospitalization'),
(45,15,1,'2024-09-18 19:35:56',1,'Nausea','Hospitalization'),
(46,15,60,'2024-01-19 00:14:52',1,'Headache','Hospitalization'),
(47,16,49,'2024-08-23 21:36:12',1,'Abdominal pain','Hospitalization'),
(48,16,15,'2024-07-03 09:53:07',2,'Nausea','Hospitalization'),
(49,17,36,'2024-04-26 02:05:16',3,'Chest pain','Hospitalization'),
(50,17,35,'2024-08-10 18:07:27',5,'Shortness of breath','Hospitalization'),
(51,18,55,'2024-03-23 13:31:52',4,'Back pain','Hospitalization'),
(52,18,8,'2024-08-27 21:47:03',3,'Severe injury','Hospitalization'),
(53,138,7,'2023-04-24 05:04:45',1,'Abdominal pain','Hospitalization'),
(54,104,19,'2023-09-19 00:55:41',2,'Fever','Hospitalization'),
(55,144,10,'2023-08-28 16:43:40',3,'Cough','Hospitalization'),
(56,129,46,'2023-05-02 23:22:24',2,'Severe injury','Hospitalization'),
(57,112,29,'2023-12-08 06:29:20',4,'High blood pressure','Hospitalization'),
(58,161,54,'2024-09-08 00:58:37',5,'Fever','Hospitalization'),
(59,87,55,'2024-10-09 20:05:45',1,'Chest pain','Hospitalization'),
(60,168,17,'2024-12-18 07:21:41',1,'Nausea','Hospitalization'),
(61,58,9,'2024-03-28 01:22:07',5,'Abdominal pain','Hospitalization'),
(62,121,44,'2024-09-14 16:36:40',2,'Cough','Hospitalization'),
(63,134,56,'2023-08-09 06:49:55',5,'Back pain','Hospitalization'),
(64,30,24,'2023-04-01 08:03:56',1,'Abdominal pain','Hospitalization'),
(65,112,3,'2023-12-23 19:27:58',4,'Chest pain','Hospitalization'),
(66,153,35,'2023-11-21 13:34:24',3,'Cough','Hospitalization'),
(67,116,59,'2023-07-20 23:38:50',3,'Shortness of breath','Hospitalization'),
(68,108,33,'2024-12-10 21:02:30',5,'Chest pain','Hospitalization'),
(69,39,11,'2024-03-23 11:28:56',2,'Dizziness','Hospitalization'),
(70,78,44,'2024-10-07 01:16:09',1,'High blood pressure','Hospitalization'),
(71,61,9,'2024-01-10 01:12:44',2,'Chest pain','Hospitalization'),
(72,181,4,'2024-12-12 06:50:09',5,'Dizziness','Hospitalization'),
(73,123,14,'2023-12-08 12:17:49',3,'Fever','Hospitalization'),
(74,63,53,'2023-08-22 16:13:21',2,'Cough','Hospitalization'),
(75,62,38,'2023-12-25 12:56:35',4,'Cough','Hospitalization'),
(76,53,44,'2023-03-20 22:01:30',5,'Nausea','Hospitalization'),
(77,65,49,'2023-12-08 05:14:51',5,'Nausea','Hospitalization'),
(78,53,27,'2024-12-14 16:21:23',4,'Nausea','Hospitalization'),
(79,78,38,'2024-11-02 23:11:29',4,'Headache','Hospitalization'),
(80,128,19,'2024-07-04 15:16:43',2,'Fever','Hospitalization'),
(81,68,34,'2024-08-12 19:13:50',5,'Fever','Hospitalization'),
(82,100,42,'2024-02-11 17:25:39',2,'Shortness of breath','Hospitalization'),
(83,109,27,'2024-04-17 08:24:37',4,'Severe injury','Hospitalization'),
(84,95,23,'2025-04-09 21:22:44',3,'Cough','Hospitalization'),
(85,192,14,'2024-09-28 22:03:18',2,'Fever','Hospitalization'),
(86,179,1,'2025-03-04 18:11:12',4,'Back pain','Hospitalization'),
(87,23,3,'2024-05-24 08:26:02',1,'Cough','Hospitalization'),
(88,74,32,'2025-10-28 18:33:12',2,'Back pain','Hospitalization'),
(89,74,45,'2023-08-22 03:53:02',5,'Nausea','Hospitalization'),
(90,93,50,'2025-03-03 11:29:29',1,'Abdominal pain','Hospitalization'),
(91,52,36,'2023-10-01 14:13:54',1,'Fever','Hospitalization'),
(92,89,60,'2024-08-23 19:42:59',2,'High blood pressure','Hospitalization'),
(93,105,22,'2023-01-29 10:41:10',5,'Abdominal pain','Hospitalization'),
(94,148,50,'2025-05-27 18:38:34',5,'High blood pressure','Hospitalization'),
(95,151,25,'2023-02-15 11:41:56',3,'Fever','Hospitalization'),
(96,81,16,'2024-07-27 08:38:15',1,'Abdominal pain','Hospitalization'),
(97,20,58,'2023-05-03 05:30:22',3,'Severe injury','Hospitalization'),
(98,128,14,'2023-10-13 22:41:44',2,'Abdominal pain','Hospitalization'),
(99,40,43,'2023-12-24 16:46:30',1,'Back pain','Hospitalization'),
(100,124,32,'2025-07-11 12:56:41',5,'Abdominal pain','Hospitalization'),
(101,57,31,'2025-01-22 08:41:51',5,'Shortness of breath','Hospitalization'),
(102,176,21,'2023-02-17 01:54:45',5,'High blood pressure','Hospitalization'),
(103,98,12,'2023-05-21 18:22:40',5,'Abdominal pain','Hospitalization'),
(104,157,27,'2024-07-13 00:52:24',4,'Severe injury','Hospitalization'),
(105,72,15,'2023-02-21 06:18:20',5,'Back pain','Hospitalization'),
(106,111,52,'2024-02-26 23:21:43',2,'High blood pressure','Hospitalization'),
(107,162,17,'2025-05-03 22:47:28',4,'Abdominal pain','Hospitalization'),
(108,177,54,'2023-11-13 09:20:03',3,'High blood pressure','Hospitalization'),
(109,93,2,'2025-11-11 21:53:42',3,'Headache','Hospitalization'),
(110,51,50,'2025-09-10 10:20:20',5,'Dizziness','Hospitalization'),
(111,125,40,'2025-12-12 19:58:31',1,'Shortness of breath','Hospitalization'),
(112,87,6,'2025-08-11 08:02:54',4,'Fever','Hospitalization'),
(113,168,57,'2025-08-24 10:35:48',4,'Abdominal pain','Hospitalization'),
(114,116,47,'2023-11-29 01:49:53',1,'Dizziness','Hospitalization'),
(115,54,36,'2024-02-07 10:37:30',1,'High blood pressure','Hospitalization'),
(116,27,15,'2025-02-03 01:50:16',4,'Abdominal pain','Hospitalization'),
(117,33,43,'2025-03-08 14:10:54',1,'Chest pain','Hospitalization'),
(118,70,38,'2024-09-28 06:18:59',5,'Dizziness','Hospitalization'),
(119,164,35,'2025-12-20 07:46:40',3,'High blood pressure','Hospitalization'),
(120,94,34,'2024-04-28 05:30:16',1,'Chest pain','Hospitalization'),
(121,3,50,'2024-07-04 14:35:14',3,'Chest pain','Hospitalization'),
(122,2,26,'2024-06-09 05:39:23',5,'Shortness of breath','Hospitalization'),
(123,68,52,'2024-04-03 08:52:40',5,'Cough','Hospitalization'),
(124,69,19,'2023-01-27 22:07:49',2,'Dizziness','Hospitalization'),
(125,70,10,'2025-03-15 06:19:28',3,'Chest pain','Hospitalization'),
(126,73,6,'2023-06-20 14:20:21',1,'Severe injury','Hospitalization'),
(127,108,6,'2024-06-29 09:51:08',1,'Headache','Hospitalization'),
(128,140,54,'2023-12-15 04:31:10',3,'Shortness of breath','Hospitalization'),
(129,64,43,'2023-06-29 07:17:24',1,'Nausea','Hospitalization'),
(130,83,8,'2025-01-17 17:12:04',5,'Nausea','Hospitalization'),
(131,14,28,'2025-02-14 04:34:10',2,'Back pain','Hospitalization'),
(132,31,45,'2023-01-17 15:24:23',5,'High blood pressure','Hospitalization'),
(133,41,4,'2023-08-29 14:11:16',3,'Back pain','Hospitalization'),
(134,28,49,'2024-05-03 08:13:35',5,'Back pain','Hospitalization'),
(135,177,32,'2024-02-22 15:47:41',3,'Chest pain','Hospitalization'),
(136,179,21,'2023-03-14 19:29:13',5,'Headache','Hospitalization'),
(137,42,35,'2025-06-24 20:33:51',3,'Abdominal pain','Hospitalization'),
(138,98,16,'2023-08-30 00:20:42',3,'Cough','Hospitalization'),
(139,100,40,'2025-07-13 13:29:39',5,'Dizziness','Hospitalization'),
(140,29,12,'2025-01-27 05:30:04',1,'Dizziness','Hospitalization'),
(141,26,32,'2025-11-22 02:52:35',4,'Back pain','Hospitalization'),
(142,94,42,'2025-01-28 20:35:35',1,'Severe injury','Hospitalization'),
(143,93,53,'2025-11-16 13:50:32',3,'Chest pain','Hospitalization'),
(144,78,35,'2023-02-08 01:13:01',1,'Severe injury','Hospitalization'),
(145,146,48,'2023-10-19 06:59:51',5,'Shortness of breath','Hospitalization'),
(146,180,26,'2024-03-06 02:46:31',2,'Nausea','Hospitalization'),
(147,114,27,'2024-08-01 23:07:46',3,'Headache','Hospitalization'),
(148,145,24,'2023-10-25 16:55:04',5,'Abdominal pain','Hospitalization'),
(149,73,20,'2023-02-22 19:05:24',3,'Chest pain','Hospitalization'),
(150,142,7,'2025-12-26 22:13:21',5,'Dizziness','Hospitalization'),
(151,68,6,'2025-04-01 19:39:46',3,'Abdominal pain','Hospitalization'),
(152,186,39,'2024-07-08 23:03:57',5,'Fever','Hospitalization'),
(153,21,27,'2023-05-11 04:44:14',3,'Shortness of breath','Hospitalization'),
(154,3,3,'2025-01-22 08:30:32',3,'Nausea','Hospitalization'),
(155,129,49,'2023-01-20 22:52:43',4,'High blood pressure','Hospitalization'),
(156,111,31,'2024-02-21 16:05:28',3,'Fever','Hospitalization'),
(157,68,31,'2024-06-18 01:45:02',2,'Dizziness','Hospitalization'),
(158,51,5,'2025-07-23 22:20:36',2,'Severe injury','Hospitalization'),
(159,23,13,'2025-06-14 19:41:04',3,'Headache','Hospitalization'),
(160,198,10,'2023-08-28 15:35:45',4,'Cough','Hospitalization'),
(161,40,16,'2025-02-03 15:50:54',1,'Chest pain','Hospitalization'),
(162,178,22,'2023-06-25 02:52:40',4,'Chest pain','Hospitalization'),
(163,140,45,'2024-07-06 22:07:54',5,'Dizziness','Hospitalization'),
(164,170,13,'2023-03-08 11:29:39',1,'Abdominal pain','Hospitalization'),
(165,168,55,'2023-09-14 19:07:15',3,'Back pain','Hospitalization'),
(166,167,32,'2023-07-17 19:56:21',1,'Headache','Hospitalization'),
(167,129,60,'2025-01-09 16:17:13',1,'Severe injury','Hospitalization'),
(168,191,41,'2023-09-24 02:14:38',3,'Headache','Hospitalization'),
(169,161,15,'2024-01-12 18:38:31',5,'Abdominal pain','Hospitalization'),
(170,23,44,'2024-09-20 15:22:13',5,'Back pain','Hospitalization'),
(171,110,14,'2025-06-24 18:33:36',5,'Dizziness','Hospitalization'),
(172,36,28,'2025-12-16 07:57:41',5,'Dizziness','Hospitalization'),
(173,18,54,'2025-02-16 07:26:58',2,'Headache','Hospitalization'),
(174,106,50,'2024-11-15 10:47:06',3,'Dizziness','Hospitalization'),
(175,196,15,'2025-08-24 12:38:35',5,'Cough','Hospitalization'),
(176,92,55,'2025-07-05 10:15:16',2,'Nausea','Hospitalization'),
(177,126,27,'2023-03-17 09:18:43',2,'Chest pain','Hospitalization'),
(178,194,32,'2023-12-27 09:13:41',4,'Cough','Hospitalization'),
(179,104,26,'2023-10-13 21:47:20',4,'Headache','Hospitalization'),
(180,135,29,'2025-01-16 06:57:27',5,'Fever','Hospitalization'),
(181,102,4,'2023-05-31 18:48:34',5,'Back pain','Hospitalization'),
(182,199,40,'2024-03-05 23:46:03',4,'Abdominal pain','Hospitalization'),
(183,166,50,'2023-07-14 18:28:07',1,'Dizziness','Hospitalization'),
(184,106,58,'2024-03-10 19:16:09',4,'Cough','Hospitalization'),
(185,83,6,'2025-11-06 15:47:22',2,'Fever','Hospitalization'),
(186,22,11,'2025-10-10 14:57:18',5,'Cough','Hospitalization'),
(187,86,12,'2025-02-28 14:56:15',2,'Dizziness','Hospitalization'),
(188,187,58,'2024-08-31 14:57:49',2,'Fever','Hospitalization'),
(189,4,39,'2024-07-12 23:40:57',5,'Chest pain','Hospitalization'),
(190,117,16,'2024-08-21 19:44:40',5,'Chest pain','Hospitalization'),
(191,54,10,'2023-01-22 17:13:59',3,'Chest pain','Hospitalization'),
(192,85,11,'2023-02-12 14:54:23',4,'Dizziness','Hospitalization'),
(193,147,60,'2025-06-27 04:03:22',5,'Headache','Hospitalization'),
(194,98,19,'2023-06-16 06:56:48',5,'Fever','Hospitalization'),
(195,85,4,'2024-03-22 19:54:02',2,'Cough','Hospitalization'),
(196,186,39,'2025-10-02 19:54:21',3,'Shortness of breath','Hospitalization'),
(197,91,47,'2023-08-07 20:07:55',4,'Nausea','Hospitalization'),
(198,60,30,'2024-01-01 22:44:06',1,'Chest pain','Hospitalization'),
(199,107,14,'2023-05-17 02:58:28',5,'Back pain','Hospitalization'),
(200,66,21,'2023-04-27 22:50:58',5,'Nausea','Hospitalization'),
(201,186,22,'2025-11-20 11:12:02',2,'Severe injury','Hospitalization'),
(202,166,58,'2024-08-31 21:55:56',4,'Nausea','Hospitalization'),
(203,77,2,'2025-05-03 20:41:58',5,'Nausea','Hospitalization'),
(204,39,37,'2023-05-27 01:29:51',5,'Dizziness','Hospitalization'),
(205,193,27,'2025-05-03 11:20:48',1,'Abdominal pain','Hospitalization'),
(206,78,51,'2025-03-10 07:14:13',1,'Headache','Hospitalization'),
(207,130,60,'2024-03-01 04:06:32',2,'Headache','Hospitalization'),
(208,37,47,'2023-07-20 18:50:06',2,'Severe injury','Hospitalization'),
(209,2,22,'2023-11-26 17:05:19',5,'Fever','Hospitalization'),
(210,6,13,'2024-12-12 19:18:22',2,'Headache','Hospitalization'),
(211,198,18,'2025-04-17 05:19:17',2,'Dizziness','Hospitalization'),
(212,27,10,'2025-08-02 16:27:32',3,'Abdominal pain','Hospitalization'),
(213,44,29,'2024-12-12 20:18:30',3,'Nausea','Hospitalization'),
(214,28,46,'2023-06-15 22:56:55',4,'Dizziness','Hospitalization'),
(215,80,60,'2023-10-22 20:49:26',5,'Fever','Hospitalization'),
(216,25,15,'2024-09-07 14:25:00',4,'High blood pressure','Hospitalization'),
(217,101,32,'2025-05-09 14:52:46',3,'High blood pressure','Hospitalization'),
(218,123,37,'2023-10-26 13:44:01',3,'Cough','Hospitalization'),
(219,84,30,'2025-11-05 01:59:30',3,'Nausea','Hospitalization'),
(220,63,14,'2023-05-30 09:25:43',1,'Headache','Hospitalization'),
(221,88,54,'2025-03-09 13:16:24',1,'Cough','Hospitalization'),
(222,84,26,'2023-06-23 05:42:57',2,'Abdominal pain','Hospitalization'),
(223,198,14,'2024-07-11 07:09:52',1,'Fever','Hospitalization'),
(224,116,13,'2024-08-27 09:32:54',5,'High blood pressure','Hospitalization'),
(225,174,38,'2024-12-21 17:31:01',3,'Fever','Hospitalization'),
(226,76,53,'2024-01-21 23:10:56',1,'Nausea','Hospitalization'),
(227,111,26,'2025-09-01 03:25:10',3,'Shortness of breath','Hospitalization'),
(228,122,10,'2023-05-30 16:41:08',3,'Shortness of breath','Hospitalization'),
(229,19,28,'2023-10-08 11:22:08',4,'Back pain','Hospitalization'),
(230,117,12,'2025-12-28 15:07:37',4,'Cough','Hospitalization'),
(231,99,37,'2023-06-15 07:09:38',5,'Chest pain','Hospitalization'),
(232,106,37,'2025-05-23 20:24:30',1,'Chest pain','Hospitalization'),
(233,124,30,'2023-10-11 21:49:18',5,'Abdominal pain','Hospitalization'),
(234,63,41,'2025-09-16 02:28:35',1,'Back pain','Hospitalization'),
(235,14,30,'2024-10-29 16:23:55',1,'High blood pressure','Hospitalization'),
(236,91,48,'2024-03-06 09:17:21',1,'Cough','Hospitalization'),
(237,162,19,'2025-08-11 19:26:31',1,'Back pain','Hospitalization'),
(238,22,9,'2025-11-28 00:02:41',3,'Abdominal pain','Hospitalization'),
(239,190,43,'2025-12-20 19:02:25',5,'Dizziness','Hospitalization'),
(240,125,10,'2025-01-14 04:25:33',3,'Fever','Hospitalization'),
(241,61,37,'2024-09-04 22:37:35',2,'Severe injury','Hospitalization'),
(242,194,31,'2023-03-07 10:08:56',4,'Shortness of breath','Hospitalization'),
(243,175,56,'2024-04-12 07:50:37',2,'Nausea','Hospitalization'),
(244,174,41,'2025-01-17 06:18:42',1,'Nausea','Hospitalization'),
(245,86,38,'2024-02-08 12:00:21',3,'Back pain','Hospitalization'),
(246,198,36,'2025-09-21 12:47:27',2,'Headache','Hospitalization'),
(247,106,15,'2025-09-24 13:19:08',4,'Headache','Hospitalization'),
(248,7,41,'2023-08-20 01:46:22',2,'Cough','Hospitalization'),
(249,34,58,'2025-12-16 19:38:59',5,'Dizziness','Hospitalization'),
(250,120,45,'2023-06-26 10:24:07',3,'Shortness of breath','Hospitalization'),
(251,200,22,'2024-01-25 13:29:33',4,'Shortness of breath','Hospitalization'),
(252,18,32,'2023-06-02 19:37:05',2,'Back pain','Hospitalization'),
(253,158,3,'2023-10-06 04:00:51',3,'Fever','Hospitalization'),
(254,5,43,'2024-09-10 21:08:45',1,'Chest pain','Hospitalization'),
(255,101,28,'2023-10-03 03:21:45',4,'High blood pressure','Hospitalization'),
(256,1,37,'2025-10-31 04:32:28',4,'Fever','Hospitalization'),
(257,103,55,'2025-02-05 13:04:38',3,'Nausea','Hospitalization'),
(258,46,45,'2023-09-14 22:29:17',2,'Abdominal pain','Hospitalization'),
(259,162,2,'2025-02-24 16:21:46',1,'Severe injury','Hospitalization'),
(260,17,54,'2025-04-30 20:15:34',4,'Nausea','Hospitalization'),
(261,87,52,'2025-06-07 19:36:25',1,'Severe injury','Hospitalization'),
(262,39,48,'2025-12-26 11:54:29',1,'Chest pain','Hospitalization'),
(263,12,41,'2025-02-21 00:41:59',1,'Dizziness','Hospitalization'),
(264,44,32,'2025-11-14 22:27:00',1,'Fever','Hospitalization'),
(265,52,8,'2024-11-20 23:06:53',4,'Headache','Hospitalization'),
(266,55,8,'2023-03-09 16:38:57',3,'Fever','Hospitalization'),
(267,142,9,'2024-12-25 19:55:16',5,'Chest pain','Hospitalization'),
(268,5,60,'2024-01-03 19:10:56',1,'Dizziness','Hospitalization'),
(269,178,41,'2024-02-19 14:43:23',2,'Dizziness','Hospitalization'),
(270,45,40,'2025-08-20 21:39:27',2,'High blood pressure','Hospitalization'),
(271,2,40,'2023-02-15 23:15:08',5,'Fever','Hospitalization'),
(272,119,13,'2025-03-23 03:42:49',3,'Chest pain','Hospitalization'),
(273,128,42,'2023-12-25 15:56:09',1,'Chest pain','Hospitalization'),
(274,86,12,'2024-02-10 21:16:30',1,'Nausea','Hospitalization'),
(275,30,21,'2023-06-23 02:01:52',5,'Cough','Hospitalization'),
(276,84,25,'2023-10-14 20:18:30',4,'Severe injury','Hospitalization'),
(277,14,12,'2024-03-25 06:48:19',5,'High blood pressure','Hospitalization'),
(278,162,45,'2024-05-10 18:44:03',2,'Chest pain','Hospitalization'),
(279,120,57,'2024-10-22 14:52:42',3,'Severe injury','Hospitalization'),
(280,44,55,'2025-03-31 12:58:50',1,'Shortness of breath','Hospitalization'),
(281,119,21,'2023-06-16 14:16:40',2,'Severe injury','Hospitalization'),
(282,147,47,'2023-01-18 12:11:57',1,'High blood pressure','Hospitalization'),
(283,123,16,'2025-02-08 09:25:07',4,'High blood pressure','Hospitalization'),
(284,56,31,'2024-04-03 04:13:22',1,'Chest pain','Hospitalization'),
(285,147,56,'2025-06-26 23:25:24',4,'Dizziness','Hospitalization'),
(286,119,58,'2025-12-01 11:20:51',1,'Shortness of breath','Hospitalization'),
(287,110,51,'2024-08-26 04:55:31',5,'Cough','Hospitalization'),
(288,189,8,'2023-12-20 17:51:11',3,'Chest pain','Hospitalization'),
(289,94,46,'2023-08-06 08:18:16',1,'Nausea','Hospitalization'),
(290,30,49,'2024-10-19 11:43:52',5,'Severe injury','Hospitalization'),
(291,69,24,'2025-04-18 23:10:54',1,'Fever','Hospitalization'),
(292,32,29,'2025-09-21 18:17:29',5,'Abdominal pain','Hospitalization'),
(293,23,11,'2024-04-22 07:49:41',1,'Fever','Hospitalization'),
(294,53,35,'2025-04-25 04:32:14',4,'Back pain','Hospitalization'),
(295,189,56,'2023-03-15 18:10:23',1,'Chest pain','Hospitalization'),
(296,88,43,'2025-05-08 01:23:46',4,'Cough','Hospitalization'),
(297,78,15,'2023-04-30 08:44:25',2,'Abdominal pain','Hospitalization'),
(298,91,19,'2024-08-28 14:03:05',2,'Nausea','Hospitalization'),
(299,30,24,'2024-02-19 10:49:06',4,'Abdominal pain','Hospitalization'),
(300,171,11,'2024-05-25 03:49:08',4,'Nausea','Hospitalization'),
(301,128,1,'2023-12-27 15:49:40',3,'Dizziness','Hospitalization'),
(302,122,47,'2024-08-11 03:31:43',2,'Cough','Hospitalization'),
(303,36,40,'2025-04-30 23:32:03',1,'Shortness of breath','Hospitalization'),
(304,15,51,'2025-08-15 21:58:30',5,'Severe injury','Hospitalization'),
(305,115,32,'2025-07-19 02:12:19',4,'Severe injury','Hospitalization'),
(306,171,25,'2024-10-05 09:15:57',4,'Headache','Hospitalization'),
(307,79,52,'2025-03-26 02:25:28',4,'Shortness of breath','Hospitalization'),
(308,36,20,'2025-02-03 18:18:17',2,'Severe injury','Hospitalization'),
(309,194,12,'2023-06-09 08:26:59',3,'Shortness of breath','Hospitalization'),
(310,48,53,'2024-08-03 10:24:50',4,'Chest pain','Hospitalization'),
(311,190,17,'2023-11-04 14:42:02',1,'Dizziness','Hospitalization'),
(312,107,8,'2024-09-07 17:50:22',2,'Chest pain','Hospitalization'),
(313,149,44,'2025-12-04 13:34:14',3,'Back pain','Hospitalization'),
(314,188,4,'2023-04-12 03:03:42',2,'Cough','Hospitalization'),
(315,92,59,'2023-05-21 14:17:14',4,'Back pain','Hospitalization'),
(316,164,39,'2023-03-17 14:29:06',2,'Fever','Hospitalization'),
(317,70,38,'2025-05-22 02:57:22',1,'Nausea','Hospitalization'),
(318,73,14,'2024-05-12 11:56:52',2,'Fever','Hospitalization'),
(319,158,27,'2025-07-26 23:29:27',5,'Fever','Hospitalization'),
(320,123,57,'2024-05-21 03:23:02',2,'High blood pressure','Hospitalization'),
(321,8,20,'2023-02-20 07:42:21',2,'Severe injury','Hospitalization'),
(322,177,3,'2023-01-08 15:17:18',4,'Shortness of breath','Hospitalization'),
(323,152,5,'2024-12-19 04:06:24',3,'Chest pain','Hospitalization'),
(324,155,6,'2025-03-14 02:17:29',3,'Chest pain','Hospitalization'),
(325,91,33,'2025-10-11 06:36:58',5,'Severe injury','Hospitalization'),
(326,136,1,'2025-04-20 19:05:44',2,'Nausea','Hospitalization'),
(327,94,54,'2025-06-21 01:58:57',1,'Dizziness','Hospitalization'),
(328,59,8,'2023-05-03 09:18:16',1,'High blood pressure','Hospitalization'),
(329,143,25,'2023-05-08 18:15:26',4,'Fever','Hospitalization'),
(330,58,55,'2024-11-28 12:35:09',4,'Severe injury','Hospitalization'),
(331,46,29,'2025-09-19 08:23:02',1,'Shortness of breath','Hospitalization'),
(332,102,24,'2025-02-09 20:07:09',2,'Fever','Hospitalization'),
(333,32,38,'2024-07-13 04:02:36',3,'Cough','Hospitalization'),
(334,171,50,'2024-07-17 22:43:43',3,'Dizziness','Hospitalization'),
(335,128,54,'2025-01-12 21:02:35',1,'Chest pain','Hospitalization'),
(336,155,7,'2024-04-27 21:51:31',5,'Cough','Hospitalization'),
(337,52,35,'2025-07-10 17:27:52',5,'Abdominal pain','Hospitalization'),
(338,196,55,'2024-05-29 07:41:22',4,'Headache','Hospitalization'),
(339,46,32,'2025-10-31 00:22:16',3,'Dizziness','Hospitalization'),
(340,196,35,'2025-07-10 20:17:31',5,'Back pain','Hospitalization'),
(341,130,40,'2024-07-11 10:51:19',5,'Shortness of breath','Hospitalization'),
(342,8,52,'2023-11-22 08:47:30',3,'Headache','Hospitalization'),
(343,98,4,'2024-05-19 02:53:35',4,'Headache','Hospitalization'),
(344,152,22,'2025-12-04 19:06:26',3,'Fever','Hospitalization'),
(345,118,2,'2024-07-19 05:54:33',4,'Abdominal pain','Hospitalization'),
(346,97,7,'2024-08-10 16:26:49',1,'High blood pressure','Hospitalization'),
(347,129,24,'2025-03-07 01:04:41',5,'Abdominal pain','Hospitalization'),
(348,138,26,'2024-01-19 19:01:27',3,'Cough','Hospitalization'),
(349,152,28,'2024-08-08 07:29:39',5,'High blood pressure','Hospitalization'),
(350,130,13,'2024-09-14 23:51:52',5,'Headache','Hospitalization'),
(351,117,46,'2025-12-09 10:33:04',1,'Back pain','Hospitalization'),
(352,170,55,'2025-04-15 09:20:38',5,'Cough','Hospitalization'),
(353,94,27,'2023-02-28 18:30:24',3,'Shortness of breath','Hospitalization'),
(354,74,26,'2023-09-25 01:57:06',5,'Severe injury','Hospitalization'),
(355,63,28,'2024-07-07 20:05:29',5,'Shortness of breath','Hospitalization'),
(356,35,36,'2024-11-08 09:31:07',3,'Back pain','Hospitalization'),
(357,15,58,'2023-08-22 23:18:57',3,'Fever','Hospitalization'),
(358,61,43,'2025-07-14 14:39:15',1,'Nausea','Hospitalization'),
(359,24,54,'2025-10-28 14:39:40',3,'Headache','Hospitalization'),
(360,56,27,'2023-03-25 11:38:13',3,'High blood pressure','Hospitalization'),
(361,96,44,'2023-08-01 06:42:44',4,'High blood pressure','Hospitalization'),
(362,184,54,'2024-09-07 23:32:29',5,'Chest pain','Hospitalization'),
(363,65,8,'2024-09-05 11:26:12',3,'Back pain','Hospitalization'),
(364,101,14,'2024-02-05 09:11:38',2,'Abdominal pain','Hospitalization'),
(365,9,48,'2023-10-31 01:03:46',4,'High blood pressure','Hospitalization'),
(366,179,47,'2025-05-17 23:32:19',4,'Cough','Hospitalization'),
(367,196,9,'2025-03-13 16:34:38',4,'Back pain','Hospitalization'),
(368,81,46,'2023-03-03 15:00:42',2,'Nausea','Hospitalization'),
(369,82,12,'2024-10-12 20:18:02',2,'Abdominal pain','Hospitalization'),
(370,22,15,'2024-06-02 03:37:53',4,'Cough','Hospitalization'),
(371,161,4,'2023-03-19 07:58:29',3,'Dizziness','Hospitalization'),
(372,39,46,'2024-08-08 15:05:13',1,'Chest pain','Hospitalization'),
(373,31,48,'2025-03-16 08:00:01',3,'Abdominal pain','Hospitalization'),
(374,154,12,'2024-09-20 07:51:20',2,'Shortness of breath','Hospitalization'),
(375,68,38,'2025-12-19 16:54:43',2,'Headache','Hospitalization'),
(376,121,46,'2024-06-03 17:28:42',2,'Shortness of breath','Hospitalization'),
(377,25,59,'2023-05-10 14:30:13',2,'High blood pressure','Hospitalization'),
(378,2,43,'2025-05-29 06:35:47',3,'Shortness of breath','Hospitalization'),
(379,46,9,'2023-07-11 17:36:00',3,'High blood pressure','Hospitalization'),
(380,67,48,'2024-02-19 23:50:55',4,'Abdominal pain','Hospitalization'),
(381,195,21,'2024-05-01 21:28:03',4,'Dizziness','Hospitalization'),
(382,113,3,'2023-01-22 12:36:10',2,'Dizziness','Hospitalization'),
(383,112,32,'2024-06-20 19:15:42',3,'Nausea','Hospitalization'),
(384,90,48,'2023-04-21 16:09:26',2,'Dizziness','Hospitalization'),
(385,55,27,'2023-10-26 03:32:16',5,'Dizziness','Hospitalization'),
(386,85,24,'2024-09-21 16:01:08',1,'Shortness of breath','Hospitalization'),
(387,21,18,'2025-07-06 16:34:25',4,'Back pain','Hospitalization'),
(388,168,14,'2024-10-11 10:29:44',5,'Dizziness','Hospitalization'),
(389,191,17,'2025-05-29 10:49:16',1,'Shortness of breath','Hospitalization'),
(390,54,49,'2024-06-05 14:36:17',3,'Back pain','Hospitalization'),
(391,111,43,'2024-08-22 17:09:16',2,'Headache','Hospitalization'),
(392,115,28,'2024-04-14 14:24:33',5,'Cough','Hospitalization'),
(393,48,22,'2025-02-06 10:19:59',1,'Nausea','Hospitalization'),
(394,127,30,'2025-07-24 02:21:05',1,'Abdominal pain','Hospitalization'),
(395,33,19,'2024-04-06 21:37:07',5,'Shortness of breath','Hospitalization'),
(396,132,43,'2025-06-10 17:37:11',1,'High blood pressure','Hospitalization'),
(397,150,51,'2025-02-14 13:57:20',4,'Dizziness','Hospitalization'),
(398,181,29,'2024-10-08 13:03:05',4,'Back pain','Hospitalization'),
(399,55,7,'2023-08-23 22:10:51',3,'Back pain','Hospitalization'),
(400,30,56,'2023-07-05 15:04:46',4,'Shortness of breath','Hospitalization'),
(401,159,6,'2025-09-26 13:26:20',4,'Abdominal pain','Hospitalization'),
(402,5,42,'2023-01-11 17:56:12',2,'High blood pressure','Hospitalization'),
(403,138,31,'2023-10-27 06:19:15',4,'Dizziness','Hospitalization'),
(404,190,38,'2024-07-02 10:35:52',1,'High blood pressure','Hospitalization'),
(405,14,55,'2023-09-03 03:50:45',4,'Shortness of breath','Hospitalization'),
(406,75,47,'2024-07-08 02:47:21',5,'Cough','Hospitalization'),
(407,136,18,'2024-05-02 23:56:12',5,'Fever','Hospitalization'),
(408,160,11,'2024-09-28 05:18:20',4,'Chest pain','Hospitalization'),
(409,113,55,'2025-08-17 13:22:34',3,'Cough','Hospitalization'),
(410,186,52,'2024-11-19 20:52:31',3,'High blood pressure','Hospitalization'),
(411,171,32,'2023-03-19 19:19:39',2,'Cough','Hospitalization'),
(412,61,23,'2025-01-08 08:59:21',3,'Abdominal pain','Hospitalization'),
(413,17,36,'2024-08-28 04:06:13',2,'Fever','Hospitalization'),
(414,197,39,'2025-12-15 10:17:11',2,'Nausea','Hospitalization'),
(415,194,53,'2023-08-26 10:56:54',5,'Fever','Hospitalization'),
(416,162,49,'2023-03-03 07:38:57',3,'High blood pressure','Hospitalization'),
(417,86,27,'2023-11-26 21:28:46',2,'High blood pressure','Hospitalization'),
(418,130,41,'2023-05-25 23:21:30',4,'Headache','Hospitalization'),
(419,59,55,'2024-12-22 20:34:01',4,'High blood pressure','Hospitalization'),
(420,38,6,'2023-11-10 10:45:55',5,'Fever','Hospitalization'),
(421,16,4,'2023-12-25 14:29:56',2,'Cough','Hospitalization'),
(422,103,59,'2025-08-04 08:01:23',3,'Headache','Hospitalization'),
(423,38,40,'2024-09-07 09:23:25',2,'Nausea','Hospitalization'),
(424,167,22,'2023-02-03 01:33:18',1,'Nausea','Hospitalization'),
(425,73,22,'2023-08-03 15:01:00',3,'Nausea','Hospitalization'),
(426,152,33,'2023-10-28 23:40:24',3,'Shortness of breath','Hospitalization'),
(427,161,20,'2024-01-19 20:54:09',1,'High blood pressure','Hospitalization'),
(428,61,15,'2025-08-08 23:44:53',5,'Cough','Hospitalization'),
(429,173,21,'2025-07-22 03:38:39',2,'Fever','Hospitalization'),
(430,26,6,'2025-11-19 01:35:54',4,'Fever','Hospitalization'),
(431,115,36,'2024-07-23 17:03:27',4,'Cough','Hospitalization'),
(432,128,53,'2024-09-24 22:06:42',4,'Shortness of breath','Hospitalization'),
(433,183,45,'2023-07-19 15:14:07',5,'Fever','Hospitalization'),
(434,144,8,'2023-11-28 08:10:39',4,'Fever','Hospitalization'),
(435,40,32,'2024-05-25 18:13:04',3,'Abdominal pain','Hospitalization'),
(436,108,1,'2024-03-25 01:21:53',2,'High blood pressure','Hospitalization'),
(437,107,51,'2025-08-09 01:18:08',4,'Headache','Hospitalization'),
(438,130,56,'2024-06-24 01:38:45',4,'Dizziness','Hospitalization'),
(439,105,43,'2023-05-12 23:41:21',5,'Chest pain','Hospitalization'),
(440,43,42,'2023-09-03 01:02:36',3,'Nausea','Hospitalization'),
(441,159,13,'2025-01-21 20:49:29',5,'Nausea','Hospitalization'),
(442,47,29,'2024-03-21 06:14:29',2,'Cough','Hospitalization'),
(443,103,28,'2023-12-02 02:10:59',1,'Headache','Hospitalization'),
(444,98,19,'2023-02-08 21:51:23',5,'Dizziness','Hospitalization'),
(445,79,12,'2025-01-24 05:06:56',5,'Headache','Hospitalization'),
(446,26,25,'2023-12-14 03:27:57',3,'Abdominal pain','Hospitalization'),
(447,151,8,'2024-10-19 12:46:58',5,'Shortness of breath','Hospitalization'),
(448,105,18,'2024-06-07 14:07:02',2,'Chest pain','Hospitalization'),
(449,167,6,'2023-08-10 00:25:59',4,'High blood pressure','Hospitalization'),
(450,139,3,'2023-06-14 21:39:32',5,'High blood pressure','Hospitalization'),
(451,1,25,'2024-08-20 12:31:52',3,'Back pain','Hospitalization'),
(452,73,20,'2023-07-27 18:04:22',5,'Fever','Hospitalization'),
(453,72,57,'2024-08-25 09:45:45',5,'Headache','Hospitalization'),
(454,70,39,'2025-05-14 00:13:14',2,'High blood pressure','Hospitalization'),
(455,156,36,'2023-09-19 14:04:41',2,'Shortness of breath','Hospitalization'),
(456,21,58,'2025-01-31 10:34:04',5,'Chest pain','Hospitalization'),
(457,154,30,'2024-11-22 05:24:20',1,'Fever','Hospitalization'),
(458,191,6,'2024-12-24 04:03:29',3,'Severe injury','Hospitalization'),
(459,127,1,'2023-07-11 17:34:54',5,'Severe injury','Hospitalization'),
(460,146,48,'2024-08-02 15:00:38',2,'Back pain','Hospitalization'),
(461,17,60,'2023-01-26 14:18:13',2,'Abdominal pain','Hospitalization'),
(462,174,44,'2025-07-27 07:22:29',5,'Abdominal pain','Hospitalization'),
(463,173,18,'2023-05-06 18:34:16',4,'Shortness of breath','Hospitalization'),
(464,93,59,'2023-03-29 12:56:27',1,'Abdominal pain','Hospitalization'),
(465,101,48,'2024-12-08 03:06:43',5,'Chest pain','Hospitalization'),
(466,51,31,'2024-01-25 17:44:58',1,'Chest pain','Hospitalization'),
(467,86,22,'2024-02-12 05:08:51',4,'Severe injury','Hospitalization'),
(468,199,29,'2025-10-25 01:54:53',1,'Back pain','Hospitalization'),
(469,97,59,'2025-11-01 06:47:30',2,'Chest pain','Hospitalization'),
(470,111,19,'2023-01-23 00:00:00',5,'Chest pain','Hospitalization'),
(471,60,30,'2025-09-14 13:04:25',5,'Chest pain','Hospitalization'),
(472,26,34,'2025-11-01 09:25:42',1,'High blood pressure','Hospitalization'),
(473,4,9,'2025-08-19 14:06:09',2,'Cough','Hospitalization'),
(474,124,52,'2025-03-14 12:55:54',2,'Dizziness','Hospitalization'),
(475,112,57,'2025-05-20 06:24:44',3,'Cough','Hospitalization'),
(476,80,38,'2024-05-23 13:44:40',1,'Nausea','Hospitalization'),
(477,130,13,'2025-01-22 12:58:36',4,'Headache','Hospitalization'),
(478,49,45,'2024-09-26 00:25:31',4,'Cough','Hospitalization'),
(479,77,32,'2024-02-11 01:15:11',4,'Chest pain','Hospitalization'),
(480,120,14,'2023-07-07 00:52:45',3,'Shortness of breath','Hospitalization'),
(481,19,29,'2023-02-15 01:38:31',2,'Abdominal pain','Hospitalization'),
(482,8,47,'2023-03-09 23:09:50',2,'Abdominal pain','Hospitalization'),
(483,51,54,'2023-04-13 00:02:47',1,'Chest pain','Hospitalization'),
(484,87,52,'2023-06-27 12:07:35',2,'Headache','Hospitalization'),
(485,112,51,'2025-02-16 08:26:16',2,'Dizziness','Hospitalization'),
(486,82,38,'2024-04-05 07:22:04',1,'Cough','Hospitalization'),
(487,64,38,'2025-04-20 02:28:20',2,'Nausea','Hospitalization'),
(488,17,32,'2025-10-20 02:41:54',5,'Headache','Hospitalization'),
(489,135,38,'2024-07-11 11:47:45',4,'Abdominal pain','Hospitalization'),
(490,54,14,'2023-12-02 13:18:40',2,'Shortness of breath','Hospitalization'),
(491,96,29,'2025-02-22 12:02:57',1,'Abdominal pain','Hospitalization'),
(492,120,28,'2025-06-15 19:33:42',4,'High blood pressure','Hospitalization'),
(493,98,5,'2023-04-02 03:05:04',3,'Back pain','Hospitalization'),
(494,140,8,'2023-04-18 16:28:02',2,'Fever','Hospitalization'),
(495,86,55,'2025-04-08 10:23:21',3,'Back pain','Hospitalization'),
(496,67,26,'2024-11-15 16:28:26',3,'Shortness of breath','Hospitalization'),
(497,195,15,'2024-03-29 11:06:23',2,'High blood pressure','Hospitalization'),
(498,88,50,'2023-11-25 19:26:34',2,'Shortness of breath','Hospitalization'),
(499,143,48,'2024-08-12 14:46:07',2,'Abdominal pain','Hospitalization'),
(500,108,21,'2025-06-06 23:40:08',5,'Abdominal pain','Hospitalization'),
(501,40,37,'2026-09-02 22:31:40',5,'Cough','Hospitalization'),
(502,137,37,'2026-07-04 17:14:54',1,'Headache','Hospitalization'),
(503,27,32,'2026-03-11 07:41:18',1,'Cough','Hospitalization'),
(504,73,30,'2026-04-24 09:18:00',5,'Fever','Hospitalization'),
(505,84,9,'2026-06-02 05:21:55',2,'Fever','Hospitalization'),
(506,53,31,'2026-05-01 15:08:46',4,'Back pain','Hospitalization'),
(507,52,13,'2026-09-24 07:08:00',4,'Abdominal pain','Hospitalization'),
(508,155,57,'2026-07-24 13:20:16',3,'Cough','Hospitalization'),
(509,189,45,'2026-09-09 07:56:40',4,'Headache','Hospitalization'),
(510,45,30,'2026-03-12 01:47:21',5,'Shortness of breath','Hospitalization'),
(511,25,18,'2026-01-18 06:58:56',2,'Dizziness','Hospitalization'),
(512,179,27,'2026-12-17 17:26:13',2,'High blood pressure','Hospitalization'),
(513,130,17,'2026-06-09 14:22:20',4,'Dizziness','Hospitalization'),
(514,19,22,'2026-09-20 17:15:14',4,'Shortness of breath','Hospitalization'),
(515,3,43,'2026-10-03 17:17:14',2,'Headache','Hospitalization'),
(516,22,31,'2026-04-05 10:20:24',4,'Dizziness','Hospitalization'),
(517,26,11,'2026-02-18 13:10:29',5,'Shortness of breath','Hospitalization'),
(518,40,58,'2026-03-11 10:31:23',2,'Chest pain','Hospitalization'),
(519,163,45,'2026-09-07 06:39:59',1,'Shortness of breath','Hospitalization'),
(520,13,24,'2026-10-26 06:01:22',2,'Severe injury','Hospitalization'),
(521,8,43,'2026-11-15 23:51:42',2,'Back pain','Hospitalization'),
(522,186,53,'2026-06-11 18:25:06',5,'Fever','Hospitalization'),
(523,160,15,'2026-06-03 18:15:45',4,'Fever','Hospitalization'),
(524,4,14,'2026-05-04 03:34:21',1,'Shortness of breath','Hospitalization'),
(525,167,27,'2026-01-18 09:32:26',1,'Severe injury','Hospitalization'),
(526,183,39,'2026-03-08 22:06:53',3,'Fever','Hospitalization'),
(527,86,31,'2026-10-24 03:42:37',3,'Back pain','Hospitalization'),
(528,115,38,'2026-09-07 02:44:59',2,'Nausea','Hospitalization'),
(529,195,49,'2026-05-01 06:40:40',2,'Shortness of breath','Hospitalization'),
(530,96,14,'2026-03-20 18:53:10',2,'Shortness of breath','Hospitalization'),
(531,190,42,'2024-02-22 11:27:33',3,'Headache','Discharge'),
(532,195,53,'2023-07-22 14:53:12',4,'Back pain','Discharge'),
(533,74,16,'2023-03-31 06:31:41',3,'Headache','Discharge'),
(534,53,45,'2025-01-22 08:00:21',2,'Back pain','Discharge'),
(535,185,21,'2023-08-25 11:33:35',4,'Nausea','Discharge'),
(536,47,56,'2024-09-01 21:59:54',1,'Fever','Discharge'),
(537,126,10,'2023-03-17 01:54:28',1,'Back pain','Discharge'),
(538,53,36,'2023-02-05 23:15:34',2,'Cough','Discharge'),
(539,53,47,'2023-07-17 09:32:22',1,'Shortness of breath','Discharge'),
(540,120,28,'2024-03-05 02:04:15',2,'Severe injury','Discharge'),
(541,46,37,'2025-04-08 00:33:47',3,'Abdominal pain','Discharge'),
(542,115,6,'2025-03-20 13:11:36',3,'High blood pressure','Discharge'),
(543,93,29,'2024-05-27 00:34:55',2,'High blood pressure','Discharge'),
(544,109,53,'2025-08-25 23:57:56',4,'Dizziness','Discharge'),
(545,124,55,'2023-10-24 05:41:44',4,'Shortness of breath','Discharge'),
(546,22,36,'2024-08-19 11:30:39',5,'Dizziness','Discharge'),
(547,187,20,'2023-04-11 06:07:57',4,'High blood pressure','Discharge'),
(548,117,31,'2024-05-26 00:37:20',5,'Cough','Discharge'),
(549,19,10,'2024-02-23 09:43:46',4,'Severe injury','Discharge'),
(550,49,32,'2023-01-06 07:37:26',5,'Headache','Discharge'),
(551,104,32,'2024-06-02 14:24:06',3,'Shortness of breath','Discharge'),
(552,79,57,'2025-08-17 19:26:14',1,'Shortness of breath','Discharge'),
(553,10,13,'2023-05-30 18:50:18',5,'Dizziness','Discharge'),
(554,196,46,'2024-04-09 11:10:51',3,'Nausea','Discharge'),
(555,126,42,'2025-09-25 17:11:10',3,'Chest pain','Discharge'),
(556,99,31,'2024-10-13 00:53:14',2,'Severe injury','Discharge'),
(557,9,42,'2024-09-02 08:54:19',1,'Back pain','Discharge'),
(558,38,10,'2024-08-23 11:04:08',4,'Back pain','Discharge'),
(559,66,54,'2023-08-23 04:26:18',5,'Back pain','Discharge'),
(560,42,46,'2023-02-15 16:00:30',1,'Back pain','Discharge'),
(561,99,34,'2024-10-01 13:02:50',5,'Fever','Discharge'),
(562,49,45,'2024-03-05 17:35:16',4,'Abdominal pain','Discharge'),
(563,78,20,'2025-07-27 09:47:47',4,'Cough','Discharge'),
(564,188,41,'2024-10-19 13:27:23',1,'Fever','Discharge'),
(565,147,48,'2024-11-12 13:09:18',2,'Abdominal pain','Discharge'),
(566,54,11,'2025-06-04 21:21:04',3,'Chest pain','Discharge'),
(567,126,34,'2023-02-07 22:54:00',1,'Shortness of breath','Discharge'),
(568,107,12,'2025-04-23 07:31:33',4,'Dizziness','Discharge'),
(569,96,32,'2023-10-01 18:11:43',2,'Severe injury','Discharge'),
(570,47,53,'2025-02-13 03:29:41',4,'Cough','Discharge'),
(571,55,52,'2023-03-20 08:54:16',1,'Dizziness','Discharge'),
(572,195,41,'2023-04-12 01:20:06',4,'High blood pressure','Discharge'),
(573,160,19,'2023-12-04 13:43:13',2,'Fever','Discharge'),
(574,22,22,'2024-02-18 18:06:59',3,'Fever','Discharge'),
(575,8,44,'2025-04-02 12:18:33',4,'High blood pressure','Discharge'),
(576,195,49,'2023-01-05 00:36:27',1,'Abdominal pain','Discharge'),
(577,2,14,'2025-08-15 12:47:06',1,'Fever','Discharge'),
(578,134,49,'2023-05-27 05:27:32',5,'Nausea','Discharge'),
(579,69,28,'2024-07-03 02:50:23',3,'Cough','Discharge'),
(580,87,53,'2024-09-22 03:23:44',3,'Headache','Discharge'),
(581,62,40,'2024-09-15 14:58:44',4,'Shortness of breath','Discharge'),
(582,15,1,'2024-12-05 09:40:17',3,'Fever','Discharge'),
(583,117,39,'2025-06-06 09:07:31',2,'Chest pain','Discharge'),
(584,32,29,'2025-04-19 20:49:34',2,'Headache','Discharge'),
(585,159,27,'2025-09-14 05:10:13',4,'Nausea','Discharge'),
(586,170,41,'2023-01-02 13:09:55',3,'Chest pain','Discharge'),
(587,93,29,'2023-11-10 22:59:03',3,'Back pain','Discharge'),
(588,60,51,'2025-07-08 12:12:15',4,'Cough','Discharge'),
(589,21,55,'2024-06-15 12:28:07',4,'Back pain','Discharge'),
(590,180,39,'2023-10-13 11:57:52',4,'Abdominal pain','Discharge'),
(591,50,51,'2025-02-25 22:21:40',5,'Cough','Discharge'),
(592,184,51,'2025-01-13 15:53:30',2,'High blood pressure','Discharge'),
(593,23,11,'2024-11-19 14:06:09',5,'High blood pressure','Discharge'),
(594,115,16,'2023-07-07 14:08:11',5,'Severe injury','Discharge'),
(595,55,28,'2023-10-20 20:49:20',1,'Fever','Discharge'),
(596,184,50,'2023-03-04 13:30:03',3,'Shortness of breath','Discharge'),
(597,72,31,'2023-10-07 15:11:48',3,'Back pain','Discharge'),
(598,172,41,'2023-09-16 18:41:21',2,'Nausea','Discharge'),
(599,186,60,'2024-02-05 10:58:41',3,'Severe injury','Discharge'),
(600,148,59,'2025-01-26 10:44:25',3,'Shortness of breath','Discharge'),
(601,184,42,'2025-10-14 04:02:25',4,'Back pain','Discharge'),
(602,144,17,'2024-11-10 07:16:36',2,'Severe injury','Discharge'),
(603,30,22,'2024-02-04 09:14:24',1,'Fever','Discharge'),
(604,190,24,'2025-03-15 09:44:40',1,'Cough','Discharge'),
(605,33,20,'2024-05-27 23:40:30',5,'Chest pain','Discharge'),
(606,16,28,'2025-07-28 08:10:55',2,'Shortness of breath','Discharge'),
(607,82,43,'2024-11-06 01:24:28',2,'Nausea','Discharge'),
(608,155,1,'2025-03-28 14:30:33',1,'Shortness of breath','Discharge'),
(609,138,54,'2024-05-03 00:38:45',2,'Abdominal pain','Discharge'),
(610,57,39,'2024-09-21 09:52:53',4,'Dizziness','Discharge'),
(611,73,21,'2023-10-18 11:06:11',1,'Cough','Discharge'),
(612,80,55,'2025-09-25 18:13:01',1,'Abdominal pain','Discharge'),
(613,181,19,'2025-07-06 01:55:05',2,'High blood pressure','Discharge'),
(614,181,53,'2024-01-24 04:10:22',3,'Dizziness','Discharge'),
(615,184,60,'2023-11-26 16:35:05',2,'Chest pain','Discharge'),
(616,199,20,'2023-11-30 01:45:25',4,'Shortness of breath','Discharge'),
(617,169,22,'2023-01-09 17:00:28',5,'Shortness of breath','Discharge'),
(618,109,26,'2025-07-04 04:36:33',3,'Shortness of breath','Discharge'),
(619,19,45,'2025-10-10 13:50:37',3,'Abdominal pain','Discharge'),
(620,50,7,'2025-11-29 20:50:56',5,'Shortness of breath','Discharge'),
(621,34,55,'2024-10-19 11:37:54',5,'Chest pain','Discharge'),
(622,182,9,'2024-06-27 00:30:43',2,'Cough','Discharge'),
(623,114,14,'2025-07-07 16:40:57',3,'Dizziness','Discharge'),
(624,56,47,'2025-03-18 07:38:14',1,'Headache','Discharge'),
(625,148,28,'2023-09-21 18:22:48',2,'Shortness of breath','Discharge'),
(626,174,23,'2023-12-26 22:48:32',1,'Fever','Discharge'),
(627,122,42,'2023-01-21 17:04:32',1,'Nausea','Discharge'),
(628,87,47,'2025-06-18 19:30:31',2,'Back pain','Discharge'),
(629,104,26,'2023-01-14 12:50:10',1,'Severe injury','Discharge'),
(630,126,42,'2024-09-24 12:28:35',5,'Dizziness','Discharge');


INSERT IGNORE INTO `laboratory_exams` (`exam_id`,`exam_date`,`exam_result`,`doctor_id`,`hospitalization_id`,`exam_code`,`exam_cost`) VALUES
(1,'2025-06-27','Pathological',58,137,'B307809',114.6),
(2,'2024-09-12','Pathological',73,312,'B313605.193',190.06),
(3,'2023-10-30','Normal',79,148,'K508331',146.74),
(4,'2025-03-22','Normal',10,367,'B315029',26.77),
(5,'2023-02-08','Pathological',25,424,'B304665',196.26),
(6,'2024-03-11','Normal',64,184,'B316705.136',37.11),
(7,'2024-08-23','Negative',74,92,'B316705.23',190.57),
(8,'2025-02-15','Negative',61,397,'K514089',171.74),
(9,'2024-08-31','Borderline',46,188,'K516393',145.84),
(10,'2025-02-27','Normal',24,259,'B305127',89.26),
(11,'2023-10-14','Normal',44,233,'B313377',154.09),
(12,'2025-11-15','Positive',8,264,'B313605.394',25.94),
(13,'2024-06-20','Pathological',1,383,'B313605.280',17.33),
(14,'2025-01-15','Borderline',4,335,'B313789',119.22),
(15,'2024-12-12','Pathological',80,72,'B313605.153',48.63),
(16,'2024-09-01','Normal',20,224,'B314767',84.22),
(17,'2024-03-13','Pathological',65,182,'K514505',165.66),
(18,'2025-01-31','Positive',5,456,'B313605.314',179.32),
(19,'2023-02-08','Borderline',38,124,'K512977.14',79.57),
(20,'2025-11-15','Positive',22,185,'K512975.23',107.07),
(21,'2025-06-19','Negative',71,159,'Β311905.92',160.05),
(22,'2024-04-28','Borderline',32,120,'B311367',41.16),
(23,'2026-03-12','Negative',6,503,'B310737',25.85),
(24,'2025-06-21','Positive',13,492,'B313605.242',31.83),
(25,'2023-05-10','Positive',74,329,'B316705.28',113.41),
(26,'2024-07-10','Pathological',37,404,'B308237',40.06),
(27,'2025-05-07','Negative',52,203,'B312879',84.76),
(28,'2026-03-11','Negative',14,503,'B308311',118.83),
(29,'2023-08-28','Negative',37,399,'ΜΙΚΡΟΣΚΟΠΙΚΗ ΕΞΕΤΑΣΗ',144.3),
(30,'2024-02-01','Normal',40,43,'B314367',153.35),
(31,'2023-12-29','Normal',69,178,'K504247',23.73),
(32,'2023-11-05','Pathological',46,311,'B313605.315',24.7),
(33,'2025-01-25','Positive',48,445,'B316453',144.35),
(34,'2023-05-31','Negative',24,220,'B300707',146.8),
(35,'2023-12-28','Negative',27,75,'B313905',133.48),
(36,'2025-02-11','Negative',27,16,'B316575',36.52),
(37,'2024-08-28','Pathological',43,298,'K516391',197.61),
(38,'2025-09-21','Negative',6,234,'Κ514779.3',41.21),
(39,'2023-10-10','Negative',74,253,'B316705.60',174.79),
(40,'2024-05-15','Borderline',53,318,'B316603',16.89),
(41,'2023-02-06','Borderline',25,424,'B313605.112',61.88),
(42,'2024-05-13','Negative',6,11,'B316705.2',156.92),
(43,'2023-01-17','Normal',15,132,'K512977.45',44.4),
(44,'2026-09-03','Pathological',69,501,'B308537',45.96),
(45,'2025-03-03','Negative',37,263,'B313605.309',67.99),
(46,'2024-01-03','Normal',51,268,'K517579.2',190.79),
(47,'2026-03-12','Pathological',67,510,'K504571',101.76),
(48,'2025-08-12','Pathological',5,112,'Β311905.89',49.13),
(49,'2024-10-10','Negative',79,70,'B311905.19',96.05),
(50,'2024-08-05','Positive',6,147,'B316241',187.72),
(51,'2023-06-28','Pathological',41,194,'K507031',120.23),
(52,'2024-06-23','Borderline',23,157,'B310427',100.48),
(53,'2024-09-11','Negative',20,58,'B307167',108.54),
(54,'2023-06-16','Pathological',43,231,'B316131',148.42),
(55,'2023-09-29','Normal',32,26,'B314859',112.78),
(56,'2023-09-17','Positive',41,165,'K508481',35.6),
(57,'2023-07-24','Positive',69,67,'K502041',129.44),
(58,'2024-11-26','Borderline',48,174,'K506161',41.54),
(59,'2025-05-14','Pathological',1,107,'Β311905.61',15.63),
(60,'2024-12-21','Positive',16,60,'B300751',156.0),
(61,'2024-12-26','Positive',10,37,'K502221',135.04),
(62,'2025-10-26','Borderline',79,488,'Β311905.84',98.19),
(63,'2025-01-27','Negative',79,244,'B304681',78.85),
(64,'2024-01-28','Pathological',59,466,'B313605.310',177.7),
(65,'2025-12-30','Borderline',23,230,'Β311905.91',199.84),
(66,'2023-09-20','Normal',56,165,'B307639',41.64),
(67,'2025-09-20','Positive',30,471,'Β311905.147',38.13),
(68,'2024-09-08','Negative',54,362,'B311985',100.21),
(69,'2023-04-05','Negative',60,464,'B311133',77.49),
(70,'2025-08-18','Positive',27,409,'B304567',55.14),
(71,'2025-10-11','Pathological',80,196,'B311131',181.57),
(72,'2024-12-28','Borderline',28,419,'Β311905.109',41.15),
(73,'2025-08-19','Negative',39,112,'Β315905.1',91.24),
(74,'2025-05-06','Borderline',71,205,'K514787',137.04),
(75,'2026-03-24','Pathological',57,530,'K504121',143.38),
(76,'2025-06-12','Borderline',73,396,'Κ514779.3',133.63),
(77,'2025-05-05','Negative',41,203,'B313605.32',60.45),
(78,'2024-05-06','Borderline',79,134,'B315009',113.16),
(79,'2024-12-27','Normal',9,37,'K511917',18.97),
(80,'2023-09-02','Normal',41,55,'B310677',52.56),
(81,'2023-01-22','Borderline',9,155,'B311127',130.3),
(82,'2025-03-18','Negative',61,324,'B309083',145.17),
(83,'2023-05-04','Normal',72,297,'K514823',181.65),
(84,'2024-02-22','Negative',16,156,'B313605.293',183.39),
(85,'2023-11-12','Positive',71,420,'Β315905.22',101.87),
(86,'2023-12-23','Normal',19,288,'B313261',32.96),
(87,'2024-09-03','Negative',61,41,'Β311905.53',103.22),
(88,'2024-06-30','Negative',75,21,'B313905.3',48.64),
(89,'2024-07-02','Positive',45,21,'B309147',197.75),
(90,'2023-07-12','Pathological',18,379,'Β315905.3',70.52),
(91,'2024-07-04','Normal',26,404,'Β315905.44',74.33),
(92,'2025-03-05','Positive',64,86,'K502001',130.04),
(93,'2025-08-11','Borderline',33,428,'K517149',109.98),
(94,'2023-03-05','Borderline',22,25,'K508281',135.14),
(95,'2023-04-16','Negative',56,314,'B309067',22.48),
(96,'2023-02-02','Normal',43,470,'B313605.371',20.8),
(97,'2024-05-14','Positive',3,11,'B307691',85.42),
(98,'2023-03-13','Negative',5,482,'ΒΑΣΙΖΟΜΕΝΗ ΣΕ cDNA ΜΙΚΡΟΣΥΣΤΟΙΧΙΕΣ ΜΕ ΕΡΜΗΝΕΙΑ - ΕΚΘΕΣΗ ΑΠΟ ΕΙΔΙΚΟ ΙΑΤΡΟ"',139.3),
(99,'2023-10-31','Borderline',66,385,'B312461',90.33),
(100,'2025-12-10','Borderline',34,351,'B313605.375',50.69),
(101,'2023-08-10','Normal',58,289,'B316305.25',30.69),
(102,'2025-06-21','Normal',17,327,'K512977.11',59.95),
(103,'2024-03-11','Normal',20,182,'B313905.3',163.27),
(104,'2025-03-03','Normal',2,90,'B318407',164.29),
(105,'2023-12-08','Positive',59,73,'Β315905.31',176.58),
(106,'2025-11-21','Normal',8,109,'B316705.36',40.66),
(107,'2025-04-12','Normal',12,84,'K500421',95.1),
(108,'2025-12-21','Normal',11,239,'Β311905.84',74.27),
(109,'2024-01-05','Pathological',64,198,'B314907',145.66),
(110,'2023-02-19','Positive',8,481,'B313213',49.21),
(111,'2023-07-23','Pathological',26,7,'B305215',41.62),
(112,'2023-06-27','Normal',10,194,'K516917',49.6),
(113,'2024-11-29','Pathological',51,330,'Β315905.49',169.67),
(114,'2025-08-20','Negative',65,304,'Β315905.70',67.8),
(115,'2025-08-11','Borderline',31,437,'B313605.286',16.29),
(116,'2023-09-19','Pathological',9,258,'K508781',26.61),
(117,'2023-02-28','Positive',56,353,'K511759',139.7),
(118,'2024-11-22','Normal',41,457,'B314413',157.71),
(119,'2023-03-20','Positive',34,371,'B316705.130',170.35),
(120,'2025-08-01','Negative',48,462,'B313605.159',70.55),
(121,'2026-09-05','Positive',25,501,'B301909',123.64),
(122,'2024-12-25','Negative',60,44,'B313605.3',75.01),
(123,'2024-08-29','Negative',58,413,'K514637',41.29),
(124,'2024-04-13','Normal',18,395,'B308177',85.57),
(125,'2023-05-17','Borderline',2,153,'B312769',161.4),
(126,'2023-03-18','Positive',24,177,'B300255',32.55),
(127,'2025-09-29','Pathological',35,401,'B309063',51.58),
(128,'2026-03-13','Pathological',39,510,'B313605.363',66.37),
(129,'2024-03-29','Positive',64,195,'B312659',95.49),
(130,'2023-03-11','Normal',46,164,'K512977.7',27.38),
(131,'2025-02-16','Positive',38,332,'K514135',58.5),
(132,'2026-09-30','Pathological',54,507,'B313605.122',17.4),
(133,'2023-03-19','Borderline',40,316,'ΜΙΚΡΟΣΚΟΠΙΚΗ ΕΞΕΤΑΣΗ',129.42),
(134,'2025-03-17','Positive',37,125,'B309567',149.08),
(135,'2023-01-18','Positive',61,132,'K508861',18.28),
(136,'2023-07-17','Pathological',27,379,'B308511',142.33),
(137,'2023-02-23','Borderline',72,321,'B309313',121.79),
(138,'2025-07-22','Pathological',17,340,'B308319',159.6),
(139,'2024-11-07','Positive',31,235,'B304667',105.39),
(140,'2023-03-10','Borderline',66,482,'K512975.6',86.07),
(141,'2024-07-11','Normal',68,152,'B313605.123',100.6),
(142,'2023-12-26','Negative',50,273,'K517163',161.39),
(143,'2025-02-19','Pathological',47,283,'K508583',102.64),
(144,'2023-10-08','Borderline',46,229,'B315525',104.27),
(145,'2025-12-30','Borderline',63,150,'B308107',126.88),
(146,'2025-05-16','Pathological',77,205,'B314903',37.27),
(147,'2023-08-10','Positive',65,63,'B305973',60.92),
(148,'2024-09-27','Normal',39,386,'B305159',52.78),
(149,'2025-08-16','Normal',54,304,'K511721',83.2),
(150,'2024-07-12','Negative',72,152,'K514789',124.86),
(151,'2023-01-08','Borderline',59,322,'B305817',51.59),
(152,'2024-12-09','Pathological',76,465,'K513741',74.72),
(153,'2024-07-13','Normal',42,18,'B313605.376',103.26),
(154,'2024-03-07','Negative',71,146,'K504209',131.34),
(155,'2025-02-15','Pathological',42,332,'B315019',169.67),
(156,'2024-10-23','Borderline',73,36,'B313807',22.29),
(157,'2026-05-04','Pathological',64,524,'K508891',186.49),
(158,'2023-02-10','Normal',67,144,'K515191',188.92),
(159,'2024-09-06','Borderline',46,241,'B309079',30.01),
(160,'2025-04-16','Negative',52,352,'B313605.345',26.5),
(161,'2024-01-22','Negative',20,427,'B313605.358',167.23),
(162,'2024-12-19','Pathological',15,213,'B305137',57.07),
(163,'2024-09-12','Normal',7,58,'Β315905.80',170.94),
(164,'2023-06-18','Normal',6,231,'B300291',155.33),
(165,'2024-06-20','Positive',41,157,'B308363',86.69),
(166,'2024-07-08','Positive',38,406,'B313605.129',19.35),
(167,'2023-08-11','Normal',6,425,'K517399',124.09),
(168,'2023-06-16','Positive',63,214,'K500721',79.64),
(169,'2024-04-26','Borderline',66,83,'K515221',88.48),
(170,'2024-02-21','Positive',37,156,'B305261',117.91),
(171,'2026-05-07','Pathological',26,524,'B314951',62.41),
(172,'2025-11-21','Borderline',51,201,'K513013',135.34),
(173,'2023-05-06','Negative',78,463,'Β315905.115',139.29),
(174,'2023-03-04','Pathological',15,416,'K506419',86.68),
(175,'2025-09-21','Pathological',26,110,'B313859',151.1),
(176,'2024-10-06','Positive',39,306,'B310979',100.8),
(177,'2024-03-10','Borderline',28,236,'B313605.206',19.41),
(178,'2025-05-16','Pathological',43,13,'K517979',107.42),
(179,'2024-10-13','Negative',51,398,'B314861',154.46),
(180,'2026-04-25','Positive',77,504,'B306049',162.08),
(181,'2023-10-04','Positive',14,255,'K500011',172.75),
(182,'2024-08-27','Borderline',1,52,'B307699',97.34),
(183,'2023-03-08','Normal',48,164,'B300231',134.47),
(184,'2023-12-03','Normal',36,434,'B311983',135.92),
(185,'2025-07-19','Normal',39,305,'K514137',63.6),
(186,'2024-12-13','Normal',61,210,'K516241',17.65),
(187,'2023-09-02','Pathological',59,89,'B314121',143.56),
(188,'2025-04-04','Normal',73,280,'B313605.77',26.71),
(189,'2024-06-21','Normal',51,157,'B316389',84.82),
(190,'2024-11-15','Negative',60,39,'Β311905.189',47.38),
(191,'2025-10-15','Normal',9,14,'B305937',146.33),
(192,'2025-02-22','Borderline',4,491,'B316305.23',65.31),
(193,'2025-06-28','Negative',1,193,'Β315905.110',23.16),
(194,'2023-12-21','Pathological',7,446,'B306889',82.35),
(195,'2023-05-11','Negative',70,377,'K515211',84.05),
(196,'2024-05-10','Positive',19,381,'B308239',151.01),
(197,'2024-11-14','Pathological',75,356,'Β311905.145',83.84),
(198,'2024-11-20','Borderline',19,356,'B316305.29',154.06),
(199,'2026-09-29','Positive',53,507,'B310947',192.86),
(200,'2023-08-31','Borderline',18,89,'B308863',186.07);

INSERT IGNORE INTO `medical_act` (`act_id`,`act_start`,`act_end`,`act_cost`,`main_surgeon_id`,`hospitalization_id`,`department_room_id`,`medical_act_code`,`department_id`) VALUES
(1,'2026-10-01 00:08:00','2026-10-01 01:38:00',865.13,51,519,1,'X626839',9),
(2,'2026-06-26 17:41:29','2026-06-26 19:11:29',1681.6,51,501,2,'X634029',4),
(3,'2026-03-13 20:41:18','2026-03-13 23:11:18',1258.48,51,515,1,'X653123',11),
(4,'2026-10-04 16:17:14','2026-10-04 18:17:14',2150.49,51,527,1,'X670669',5),
(5,'2026-05-02 01:08:46','2026-05-02 03:08:46',783.32,51,518,1,'X655359',3),
(6,'2026-12-21 11:26:13','2026-12-21 12:56:13',1657.54,51,524,10,'X603397',12),
(7,'2026-06-26 12:41:29','2026-06-26 14:41:29',2922.08,51,501,2,'X688259',4),
(8,'2026-10-05 14:17:14','2026-10-05 16:47:14',2651.47,51,527,4,'X611439',5),
(9,'2026-07-19 22:33:30','2026-07-20 01:03:30',1198.2,51,505,4,'X623223',14),
(10,'2026-03-14 18:47:21','2026-03-14 20:17:21',2268.18,51,522,2,'X640219',7),
(11,'2026-08-31 05:18:44','2026-08-31 07:48:44',617.83,51,503,5,'X631957.236',8),
(12,'2026-03-15 23:41:18','2026-03-16 00:41:18',2370.15,51,515,3,'X680759',11),
(13,'2026-09-26 12:15:14','2026-09-26 13:45:14',1324.14,51,526,7,'X603247',11),
(14,'2026-06-14 11:07:59','2026-06-14 13:07:59',1000.26,51,510,5,'X632179',13),
(15,'2026-03-14 21:41:18','2026-03-14 22:41:18',399.17,51,515,2,'X635255',11),
(16,'2026-10-04 13:17:14','2026-10-04 15:47:14',997.18,51,527,2,'X683529',5),
(17,'2026-03-12 00:41:18','2026-03-12 01:41:18',2077.42,51,515,1,'X635155',11),
(18,'2026-02-19 03:10:29','2026-02-19 05:10:29',1126.94,51,529,5,'X611617',3),
(19,'2026-03-16 01:41:18','2026-03-16 03:11:18',1602.91,51,515,1,'X676251',11),
(20,'2026-09-04 18:31:40','2026-09-04 19:31:40',742.87,51,513,10,'X638209',6),
(21,'2026-03-25 21:59:34','2026-03-26 00:59:34',2464.02,51,506,7,'X638221',1),
(22,'2026-03-14 16:41:18','2026-03-14 18:11:18',1478.68,51,515,9,'X650323',11),
(23,'2026-12-23 14:26:13','2026-12-23 15:56:13',2186.71,51,524,5,'X634557',12),
(24,'2026-03-15 03:31:23','2026-03-15 06:01:23',1911.73,51,530,1,'X664557',8),
(25,'2026-05-03 10:08:46','2026-05-03 12:08:46',1948.53,51,518,9,'X622471',3),
(26,'2026-06-11 02:22:20','2026-06-11 03:22:20',2065.92,52,525,5,'X650481',13),
(27,'2026-07-06 11:14:54','2026-07-06 13:14:54',1555.29,52,514,10,'X631957.57',7),
(28,'2026-09-05 07:18:44','2026-09-05 08:18:44',331.29,52,503,10,'X645079',8),
(29,'2026-09-12 21:56:40','2026-09-13 00:26:40',2408.71,52,521,8,'X703051',2),
(30,'2026-01-20 21:58:56','2026-01-21 00:58:56',2860.14,52,523,10,'X643221',7),
(31,'2026-01-20 04:58:56','2026-01-20 06:58:56',1542.68,52,523,5,'X683957.19',7),
(32,'2026-02-06 00:00:37','2026-02-06 02:00:37',347.3,52,502,8,'X686429',5),
(33,'2026-01-09 14:14:05','2026-01-09 15:14:05',2008.88,52,511,10,'X637757.1',5),
(34,'2026-07-06 14:14:54','2026-07-06 16:14:54',1945.25,52,514,2,'X635719',7),
(35,'2026-12-21 14:26:13','2026-12-21 15:26:13',2248.3,52,524,8,'X696379',12),
(36,'2026-12-18 09:26:13','2026-12-18 11:56:13',1310.44,52,524,4,'X622889',12),
(37,'2026-04-25 20:18:00','2026-04-25 22:48:00',1399.39,52,516,6,'X633937.145',4),
(38,'2026-06-27 12:41:29','2026-06-27 14:11:29',1950.74,52,501,9,'X651599',4),
(39,'2026-12-24 13:26:13','2026-12-24 16:26:13',1163.04,52,524,9,'X709383',12),
(40,'2026-10-05 14:17:14','2026-10-05 15:47:14',2004.74,52,527,2,'X657957.2',5),
(41,'2026-05-02 09:08:46','2026-05-02 10:08:46',1987.13,52,518,2,'X644941',3),
(42,'2026-03-24 19:59:34','2026-03-24 21:59:34',1321.76,52,506,3,'X693209',1),
(43,'2026-04-09 00:20:24','2026-04-09 01:20:24',1429.09,52,528,3,'X629809',9),
(44,'2026-07-26 02:20:16','2026-07-26 04:20:16',723.81,52,520,1,'X636083',13),
(45,'2026-04-07 21:20:24','2026-04-07 23:50:24',2930.47,53,528,5,'X632119',9),
(46,'2026-07-07 08:14:54','2026-07-07 09:14:54',749.44,53,514,10,'X633041',7),
(47,'2026-09-11 21:56:40','2026-09-11 22:56:40',773.07,53,521,6,'X664429',2),
(48,'2026-03-14 02:31:23','2026-03-14 04:01:23',2972.23,53,530,3,'X709403',8),
(49,'2026-09-25 08:15:14','2026-09-25 10:45:14',2141.46,53,526,7,'X632033',11),
(50,'2026-07-06 06:14:54','2026-07-06 08:44:54',2534.94,53,514,4,'X670577',7),
(51,'2026-02-08 18:00:37','2026-02-08 20:30:37',2249.38,53,502,3,'X637019',5),
(52,'2026-10-26 06:11:55','2026-10-26 08:11:55',2331.76,53,512,10,'X651331',13),
(53,'2026-06-12 07:22:20','2026-06-12 09:22:20',1708.8,53,525,2,'X635099',13),
(54,'2026-06-28 13:41:29','2026-06-28 15:41:29',2117.85,53,501,1,'X633937.193',4),
(55,'2026-07-21 07:33:30','2026-07-21 09:03:30',700.58,53,505,8,'X714789',14),
(56,'2026-06-28 16:41:29','2026-06-28 18:41:29',1713.01,53,501,1,'X635075',4),
(57,'2026-09-07 17:31:40','2026-09-07 19:01:40',857.36,53,513,4,'X666435',6),
(58,'2026-07-24 23:33:30','2026-07-25 02:33:30',1281.61,53,505,7,'X636059',14),
(59,'2026-02-06 02:00:37','2026-02-06 03:00:37',2452.63,54,502,3,'X650511',5),
(60,'2026-03-21 20:59:34','2026-03-21 22:29:34',2746.58,54,506,4,'X705961',1),
(61,'2026-07-20 01:33:30','2026-07-20 03:33:30',830.35,54,505,3,'X670721',14),
(62,'2026-01-14 12:23:25','2026-01-14 13:23:25',2625.08,54,504,6,'X657099',5),
(63,'2026-01-12 18:23:25','2026-01-12 20:53:25',1187.33,54,504,6,'X709711',5),
(64,'2026-04-26 22:18:00','2026-04-27 00:18:00',600.97,54,516,1,'X669359',4),
(65,'2026-06-10 05:22:20','2026-06-10 07:52:20',555.33,54,525,5,'X632699',13),
(66,'2026-04-11 05:20:24','2026-04-11 07:20:24',1164.04,54,528,1,'X657453',9),
(67,'2026-06-05 03:21:55','2026-06-05 04:21:55',1179.34,54,517,5,'X664429',14),
(68,'2026-06-05 22:21:55','2026-06-06 01:21:55',2262.12,54,517,1,'X664779',14),
(69,'2026-10-05 11:17:14','2026-10-05 13:17:14',2932.46,54,527,3,'X715157',5),
(70,'2026-06-11 03:22:20','2026-06-11 04:22:20',2453.18,54,525,8,'X635655',13),
(71,'2026-07-26 02:20:16','2026-07-26 04:50:16',2157.06,55,520,7,'X668211',13),
(72,'2026-03-13 04:31:23','2026-03-13 07:01:23',1482.94,55,530,6,'X708917',8),
(73,'2026-06-14 03:07:59','2026-06-14 05:37:59',1816.96,55,510,10,'X627971',13),
(74,'2026-03-16 00:41:18','2026-03-16 02:41:18',2884.44,55,515,4,'X634569',11),
(75,'2026-10-26 08:11:55','2026-10-26 09:41:55',678.73,55,512,9,'X658359',13),
(76,'2026-09-13 04:56:40','2026-09-13 07:26:40',2433.37,55,521,6,'X651243',2),
(77,'2026-04-25 19:18:00','2026-04-25 22:18:00',1947.09,55,516,4,'X636279',4),
(78,'2026-03-01 13:59:45','2026-03-01 14:59:45',1525.93,55,507,10,'X716599',12),
(79,'2026-06-10 06:22:20','2026-06-10 08:52:20',1453.3,55,525,3,'X706073',13),
(80,'2026-08-23 00:16:13','2026-08-23 03:16:13',856.59,55,509,10,'X633937.208',4),
(81,'2026-03-24 22:59:34','2026-03-24 23:59:34',844.59,56,506,4,'X626623',1),
(82,'2026-03-21 16:59:34','2026-03-21 18:59:34',1327.12,56,506,8,'X653095',1),
(83,'2026-03-12 19:41:18','2026-03-12 22:11:18',624.97,56,515,10,'X656381',11),
(84,'2026-04-25 23:18:00','2026-04-26 02:18:00',2851.22,56,516,6,'X714415',4),
(85,'2026-06-27 14:41:29','2026-06-27 17:11:29',2056.17,56,501,10,'X602843',4),
(86,'2026-09-21 11:15:14','2026-09-21 13:45:14',678.59,56,526,5,'X648861',11),
(87,'2026-04-25 03:18:00','2026-04-25 04:18:00',2827.99,56,516,7,'X719199',4),
(88,'2026-07-21 23:33:30','2026-07-22 01:03:30',376.89,56,505,9,'X714621',14),
(89,'2025-10-18 02:44:14','2025-10-18 03:44:14',234.36,43,27,4,'X664279',7),
(90,'2023-10-30 06:44:01','2023-10-30 07:44:01',2268.96,12,229,6,'X622241',8),
(91,'2023-10-07 20:00:51','2023-10-07 21:30:51',1909.33,17,264,9,'X674809',11),
(92,'2023-10-28 22:19:15','2023-10-28 23:19:15',1170.65,37,414,7,'A400859',4),
(93,'2023-08-31 11:20:42','2023-08-31 13:20:42',941.82,75,149,9,'A400145',12),
(94,'2023-03-14 15:09:50','2023-03-14 17:09:50',1707.56,62,493,6,'A401393',4),
(95,'2026-10-05 14:17:14','2026-10-05 15:47:14',1180.98,44,527,10,'X632939',5),
(96,'2025-10-08 01:44:14','2025-10-08 03:14:14',2422.47,70,27,10,'X633937.243',7),
(97,'2026-06-03 21:21:55','2026-06-03 22:21:55',1440.75,24,517,9,'X668719',14),
(98,'2023-09-03 12:35:45','2023-09-03 13:35:45',1096.48,48,171,10,'X703679',5),
(99,'2023-12-30 04:29:56','2023-12-30 06:29:56',522.7,61,432,3,'X630851',7),
(100,'2023-03-11 15:09:50','2023-03-11 16:39:50',2253.07,21,493,6,'A401609',4),
(101,'2025-02-06 13:50:16','2025-02-06 14:50:16',1974.81,75,127,2,'A401053',5),
(102,'2025-11-10 05:25:42','2025-11-10 06:25:42',2127.35,30,483,4,'X638029',6),
(103,'2024-01-28 05:29:33','2024-01-28 07:29:33',2124.43,15,262,9,'X653139',2),
(104,'2024-09-29 12:06:42','2024-09-29 13:36:42',1840.12,54,443,2,'X627063',11),
(105,'2025-04-26 18:28:20','2025-04-26 20:28:20',1557.79,32,498,10,'X633937.196',1),
(106,'2025-09-23 01:21:45','2025-09-23 02:21:45',2160.14,74,101,5,'X719279',4),
(107,'2024-01-11 20:33:12','2024-01-11 22:33:12',1876.83,52,39,4,'A403229',12),
(108,'2025-12-20 08:38:59','2025-12-20 10:08:59',1903.62,46,260,5,'A402521',7),
(109,'2024-08-13 15:26:49','2024-08-13 16:56:49',919.73,23,357,10,'A400741',10),
(110,'2026-06-19 09:07:59','2026-06-19 10:37:59',636.52,24,510,5,'A401465',13),
(111,'2025-03-28 22:25:28','2025-03-28 23:55:28',1846.54,65,318,10,'A403799.11',8),
(112,'2025-04-20 06:20:38','2025-04-20 07:20:38',1735.3,51,363,8,'X647957.3',14),
(113,'2025-08-21 09:39:27','2025-08-21 10:39:27',2127.24,4,281,9,'X706319',10),
(114,'2025-12-19 02:17:11','2025-12-19 03:17:11',1038.38,72,425,1,'X680755',1),
(115,'2025-12-31 08:07:37','2025-12-31 10:07:37',1856.24,41,241,2,'X622775',15),
(116,'2025-11-07 20:59:30','2025-11-07 22:29:30',2260.44,60,230,9,'X621009',9),
(117,'2024-10-07 15:25:31','2024-10-07 16:25:31',2468.28,19,489,2,'X645957.26',11),
(118,'2024-12-17 10:18:22','2024-12-17 12:18:22',1837.86,58,221,8,'X706493',10),
(119,'2024-11-10 03:31:07','2024-11-10 05:31:07',1875.93,76,367,9,'X622449',1),
(120,'2023-05-11 11:15:26','2023-05-11 13:15:26',608.05,12,340,4,'X650939',12),
(121,'2025-11-25 13:35:54','2025-11-25 15:05:54',2458.62,33,441,8,'X632849',3),
(122,'2024-05-28 23:01:55','2024-05-29 01:01:55',633.51,48,61,2,'X601967',13),
(123,'2026-01-11 15:14:05','2026-01-11 16:14:05',1630.79,24,511,8,'X644941',5),
(124,'2025-10-09 19:43:12','2025-10-09 21:13:12',2356.98,40,124,7,'A400865',6),
(125,'2024-10-13 22:29:44','2024-10-13 23:29:44',334.84,58,399,9,'A403799.8',10),
(126,'2023-02-20 19:38:31','2023-02-20 20:38:31',1230.18,76,492,4,'X670589',6),
(127,'2023-02-14 10:54:23','2023-02-14 12:24:23',903.56,38,203,6,'A403165',15),
(128,'2024-04-03 22:13:22','2024-04-03 23:13:22',1085.27,8,295,7,'X614499',3),
(129,'2024-09-17 19:51:52','2024-09-17 21:21:52',367.82,69,361,7,'X704285',13),
(130,'2024-01-02 12:44:06','2024-01-02 14:44:06',2101.12,64,209,9,'X696651',12),
(131,'2024-06-03 21:37:53','2024-06-03 23:37:53',1156.54,52,381,9,'X631559',7),
(132,'2024-08-29 23:06:13','2024-08-30 00:36:13',465.14,49,424,9,'X633059',6),
(133,'2026-06-28 12:41:29','2026-06-28 13:41:29',2092.62,9,501,6,'X642719',4),
(134,'2025-10-05 14:54:21','2025-10-05 15:54:21',392.3,12,207,3,'X667507',12),
(135,'2024-12-10 00:29:20','2024-12-10 01:59:20',2381.76,31,70,6,'X647055',3),
(136,'2025-11-03 12:22:16','2025-11-03 13:52:16',972.54,33,350,4,'A402581',9),
(137,'2023-05-17 19:41:21','2023-05-17 20:41:21',1622.75,4,450,2,'A400501',7),
(138,'2024-07-10 12:07:54','2024-07-10 13:07:54',1496.37,42,174,2,'X631817',9),
(139,'2023-08-12 20:49:55','2023-08-12 22:49:55',1302.0,3,76,1,'X665409',3),
(140,'2024-03-06 19:46:31','2024-03-06 20:46:31',297.88,59,157,6,'X646441',11),
(141,'2024-11-25 09:52:31','2024-11-25 10:52:31',1036.19,70,421,1,'A403041',12),
(142,'2024-12-19 18:06:24','2024-12-19 19:06:24',691.08,52,334,1,'X672959',1),
(143,'2024-05-06 04:13:35','2024-05-06 05:43:35',2355.38,61,145,9,'X698261',3),
(144,'2024-09-28 14:06:42','2024-09-28 16:06:42',1522.66,24,443,1,'A400097',11),
(145,'2023-02-13 11:54:23','2023-02-13 12:54:23',2316.4,20,203,2,'X663757.44',15),
(146,'2023-03-09 00:13:57','2023-03-09 01:43:57',1818.29,43,55,1,'A402205',2),
(147,'2025-12-02 03:20:51','2025-12-02 04:20:51',1786.92,39,297,1,'X679999',12),
(148,'2024-02-10 00:00:21','2024-02-10 01:30:21',2341.17,15,256,6,'X631957.24',5),
(149,'2025-07-15 04:15:16','2025-07-15 06:15:16',2308.56,58,187,7,'A403653',2),
(150,'2023-08-16 17:23:20','2023-08-16 18:53:20',641.65,26,114,9,'A402231',11);

INSERT IGNORE INTO `medical_act` (`act_id`,`act_start`,`act_end`,`act_cost`,`main_surgeon_id`,`hospitalization_id`,`department_room_id`,`medical_act_code`,`department_id`) VALUES
(1,'2026-10-01 00:08:00','2026-10-01 01:38:00',865.13,51,519,1,'X626839',9),
(2,'2026-06-26 17:41:29','2026-06-26 19:11:29',1681.6,51,501,2,'X634029',4),
(3,'2026-03-13 20:41:18','2026-03-13 23:11:18',1258.48,51,515,1,'X653123',11),
(4,'2026-10-04 16:17:14','2026-10-04 18:17:14',2150.49,51,527,1,'X670669',5),
(5,'2026-05-02 01:08:46','2026-05-02 03:08:46',783.32,51,518,1,'X655359',3),
(6,'2026-12-21 11:26:13','2026-12-21 12:56:13',1657.54,51,524,10,'X603397',12),
(7,'2026-06-26 12:41:29','2026-06-26 14:41:29',2922.08,51,501,2,'X688259',4),
(8,'2026-10-05 14:17:14','2026-10-05 16:47:14',2651.47,51,527,4,'X611439',5),
(9,'2026-07-19 22:33:30','2026-07-20 01:03:30',1198.2,51,505,4,'X623223',14),
(10,'2026-03-14 18:47:21','2026-03-14 20:17:21',2268.18,51,522,2,'X640219',7),
(11,'2026-08-31 05:18:44','2026-08-31 07:48:44',617.83,51,503,5,'X631957.236',8),
(12,'2026-03-15 23:41:18','2026-03-16 00:41:18',2370.15,51,515,3,'X680759',11),
(13,'2026-09-26 12:15:14','2026-09-26 13:45:14',1324.14,51,526,7,'X603247',11),
(14,'2026-06-14 11:07:59','2026-06-14 13:07:59',1000.26,51,510,5,'X632179',13),
(15,'2026-03-14 21:41:18','2026-03-14 22:41:18',399.17,51,515,2,'X635255',11),
(16,'2026-10-04 13:17:14','2026-10-04 15:47:14',997.18,51,527,2,'X683529',5),
(17,'2026-03-12 00:41:18','2026-03-12 01:41:18',2077.42,51,515,1,'X635155',11),
(18,'2026-02-19 03:10:29','2026-02-19 05:10:29',1126.94,51,529,5,'X611617',3),
(19,'2026-03-16 01:41:18','2026-03-16 03:11:18',1602.91,51,515,1,'X676251',11),
(20,'2026-09-04 18:31:40','2026-09-04 19:31:40',742.87,51,513,10,'X638209',6),
(21,'2026-03-25 21:59:34','2026-03-26 00:59:34',2464.02,51,506,7,'X638221',1),
(22,'2026-03-14 16:41:18','2026-03-14 18:11:18',1478.68,51,515,9,'X650323',11),
(23,'2026-12-23 14:26:13','2026-12-23 15:56:13',2186.71,51,524,5,'X634557',12),
(24,'2026-03-15 03:31:23','2026-03-15 06:01:23',1911.73,51,530,1,'X664557',8),
(25,'2026-05-03 10:08:46','2026-05-03 12:08:46',1948.53,51,518,9,'X622471',3),
(26,'2026-06-11 02:22:20','2026-06-11 03:22:20',2065.92,52,525,5,'X650481',13),
(27,'2026-07-06 11:14:54','2026-07-06 13:14:54',1555.29,52,514,10,'X631957.57',7),
(28,'2026-09-05 07:18:44','2026-09-05 08:18:44',331.29,52,503,10,'X645079',8),
(29,'2026-09-12 21:56:40','2026-09-13 00:26:40',2408.71,52,521,8,'X703051',2),
(30,'2026-01-20 21:58:56','2026-01-21 00:58:56',2860.14,52,523,10,'X643221',7),
(31,'2026-01-20 04:58:56','2026-01-20 06:58:56',1542.68,52,523,5,'X683957.19',7),
(32,'2026-02-06 00:00:37','2026-02-06 02:00:37',347.3,52,502,8,'X686429',5),
(33,'2026-01-09 14:14:05','2026-01-09 15:14:05',2008.88,52,511,10,'X637757.1',5),
(34,'2026-07-06 14:14:54','2026-07-06 16:14:54',1945.25,52,514,2,'X635719',7),
(35,'2026-12-21 14:26:13','2026-12-21 15:26:13',2248.3,52,524,8,'X696379',12),
(36,'2026-12-18 09:26:13','2026-12-18 11:56:13',1310.44,52,524,4,'X622889',12),
(37,'2026-04-25 20:18:00','2026-04-25 22:48:00',1399.39,52,516,6,'X633937.145',4),
(38,'2026-06-27 12:41:29','2026-06-27 14:11:29',1950.74,52,501,9,'X651599',4),
(39,'2026-12-24 13:26:13','2026-12-24 16:26:13',1163.04,52,524,9,'X709383',12),
(40,'2026-10-05 14:17:14','2026-10-05 15:47:14',2004.74,52,527,2,'X657957.2',5),
(41,'2026-05-02 09:08:46','2026-05-02 10:08:46',1987.13,52,518,2,'X644941',3),
(42,'2026-03-24 19:59:34','2026-03-24 21:59:34',1321.76,52,506,3,'X693209',1),
(43,'2026-04-09 00:20:24','2026-04-09 01:20:24',1429.09,52,528,3,'X629809',9),
(44,'2026-07-26 02:20:16','2026-07-26 04:20:16',723.81,52,520,1,'X636083',13),
(45,'2026-04-07 21:20:24','2026-04-07 23:50:24',2930.47,53,528,5,'X632119',9),
(46,'2026-07-07 08:14:54','2026-07-07 09:14:54',749.44,53,514,10,'X633041',7),
(47,'2026-09-11 21:56:40','2026-09-11 22:56:40',773.07,53,521,6,'X664429',2),
(48,'2026-03-14 02:31:23','2026-03-14 04:01:23',2972.23,53,530,3,'X709403',8),
(49,'2026-09-25 08:15:14','2026-09-25 10:45:14',2141.46,53,526,7,'X632033',11),
(50,'2026-07-06 06:14:54','2026-07-06 08:44:54',2534.94,53,514,4,'X670577',7),
(51,'2026-02-08 18:00:37','2026-02-08 20:30:37',2249.38,53,502,3,'X637019',5),
(52,'2026-10-26 06:11:55','2026-10-26 08:11:55',2331.76,53,512,10,'X651331',13),
(53,'2026-06-12 07:22:20','2026-06-12 09:22:20',1708.8,53,525,2,'X635099',13),
(54,'2026-06-28 13:41:29','2026-06-28 15:41:29',2117.85,53,501,1,'X633937.193',4),
(55,'2026-07-21 07:33:30','2026-07-21 09:03:30',700.58,53,505,8,'X714789',14),
(56,'2026-06-28 16:41:29','2026-06-28 18:41:29',1713.01,53,501,1,'X635075',4),
(57,'2026-09-07 17:31:40','2026-09-07 19:01:40',857.36,53,513,4,'X666435',6),
(58,'2026-07-24 23:33:30','2026-07-25 02:33:30',1281.61,53,505,7,'X636059',14),
(59,'2026-02-06 02:00:37','2026-02-06 03:00:37',2452.63,54,502,3,'X650511',5),
(60,'2026-03-21 20:59:34','2026-03-21 22:29:34',2746.58,54,506,4,'X705961',1),
(61,'2026-07-20 01:33:30','2026-07-20 03:33:30',830.35,54,505,3,'X670721',14),
(62,'2026-01-14 12:23:25','2026-01-14 13:23:25',2625.08,54,504,6,'X657099',5),
(63,'2026-01-12 18:23:25','2026-01-12 20:53:25',1187.33,54,504,6,'X709711',5),
(64,'2026-04-26 22:18:00','2026-04-27 00:18:00',600.97,54,516,1,'X669359',4),
(65,'2026-06-10 05:22:20','2026-06-10 07:52:20',555.33,54,525,5,'X632699',13),
(66,'2026-04-11 05:20:24','2026-04-11 07:20:24',1164.04,54,528,1,'X657453',9),
(67,'2026-06-05 03:21:55','2026-06-05 04:21:55',1179.34,54,517,5,'X664429',14),
(68,'2026-06-05 22:21:55','2026-06-06 01:21:55',2262.12,54,517,1,'X664779',14),
(69,'2026-10-05 11:17:14','2026-10-05 13:17:14',2932.46,54,527,3,'X715157',5),
(70,'2026-06-11 03:22:20','2026-06-11 04:22:20',2453.18,54,525,8,'X635655',13),
(71,'2026-07-26 02:20:16','2026-07-26 04:50:16',2157.06,55,520,7,'X668211',13),
(72,'2026-03-13 04:31:23','2026-03-13 07:01:23',1482.94,55,530,6,'X708917',8),
(73,'2026-06-14 03:07:59','2026-06-14 05:37:59',1816.96,55,510,10,'X627971',13),
(74,'2026-03-16 00:41:18','2026-03-16 02:41:18',2884.44,55,515,4,'X634569',11),
(75,'2026-10-26 08:11:55','2026-10-26 09:41:55',678.73,55,512,9,'X658359',13),
(76,'2026-09-13 04:56:40','2026-09-13 07:26:40',2433.37,55,521,6,'X651243',2),
(77,'2026-04-25 19:18:00','2026-04-25 22:18:00',1947.09,55,516,4,'X636279',4),
(78,'2026-03-01 13:59:45','2026-03-01 14:59:45',1525.93,55,507,10,'X716599',12),
(79,'2026-06-10 06:22:20','2026-06-10 08:52:20',1453.3,55,525,3,'X706073',13),
(80,'2026-08-23 00:16:13','2026-08-23 03:16:13',856.59,55,509,10,'X633937.208',4),
(81,'2026-03-24 22:59:34','2026-03-24 23:59:34',844.59,56,506,4,'X626623',1),
(82,'2026-03-21 16:59:34','2026-03-21 18:59:34',1327.12,56,506,8,'X653095',1),
(83,'2026-03-12 19:41:18','2026-03-12 22:11:18',624.97,56,515,10,'X656381',11),
(84,'2026-04-25 23:18:00','2026-04-26 02:18:00',2851.22,56,516,6,'X714415',4),
(85,'2026-06-27 14:41:29','2026-06-27 17:11:29',2056.17,56,501,10,'X602843',4),
(86,'2026-09-21 11:15:14','2026-09-21 13:45:14',678.59,56,526,5,'X648861',11),
(87,'2026-04-25 03:18:00','2026-04-25 04:18:00',2827.99,56,516,7,'X719199',4),
(88,'2026-07-21 23:33:30','2026-07-22 01:03:30',376.89,56,505,9,'X714621',14),
(89,'2025-10-18 02:44:14','2025-10-18 03:44:14',234.36,43,27,4,'X664279',7),
(90,'2023-10-30 06:44:01','2023-10-30 07:44:01',2268.96,12,229,6,'X622241',8),
(91,'2023-10-07 20:00:51','2023-10-07 21:30:51',1909.33,17,264,9,'X674809',11),
(92,'2023-10-28 22:19:15','2023-10-28 23:19:15',1170.65,37,414,7,'A400859',4),
(93,'2023-08-31 11:20:42','2023-08-31 13:20:42',941.82,75,149,9,'A400145',12),
(94,'2023-03-14 15:09:50','2023-03-14 17:09:50',1707.56,62,493,6,'A401393',4),
(95,'2026-10-05 14:17:14','2026-10-05 15:47:14',1180.98,44,527,10,'X632939',5),
(96,'2025-10-08 01:44:14','2025-10-08 03:14:14',2422.47,70,27,10,'X633937.243',7),
(97,'2026-06-03 21:21:55','2026-06-03 22:21:55',1440.75,24,517,9,'X668719',14),
(98,'2023-09-03 12:35:45','2023-09-03 13:35:45',1096.48,48,171,10,'X703679',5),
(99,'2023-12-30 04:29:56','2023-12-30 06:29:56',522.7,61,432,3,'X630851',7),
(100,'2023-03-11 15:09:50','2023-03-11 16:39:50',2253.07,21,493,6,'A401609',4),
(101,'2025-02-06 13:50:16','2025-02-06 14:50:16',1974.81,75,127,2,'A401053',5),
(102,'2025-11-10 05:25:42','2025-11-10 06:25:42',2127.35,30,483,4,'X638029',6),
(103,'2024-01-28 05:29:33','2024-01-28 07:29:33',2124.43,15,262,9,'X653139',2),
(104,'2024-09-29 12:06:42','2024-09-29 13:36:42',1840.12,54,443,2,'X627063',11),
(105,'2025-04-26 18:28:20','2025-04-26 20:28:20',1557.79,32,498,10,'X633937.196',1),
(106,'2025-09-23 01:21:45','2025-09-23 02:21:45',2160.14,74,101,5,'X719279',4),
(107,'2024-01-11 20:33:12','2024-01-11 22:33:12',1876.83,52,39,4,'A403229',12),
(108,'2025-12-20 08:38:59','2025-12-20 10:08:59',1903.62,46,260,5,'A402521',7),
(109,'2024-08-13 15:26:49','2024-08-13 16:56:49',919.73,23,357,10,'A400741',10),
(110,'2026-06-19 09:07:59','2026-06-19 10:37:59',636.52,24,510,5,'A401465',13),
(111,'2025-03-28 22:25:28','2025-03-28 23:55:28',1846.54,65,318,10,'A403799.11',8),
(112,'2025-04-20 06:20:38','2025-04-20 07:20:38',1735.3,51,363,8,'X647957.3',14),
(113,'2025-08-21 09:39:27','2025-08-21 10:39:27',2127.24,4,281,9,'X706319',10),
(114,'2025-12-19 02:17:11','2025-12-19 03:17:11',1038.38,72,425,1,'X680755',1),
(115,'2025-12-31 08:07:37','2025-12-31 10:07:37',1856.24,41,241,2,'X622775',15),
(116,'2025-11-07 20:59:30','2025-11-07 22:29:30',2260.44,60,230,9,'X621009',9),
(117,'2024-10-07 15:25:31','2024-10-07 16:25:31',2468.28,19,489,2,'X645957.26',11),
(118,'2024-12-17 10:18:22','2024-12-17 12:18:22',1837.86,58,221,8,'X706493',10),
(119,'2024-11-10 03:31:07','2024-11-10 05:31:07',1875.93,76,367,9,'X622449',1),
(120,'2023-05-11 11:15:26','2023-05-11 13:15:26',608.05,12,340,4,'X650939',12),
(121,'2025-11-25 13:35:54','2025-11-25 15:05:54',2458.62,33,441,8,'X632849',3),
(122,'2024-05-28 23:01:55','2024-05-29 01:01:55',633.51,48,61,2,'X601967',13),
(123,'2026-01-11 15:14:05','2026-01-11 16:14:05',1630.79,24,511,8,'X644941',5),
(124,'2025-10-09 19:43:12','2025-10-09 21:13:12',2356.98,40,124,7,'A400865',6),
(125,'2024-10-13 22:29:44','2024-10-13 23:29:44',334.84,58,399,9,'A403799.8',10),
(126,'2023-02-20 19:38:31','2023-02-20 20:38:31',1230.18,76,492,4,'X670589',6),
(127,'2023-02-14 10:54:23','2023-02-14 12:24:23',903.56,38,203,6,'A403165',15),
(128,'2024-04-03 22:13:22','2024-04-03 23:13:22',1085.27,8,295,7,'X614499',3),
(129,'2024-09-17 19:51:52','2024-09-17 21:21:52',367.82,69,361,7,'X704285',13),
(130,'2024-01-02 12:44:06','2024-01-02 14:44:06',2101.12,64,209,9,'X696651',12),
(131,'2024-06-03 21:37:53','2024-06-03 23:37:53',1156.54,52,381,9,'X631559',7),
(132,'2024-08-29 23:06:13','2024-08-30 00:36:13',465.14,49,424,9,'X633059',6),
(133,'2026-06-28 12:41:29','2026-06-28 13:41:29',2092.62,9,501,6,'X642719',4),
(134,'2025-10-05 14:54:21','2025-10-05 15:54:21',392.3,12,207,3,'X667507',12),
(135,'2024-12-10 00:29:20','2024-12-10 01:59:20',2381.76,31,70,6,'X647055',3),
(136,'2025-11-03 12:22:16','2025-11-03 13:52:16',972.54,33,350,4,'A402581',9),
(137,'2023-05-17 19:41:21','2023-05-17 20:41:21',1622.75,4,450,2,'A400501',7),
(138,'2024-07-10 12:07:54','2024-07-10 13:07:54',1496.37,42,174,2,'X631817',9),
(139,'2023-08-12 20:49:55','2023-08-12 22:49:55',1302.0,3,76,1,'X665409',3),
(140,'2024-03-06 19:46:31','2024-03-06 20:46:31',297.88,59,157,6,'X646441',11),
(141,'2024-11-25 09:52:31','2024-11-25 10:52:31',1036.19,70,421,1,'A403041',12),
(142,'2024-12-19 18:06:24','2024-12-19 19:06:24',691.08,52,334,1,'X672959',1),
(143,'2024-05-06 04:13:35','2024-05-06 05:43:35',2355.38,61,145,9,'X698261',3),
(144,'2024-09-28 14:06:42','2024-09-28 16:06:42',1522.66,24,443,1,'A400097',11),
(145,'2023-02-13 11:54:23','2023-02-13 12:54:23',2316.4,20,203,2,'X663757.44',15),
(146,'2023-03-09 00:13:57','2023-03-09 01:43:57',1818.29,43,55,1,'A402205',2),
(147,'2025-12-02 03:20:51','2025-12-02 04:20:51',1786.92,39,297,1,'X679999',12),
(148,'2024-02-10 00:00:21','2024-02-10 01:30:21',2341.17,15,256,6,'X631957.24',5),
(149,'2025-07-15 04:15:16','2025-07-15 06:15:16',2308.56,58,187,7,'A403653',2),
(150,'2023-08-16 17:23:20','2023-08-16 18:53:20',641.65,26,114,9,'A402231',11);

INSERT IGNORE INTO hospitalization (
    hospitalization_id, 
    patient_id, 
    triage_id, 
    room_id, 
    department_id, 
    admission_date, 
    discharge_date, 
    ICD10_admission_id, 
    ICD10_discharge, 
    ken_id, 
    extra_days_cost, 
    total_cost, 
    total_cost_with_exams_acts, 
    hosp_review_id
) VALUES
(1,1,1,6,1,'2023-01-05 04:09:09','2023-01-10 09:09:09','A52.0+','A52.0+',449,0.0,0.0,0.0,1),
(2,1,2,8,1,'2024-05-25 05:05:24','2024-05-31 11:05:24','A32.9','A32.9',279,0.0,0.0,0.0,2),
(3,1,3,3,1,'2025-11-08 01:35:59','2025-11-20 02:35:59','A03.9','A03.9',713,0.0,0.0,0.0,3),
(4,1,4,8,1,'2023-06-12 02:39:33','2023-06-18 12:39:33','A51.3','A51.3',186,0.0,0.0,0.0,4),
(5,2,5,8,2,'2024-08-26 00:16:24','2024-09-05 02:16:24','A07.0','A07.0',500,0.0,0.0,0.0,5),
(6,2,6,9,2,'2024-01-19 07:29:35','2024-01-31 07:29:35','A49.3','A49.3',591,0.0,0.0,0.0,6),
(7,2,7,4,2,'2023-07-22 02:21:34','2023-08-01 12:21:34','A30.4','A30.4',494,0.0,0.0,0.0,NULL),
(8,2,8,3,2,'2025-02-28 02:33:35','2025-03-11 12:33:35','A40.9','A40.9',518,0.0,0.0,0.0,7),
(9,3,9,1,3,'2024-01-30 12:47:40','2024-02-06 16:47:40','A21.0','A21.0',520,0.0,0.0,0.0,NULL),
(10,3,10,10,3,'2025-06-07 02:48:50','2025-06-18 14:48:50','A06.0','A06.0',459,0.0,0.0,0.0,8),
(11,3,11,2,3,'2024-05-03 07:54:25','2024-05-15 07:54:25','A37.0','A37.0',414,0.0,0.0,0.0,9),
(12,3,12,9,3,'2023-11-18 08:01:39','2023-11-23 12:01:39','A20.1','A20.1',576,0.0,0.0,0.0,10),
(13,4,13,6,4,'2025-05-13 18:59:29','2025-05-26 01:59:29','A51.5','A51.5',574,0.0,0.0,0.0,11),
(14,4,14,4,4,'2025-10-06 16:44:14','2025-10-19 04:44:14','A30.3','A30.3',3,0.0,0.0,0.0,NULL),
(15,4,15,3,4,'2024-08-01 01:50:46','2024-08-10 01:50:46','A17.1+','A17.1+',505,0.0,0.0,0.0,12),
(16,4,16,7,4,'2025-02-11 22:57:12','2025-02-22 23:57:12','A40.2','A40.2',221,0.0,0.0,0.0,NULL),
(17,5,17,10,5,'2023-02-12 10:26:58','2023-02-22 20:26:58','A40.0','A40.0',127,0.0,0.0,0.0,NULL),
(18,5,18,7,5,'2024-07-13 02:25:11','2024-07-20 10:25:11','A41.2','A41.2',600,0.0,0.0,0.0,13),
(19,5,19,7,5,'2025-09-27 02:12:30','2025-10-04 03:12:30','A51.0','A51.0',674,0.0,0.0,0.0,14),
(20,5,20,4,5,'2025-07-16 08:38:48','2025-07-26 20:38:48','A36.2','A36.2',281,0.0,0.0,0.0,15),
(21,6,21,9,6,'2024-06-25 09:49:40','2024-07-04 20:49:40','A44.9','A44.9',307,0.0,0.0,0.0,16),
(22,6,22,6,6,'2024-03-19 11:25:19','2024-03-27 21:25:19','A07.9','A07.9',689,0.0,0.0,0.0,17),
(23,6,23,6,6,'2025-07-16 06:37:38','2025-07-23 07:37:38','A41.1','A41.1',576,0.0,0.0,0.0,18),
(24,6,24,1,6,'2025-09-20 08:24:17','2025-10-01 20:24:17','A06.5+','A06.5+',536,0.0,0.0,0.0,19),
(25,7,25,3,7,'2023-02-26 20:32:35','2023-03-10 00:32:35','A22.1','A22.1',294,0.0,0.0,0.0,20),
(26,7,26,6,7,'2023-09-26 17:48:37','2023-10-01 17:48:37','A06.4','A06.4',464,0.0,0.0,0.0,21),
(27,7,27,5,7,'2025-10-16 20:47:17','2025-10-25 08:47:17','A03.2','A03.2',710,0.0,0.0,0.0,22),
(28,7,28,5,7,'2024-06-11 03:40:43','2024-06-22 14:40:43','A51.5','A51.5',208,0.0,0.0,0.0,23),
(29,8,29,4,8,'2024-12-20 13:40:07','2024-12-28 22:40:07','A24.0','A24.0',199,0.0,0.0,0.0,24),
(30,8,30,2,8,'2024-09-22 16:50:30','2024-09-30 00:50:30','A03.0','A03.0',387,0.0,0.0,0.0,25),
(31,8,31,1,8,'2024-08-04 16:52:30','2024-08-13 20:52:30','A40.8','A40.8',339,0.0,0.0,0.0,26),
(32,8,32,10,8,'2025-01-16 21:16:23','2025-01-24 09:16:23','A24.2','A24.2',678,0.0,0.0,0.0,27),
(33,9,33,9,8,'2024-08-10 23:44:11','2024-08-20 04:44:11','A19.1','A19.1',226,0.0,0.0,0.0,28),
(34,9,34,9,13,'2024-07-21 16:24:08','2024-07-31 00:24:08','A06.1','A06.1',414,0.0,0.0,0.0,29),
(35,10,35,6,8,'2024-05-16 03:40:17','2024-05-25 08:40:17','A20.7','A20.7',301,0.0,0.0,0.0,30),
(36,10,36,1,13,'2024-10-19 20:15:34','2024-10-29 08:15:34','A30.4','A30.4',118,0.0,0.0,0.0,31),
(37,11,37,6,8,'2024-12-17 15:31:04','2024-12-29 01:31:04','A07.1','A07.1',391,0.0,0.0,0.0,32),
(38,11,38,9,4,'2024-05-30 07:37:27','2024-06-10 07:37:27','A42.8','A42.8',384,0.0,0.0,0.0,33),
(39,12,39,4,8,'2024-11-08 03:47:39','2024-11-19 07:47:39','A42.8','A42.8',329,0.0,0.0,0.0,NULL),
(40,12,40,1,4,'2024-02-02 12:30:54','2024-02-13 20:30:54','A04.0','A04.0',642,0.0,0.0,0.0,34),
(41,13,41,9,4,'2024-09-01 20:30:00','2024-09-09 23:30:00','A39.2','A39.2',720,0.0,0.0,0.0,NULL),
(42,13,42,6,11,'2024-09-08 11:23:12','2024-09-16 18:23:12','A06.0','A06.0',39,0.0,0.0,0.0,35),
(43,14,43,2,4,'2024-01-29 21:43:16','2024-02-07 05:43:16','A21.1','A21.1',589,0.0,0.0,0.0,36),
(44,14,44,7,11,'2024-12-20 07:00:37','2024-12-28 17:00:37','A26.0','A26.0',444,0.0,0.0,0.0,NULL),
(45,15,45,10,1,'2024-09-19 01:35:56','2024-09-29 12:35:56','A50.2','A50.2',65,0.0,0.0,0.0,37),
(46,15,46,5,7,'2024-01-19 05:14:52','2024-01-29 06:14:52','A24.2','A24.2',703,0.0,0.0,0.0,38),
(47,16,47,7,1,'2024-08-24 01:36:12','2024-09-03 07:36:12','A02.2','A02.2',677,0.0,0.0,0.0,39),
(48,16,48,7,7,'2024-07-03 11:53:07','2024-07-13 22:53:07','A24.0','A24.0',559,0.0,0.0,0.0,40),
(49,17,49,2,11,'2024-04-26 07:05:16','2024-05-08 09:05:16','A01.1','A01.1',43,0.0,0.0,0.0,NULL),
(50,17,50,5,3,'2024-08-10 23:07:27','2024-08-24 00:07:27','A30.4','A30.4',216,0.0,0.0,0.0,41),
(51,18,51,3,11,'2024-03-23 18:31:52','2024-04-04 20:31:52','A20.8','A20.8',189,0.0,0.0,0.0,42),
(52,18,52,10,3,'2024-08-27 23:47:03','2024-09-10 09:47:03','A44.9','A44.9',56,0.0,0.0,0.0,43),
(53,138,53,10,11,'2023-04-24 07:04:45','2023-04-28 18:04:45','A01.0','A01.0',499,0.0,0.0,0.0,44),
(54,104,54,4,6,'2023-09-19 05:55:41','2023-09-24 06:55:41','A01.1','A01.1',326,0.0,0.0,0.0,NULL),
(55,144,55,6,8,'2023-08-28 21:43:40','2023-09-06 06:43:40','A01.2','A01.2',324,0.0,0.0,0.0,45),
(56,129,56,7,3,'2023-05-03 05:22:24','2023-05-06 15:22:24','A01.3','A01.3',284,0.0,0.0,0.0,46),
(57,112,57,5,3,'2023-12-08 09:29:20','2023-12-16 21:29:20','A01.4','A01.4',499,0.0,0.0,0.0,47),
(58,161,58,9,2,'2024-09-08 03:58:37','2024-09-13 05:58:37','A01.0','A01.0',202,0.0,0.0,0.0,NULL),
(59,87,59,1,12,'2024-10-10 01:05:45','2024-10-14 11:05:45','A01.1','A01.1',596,0.0,0.0,0.0,48),
(60,168,60,8,7,'2024-12-18 12:21:41','2024-12-24 20:21:41','A01.2','A01.2',670,0.0,0.0,0.0,49),
(61,58,61,9,6,'2024-03-28 05:22:07','2024-04-06 13:22:07','A01.3','A01.3',93,0.0,0.0,0.0,50),
(62,121,62,9,6,'2024-09-14 18:36:40','2024-09-18 06:36:40','A01.4','A01.4',144,0.0,0.0,0.0,51),
(63,134,63,8,3,'2023-08-09 08:49:55','2023-08-14 19:49:55','A02.0','A02.0',368,0.0,0.0,0.0,52),
(64,30,64,4,4,'2023-04-01 10:03:56','2023-04-11 10:03:56','A02.1','A02.1',531,0.0,0.0,0.0,53),
(65,112,65,2,7,'2023-12-24 01:27:58','2024-01-03 06:27:58','A02.2','A02.2',721,0.0,0.0,0.0,54),
(66,153,66,7,11,'2023-11-21 18:34:24','2023-11-28 20:34:24','A02.8','A02.8',670,0.0,0.0,0.0,55),
(67,116,67,7,6,'2023-07-21 01:38:50','2023-07-25 09:38:50','A02.9','A02.9',362,0.0,0.0,0.0,56),
(68,108,68,3,8,'2024-12-10 23:02:30','2024-12-21 06:02:30','A02.0','A02.0',236,0.0,0.0,0.0,57),
(69,39,69,2,9,'2024-03-23 14:28:56','2024-03-30 23:28:56','A02.1','A02.1',677,0.0,0.0,0.0,58),
(70,78,70,4,7,'2024-10-07 05:16:09','2024-10-15 12:16:09','A02.2','A02.2',605,0.0,0.0,0.0,59),
(71,61,71,3,11,'2024-01-10 06:12:44','2024-01-19 15:12:44','A02.8','A02.8',138,0.0,0.0,0.0,60),
(72,181,72,3,9,'2024-12-12 08:50:09','2024-12-15 12:50:09','A02.9','A02.9',530,0.0,0.0,0.0,61),
(73,123,73,8,10,'2023-12-08 16:17:49','2023-12-12 01:17:49','A03.0','A03.0',494,0.0,0.0,0.0,62),
(74,63,74,9,4,'2023-08-22 18:13:21','2023-09-01 03:13:21','A03.1','A03.1',271,0.0,0.0,0.0,63),
(75,62,75,7,12,'2023-12-25 13:56:35','2024-01-02 16:56:35','A03.2','A03.2',395,0.0,0.0,0.0,64),
(76,53,76,10,2,'2023-03-21 02:01:30','2023-03-24 04:01:30','A03.3','A03.3',99,0.0,0.0,0.0,NULL),
(77,65,77,8,8,'2023-12-08 06:14:51','2023-12-11 07:14:51','A03.8','A03.8',676,0.0,0.0,0.0,NULL),
(78,53,78,9,15,'2024-12-14 19:21:23','2024-12-17 19:21:23','A03.0','A03.0',440,0.0,0.0,0.0,NULL),
(79,78,79,10,13,'2024-11-03 05:11:29','2024-11-13 17:11:29','A03.1','A03.1',101,0.0,0.0,0.0,65),
(80,128,80,7,3,'2024-07-04 20:16:43','2024-07-12 04:16:43','A03.2','A03.2',264,0.0,0.0,0.0,66),
(81,68,81,4,1,'2024-08-12 20:13:50','2024-08-16 02:13:50','A03.3','A03.3',705,0.0,0.0,0.0,67),
(82,100,82,5,7,'2024-02-11 22:25:39','2024-02-20 02:25:39','A03.8','A03.8',549,0.0,0.0,0.0,68),
(83,109,83,9,10,'2024-04-17 13:24:37','2024-04-29 01:24:37','A18.5','A18.5',495,0.0,0.0,0.0,69),
(84,95,84,3,9,'2025-04-10 03:22:44','2025-04-19 09:22:44','A07.2','A07.2',676,0.0,0.0,0.0,NULL),
(85,192,85,6,4,'2024-09-29 03:03:18','2024-10-13 09:03:18','A51.4','A51.4',564,0.0,0.0,0.0,70),
(86,179,86,8,11,'2025-03-04 19:11:12','2025-03-06 21:11:12','A39.2','A39.2',615,0.0,0.0,0.0,71),
(87,23,87,7,2,'2024-05-24 14:26:02','2024-05-29 20:26:02','A43.0','A43.0',629,0.0,0.0,0.0,72),
(88,74,88,4,12,'2025-10-28 22:33:12','2025-10-30 22:33:12','A42.9','A42.9',673,0.0,0.0,0.0,NULL),
(89,74,89,3,4,'2023-08-22 05:53:02','2023-09-05 14:53:02','A02.9','A02.9',691,0.0,0.0,0.0,73),
(90,93,90,7,4,'2025-03-03 15:29:29','2025-03-05 20:29:29','A50.3','A50.3',416,0.0,0.0,0.0,74),
(91,52,91,9,9,'2023-10-01 17:13:54','2023-10-15 04:13:54','A30.5','A30.5',597,0.0,0.0,0.0,NULL),
(92,89,92,1,14,'2024-08-23 23:42:59','2024-08-29 08:42:59','A18.4','A18.4',268,0.0,0.0,0.0,75),
(93,105,93,9,9,'2023-01-29 11:41:10','2023-02-08 23:41:10','A44.0','A44.0',264,0.0,0.0,0.0,76),
(94,148,94,6,5,'2025-05-27 20:38:34','2025-06-06 08:38:34','A40.2','A40.2',470,0.0,0.0,0.0,NULL),
(95,151,95,4,14,'2023-02-15 17:41:56','2023-02-25 05:41:56','A21.1','A21.1',694,0.0,0.0,0.0,77),
(96,81,96,7,7,'2024-07-27 11:38:15','2024-08-06 12:38:15','A30.3','A30.3',690,0.0,0.0,0.0,NULL),
(97,20,97,3,9,'2023-05-03 10:30:22','2023-05-12 14:30:22','A19.2','A19.2',700,0.0,0.0,0.0,78),
(98,128,98,4,12,'2023-10-14 00:41:44','2023-10-19 03:41:44','A31.1','A31.1',634,0.0,0.0,0.0,79),
(99,40,99,1,13,'2023-12-24 20:46:30','2023-12-28 05:46:30','A03.0','A03.0',555,0.0,0.0,0.0,80),
(100,124,100,9,6,'2025-07-11 14:56:41','2025-07-19 02:56:41','A36.2','A36.2',287,0.0,0.0,0.0,81),
(101,57,101,9,13,'2025-01-22 13:41:51','2025-01-26 13:41:51','A36.1','A36.1',356,0.0,0.0,0.0,82),
(102,176,102,1,13,'2023-02-17 07:54:45','2023-02-26 07:54:45','A20.2','A20.2',691,0.0,0.0,0.0,83),
(103,98,103,4,10,'2023-05-21 23:22:40','2023-05-29 03:22:40','A40.9','A40.9',276,0.0,0.0,0.0,84),
(104,157,104,6,6,'2024-07-13 06:52:24','2024-07-17 18:52:24','A36.3','A36.3',374,0.0,0.0,0.0,85),
(105,72,105,5,8,'2023-02-21 07:18:20','2023-03-04 18:18:20','A49.1','A49.1',242,0.0,0.0,0.0,86),
(106,111,106,7,14,'2024-02-27 00:21:43','2024-03-03 02:21:43','A17.0+','A17.0+',512,0.0,0.0,0.0,87),
(107,162,107,1,9,'2025-05-04 03:47:28','2025-05-17 12:47:28','A06.3','A06.3',408,0.0,0.0,0.0,88),
(108,177,108,8,3,'2023-11-13 15:20:03','2023-11-18 16:20:03','A22.7','A22.7',343,0.0,0.0,0.0,89),
(109,93,109,6,6,'2025-11-12 01:53:42','2025-11-22 02:53:42','A51.2','A51.2',696,0.0,0.0,0.0,90),
(110,51,110,6,10,'2025-09-10 13:20:20','2025-09-22 18:20:20','A42.7','A42.7',690,0.0,0.0,0.0,91),
(111,125,111,3,13,'2025-12-12 22:58:31','2025-12-22 05:58:31','A52.7','A52.7',172,0.0,0.0,0.0,NULL),
(112,87,112,4,7,'2025-08-11 10:02:54','2025-08-22 15:02:54','A26.7','A26.7',322,0.0,0.0,0.0,92),
(113,168,113,6,5,'2025-08-24 14:35:48','2025-08-31 02:35:48','A43.0','A43.0',602,0.0,0.0,0.0,NULL),
(114,116,114,5,7,'2023-11-29 03:49:53','2023-12-03 13:49:53','A04.4','A04.4',718,0.0,0.0,0.0,93),
(115,54,115,7,3,'2024-02-07 11:37:30','2024-02-10 11:37:30','A04.5','A04.5',537,0.0,0.0,0.0,94),
(116,27,116,5,5,'2025-02-03 03:50:16','2025-02-07 14:50:16','A52.1','A52.1',454,0.0,0.0,0.0,NULL),
(117,33,117,8,3,'2025-03-08 17:10:54','2025-03-23 22:10:54','A44.1','A44.1',479,0.0,0.0,0.0,NULL),
(118,70,118,10,9,'2024-09-28 11:18:59','2024-10-02 18:18:59','A43.1','A43.1',446,0.0,0.0,0.0,NULL),
(119,164,119,2,11,'2025-12-20 09:46:40','2025-12-26 21:46:40','A24.3','A24.3',453,0.0,0.0,0.0,95),
(120,94,120,5,7,'2024-04-28 07:30:16','2024-05-02 12:30:16','A43.9','A43.9',481,0.0,0.0,0.0,NULL),
(121,3,121,5,12,'2024-07-04 18:35:14','2024-07-19 06:35:14','A21.2','A21.2',612,0.0,0.0,0.0,96),
(122,2,122,7,9,'2024-06-09 07:39:23','2024-06-14 09:39:23','A20.8','A20.8',388,0.0,0.0,0.0,97),
(123,68,123,5,2,'2024-04-03 14:52:40','2024-04-16 00:52:40','A43.9','A43.9',292,0.0,0.0,0.0,98),
(124,69,124,8,7,'2023-01-27 23:07:49','2023-02-12 09:07:49','A40.0','A40.0',633,0.0,0.0,0.0,99),
(125,70,125,1,12,'2025-03-15 07:19:28','2025-03-24 15:19:28','A06.4','A06.4',191,0.0,0.0,0.0,NULL),
(126,73,126,8,5,'2023-06-20 16:20:21','2023-07-03 16:20:21','A30.3','A30.3',223,0.0,0.0,0.0,100),
(127,108,127,5,5,'2024-06-29 11:51:08','2024-07-06 11:51:08','A04.2','A04.2',402,0.0,0.0,0.0,101),
(128,140,128,4,8,'2023-12-15 05:31:10','2023-12-20 06:31:10','A39.4','A39.4',395,0.0,0.0,0.0,102),
(129,64,129,7,12,'2023-06-29 09:17:24','2023-07-04 16:17:24','A24.4','A24.4',698,0.0,0.0,0.0,103),
(130,83,130,5,3,'2025-01-17 20:12:04','2025-01-31 03:12:04','A31.8','A31.8',204,0.0,0.0,0.0,104),
(131,14,131,3,14,'2025-02-14 07:34:10','2025-02-19 07:34:10','A50.2','A50.2',283,0.0,0.0,0.0,NULL),
(132,31,132,6,7,'2023-01-17 20:24:23','2023-01-19 22:24:23','A22.0','A22.0',92,0.0,0.0,0.0,105),
(133,41,133,3,8,'2023-08-29 15:11:16','2023-09-10 20:11:16','A44.0','A44.0',719,0.0,0.0,0.0,106),
(134,28,134,8,3,'2024-05-03 11:13:35','2024-05-08 23:13:35','A02.0','A02.0',198,0.0,0.0,0.0,107),
(135,177,135,9,7,'2024-02-22 21:47:41','2024-03-07 04:47:41','A44.1','A44.1',302,0.0,0.0,0.0,108),
(136,179,136,5,8,'2023-03-15 01:29:13','2023-03-26 08:29:13','A49.0','A49.0',614,0.0,0.0,0.0,109),
(137,42,137,1,2,'2025-06-24 23:33:51','2025-06-29 06:33:51','A42.2','A42.2',654,0.0,0.0,0.0,110),
(138,98,138,2,12,'2023-08-30 03:20:42','2023-09-01 14:20:42','A44.0','A44.0',675,0.0,0.0,0.0,111),
(139,100,139,7,4,'2025-07-13 16:29:39','2025-07-25 21:29:39','A26.8','A26.8',657,0.0,0.0,0.0,112),
(140,29,140,2,2,'2025-01-27 06:30:04','2025-02-08 09:30:04','A19.8','A19.8',498,0.0,0.0,0.0,NULL),
(141,26,141,10,1,'2025-11-22 07:52:35','2025-12-04 16:52:35','A03.2','A03.2',263,0.0,0.0,0.0,113),
(142,94,142,8,4,'2025-01-29 00:35:35','2025-02-11 01:35:35','A03.9','A03.9',655,0.0,0.0,0.0,NULL),
(143,93,143,9,9,'2025-11-16 18:50:32','2025-11-24 22:50:32','A04.2','A04.2',42,0.0,0.0,0.0,114),
(144,78,144,4,2,'2023-02-08 05:13:01','2023-02-18 08:13:01','A22.0','A22.0',539,0.0,0.0,0.0,115),
(145,146,145,10,11,'2023-10-19 07:59:51','2023-10-29 19:59:51','A40.2','A40.2',367,0.0,0.0,0.0,116),
(146,180,146,3,11,'2024-03-06 07:46:31','2024-03-09 12:46:31','A51.0','A51.0',547,0.0,0.0,0.0,117),
(147,114,147,6,15,'2024-08-02 05:07:46','2024-08-09 11:07:46','A21.7','A21.7',624,0.0,0.0,0.0,118),
(148,145,148,7,9,'2023-10-25 20:55:04','2023-11-03 03:55:04','A02.8','A02.8',1,0.0,0.0,0.0,119),
(149,73,149,6,10,'2023-02-22 21:05:24','2023-03-05 00:05:24','A23.1','A23.1',23,0.0,0.0,0.0,120),
(150,142,150,6,9,'2025-12-26 23:13:21','2026-01-07 06:13:21','A17.1+','A17.1+',160,0.0,0.0,0.0,NULL),
(151,68,151,10,6,'2025-04-02 00:39:46','2025-04-07 06:39:46','A04.3','A04.3',223,0.0,0.0,0.0,121),
(152,186,152,1,6,'2024-07-09 05:03:57','2024-07-13 09:03:57','A32.8','A32.8',591,0.0,0.0,0.0,122),
(153,21,153,4,13,'2023-05-11 05:44:14','2023-05-25 17:44:14','A51.1','A51.1',669,0.0,0.0,0.0,123),
(154,3,154,10,11,'2025-01-22 11:30:32','2025-01-30 19:30:32','A26.9','A26.9',154,0.0,0.0,0.0,124),
(155,129,155,9,12,'2023-01-21 03:52:43','2023-01-25 12:52:43','A20.8','A20.8',93,0.0,0.0,0.0,NULL),
(156,111,156,1,5,'2024-02-21 21:05:28','2024-02-26 08:05:28','A36.3','A36.3',562,0.0,0.0,0.0,125),
(157,68,157,8,2,'2024-06-18 06:45:02','2024-06-28 09:45:02','A49.9','A49.9',405,0.0,0.0,0.0,126),
(158,51,158,7,9,'2025-07-24 01:20:36','2025-08-06 13:20:36','A50.0','A50.0',332,0.0,0.0,0.0,127),
(159,23,159,10,2,'2025-06-14 22:41:04','2025-06-23 03:41:04','A02.1','A02.1',672,0.0,0.0,0.0,128),
(160,198,160,4,5,'2023-08-28 19:35:45','2023-09-04 19:35:45','A32.1+','A32.1+',205,0.0,0.0,0.0,129),
(161,40,161,5,13,'2025-02-03 20:50:54','2025-02-18 22:50:54','A30.3','A30.3',15,0.0,0.0,0.0,NULL),
(162,178,162,9,13,'2023-06-25 04:52:40','2023-07-01 15:52:40','A20.1','A20.1',217,0.0,0.0,0.0,130),
(163,140,163,1,9,'2024-07-07 04:07:54','2024-07-17 14:07:54','A50.2','A50.2',386,0.0,0.0,0.0,NULL),
(164,170,164,5,9,'2023-03-08 17:29:39','2023-03-15 02:29:39','A40.8','A40.8',55,0.0,0.0,0.0,131),
(165,168,165,2,1,'2023-09-15 01:07:15','2023-09-23 06:07:15','A23.9','A23.9',20,0.0,0.0,0.0,132),
(166,167,166,2,7,'2023-07-18 00:56:21','2023-07-26 08:56:21','A19.9','A19.9',191,0.0,0.0,0.0,NULL),
(167,129,167,6,8,'2025-01-09 21:17:13','2025-01-23 01:17:13','A36.1','A36.1',502,0.0,0.0,0.0,NULL),
(168,191,168,9,3,'2023-09-24 05:14:38','2023-10-01 08:14:38','A03.9','A03.9',283,0.0,0.0,0.0,NULL),
(169,161,169,7,5,'2024-01-12 20:38:31','2024-01-28 01:38:31','A17.1+','A17.1+',673,0.0,0.0,0.0,133),
(170,23,170,4,12,'2024-09-20 17:22:13','2024-09-30 23:22:13','D63.8*','D63.8*',587,0.0,0.0,0.0,134),
(171,110,171,10,5,'2025-06-25 00:33:36','2025-07-02 02:33:36','A20.0','A20.0',555,0.0,0.0,0.0,135),
(172,36,172,10,5,'2025-12-16 09:57:41','2025-12-29 19:57:41','A26.7','A26.7',162,0.0,0.0,0.0,NULL),
(173,18,173,1,9,'2025-02-16 09:26:58','2025-03-01 20:26:58','A37.0','A37.0',327,0.0,0.0,0.0,136),
(174,106,174,3,5,'2024-11-15 12:47:06','2024-11-28 13:47:06','A02.1','A02.1',190,0.0,0.0,0.0,NULL),
(175,196,175,4,10,'2025-08-24 17:38:35','2025-08-30 20:38:35','A02.1','A02.1',704,0.0,0.0,0.0,137),
(176,92,176,6,2,'2025-07-05 15:15:16','2025-07-19 22:15:16','A36.0','A36.0',189,0.0,0.0,0.0,138),
(177,126,177,7,8,'2023-03-17 10:18:43','2023-03-21 14:18:43','A20.0','A20.0',228,0.0,0.0,0.0,139),
(178,194,178,8,4,'2023-12-27 15:13:41','2023-12-31 20:13:41','A39.0+','A39.0+',253,0.0,0.0,0.0,140),
(179,104,179,10,13,'2023-10-14 02:47:20','2023-10-25 13:47:20','A44.0','A44.0',609,0.0,0.0,0.0,141),
(180,135,180,4,11,'2025-01-16 10:57:27','2025-01-30 10:57:27','A44.0','A44.0',532,0.0,0.0,0.0,142),
(181,102,181,8,12,'2023-05-31 20:48:34','2023-06-11 00:48:34','A24.2','A24.2',408,0.0,0.0,0.0,143),
(182,199,182,9,14,'2024-03-06 00:46:03','2024-03-15 11:46:03','A40.3','A40.3',146,0.0,0.0,0.0,144),
(183,166,183,9,8,'2023-07-14 23:28:07','2023-07-28 10:28:07','A36.1','A36.1',139,0.0,0.0,0.0,NULL),
(184,106,184,8,6,'2024-03-11 01:16:09','2024-03-13 04:16:09','A22.1','A22.1',93,0.0,0.0,0.0,145),
(185,83,185,8,12,'2025-11-06 16:47:22','2025-11-20 03:47:22','A31.8','A31.8',650,0.0,0.0,0.0,146),
(186,22,186,7,9,'2025-10-10 18:57:18','2025-10-19 02:57:18','A18.3','A18.3',45,0.0,0.0,0.0,NULL),
(187,86,187,7,10,'2025-02-28 20:56:15','2025-03-15 20:56:15','A24.4','A24.4',316,0.0,0.0,0.0,147),
(188,187,188,1,13,'2024-08-31 16:57:49','2024-09-06 19:57:49','A22.1','A22.1',638,0.0,0.0,0.0,148),
(189,4,189,4,8,'2024-07-13 03:40:57','2024-07-28 06:40:57','A41.0','A41.0',603,0.0,0.0,0.0,NULL),
(190,117,190,10,7,'2024-08-22 00:44:40','2024-08-25 04:44:40','A49.1','A49.1',644,0.0,0.0,0.0,149),
(191,54,191,10,1,'2023-01-22 18:13:59','2023-01-27 04:13:59','A24.1','A24.1',618,0.0,0.0,0.0,NULL),
(192,85,192,10,15,'2023-02-12 20:54:23','2023-02-15 00:54:23','A50.5','A50.5',677,0.0,0.0,0.0,NULL),
(193,147,193,5,13,'2025-06-27 05:03:22','2025-07-01 06:03:22','A32.0','A32.0',331,0.0,0.0,0.0,150),
(194,98,194,2,14,'2023-06-16 10:56:48','2023-06-30 12:56:48','A23.1','A23.1',712,0.0,0.0,0.0,NULL),
(195,85,195,9,9,'2024-03-22 20:54:02','2024-04-02 05:54:02','A41.2','A41.2',90,0.0,0.0,0.0,151),
(196,186,196,9,12,'2025-10-02 22:54:21','2025-10-17 02:54:21','A52.0+','A52.0+',589,0.0,0.0,0.0,NULL),
(197,91,197,8,15,'2023-08-08 02:07:55','2023-08-19 09:07:55','A51.3','A51.3',185,0.0,0.0,0.0,NULL),
(198,60,198,2,12,'2024-01-02 04:44:06','2024-01-07 16:44:06','A51.4','A51.4',213,0.0,0.0,0.0,152),
(199,107,199,4,7,'2023-05-17 03:58:28','2023-05-24 13:58:28','A23.3','A23.3',707,0.0,0.0,0.0,153),
(200,66,200,6,13,'2023-04-27 23:50:58','2023-05-04 00:50:58','A36.2','A36.2',350,0.0,0.0,0.0,154),
(201,186,201,8,10,'2025-11-20 14:12:02','2025-11-23 00:12:02','A02.9','A02.9',486,0.0,0.0,0.0,155),
(202,166,202,7,3,'2024-09-01 00:55:56','2024-09-05 07:55:56','A43.0','A43.0',58,0.0,0.0,0.0,NULL),
(203,77,203,6,10,'2025-05-03 22:41:58','2025-05-16 07:41:58','A04.0','A04.0',363,0.0,0.0,0.0,156),
(204,39,204,3,5,'2023-05-27 06:29:51','2023-06-03 12:29:51','A07.1','A07.1',610,0.0,0.0,0.0,NULL),
(205,193,205,4,5,'2025-05-03 12:20:48','2025-05-18 19:20:48','A40.0','A40.0',381,0.0,0.0,0.0,157),
(206,78,206,4,4,'2025-03-10 08:14:13','2025-03-16 20:14:13','A39.4','A39.4',95,0.0,0.0,0.0,158),
(207,130,207,9,1,'2024-03-01 08:06:32','2024-03-11 19:06:32','A26.9','A26.9',318,0.0,0.0,0.0,159),
(208,37,208,7,13,'2023-07-20 19:50:06','2023-08-05 02:50:06','A07.1','A07.1',535,0.0,0.0,0.0,160),
(209,2,209,2,5,'2023-11-26 21:05:19','2023-12-08 21:05:19','A24.4','A24.4',534,0.0,0.0,0.0,NULL),
(210,6,210,5,10,'2024-12-12 21:18:22','2024-12-25 01:18:22','A26.7','A26.7',546,0.0,0.0,0.0,161),
(211,198,211,10,8,'2025-04-17 06:19:17','2025-04-20 06:19:17','A42.8','A42.8',574,0.0,0.0,0.0,NULL),
(212,27,212,5,4,'2025-08-02 22:27:32','2025-08-10 10:27:32','A21.8','A21.8',588,0.0,0.0,0.0,NULL),
(213,44,213,1,2,'2024-12-12 21:18:30','2024-12-23 23:18:30','A03.2','A03.2',483,0.0,0.0,0.0,162),
(214,28,214,8,7,'2023-06-16 03:56:55','2023-06-19 12:56:55','A31.1','A31.1',632,0.0,0.0,0.0,163),
(215,80,215,3,6,'2023-10-23 00:49:26','2023-11-05 09:49:26','A40.8','A40.8',96,0.0,0.0,0.0,NULL),
(216,25,216,10,8,'2024-09-07 16:25:00','2024-09-19 18:25:00','A31.9','A31.9',265,0.0,0.0,0.0,164),
(217,101,217,8,3,'2025-05-09 15:52:46','2025-05-21 16:52:46','A30.5','A30.5',116,0.0,0.0,0.0,NULL),
(218,123,218,2,8,'2023-10-26 15:44:01','2023-11-01 23:44:01','A06.5+','A06.5+',416,0.0,0.0,0.0,165),
(219,84,219,7,9,'2025-11-05 05:59:30','2025-11-08 14:59:30','A51.5','A51.5',245,0.0,0.0,0.0,166),
(220,63,220,7,9,'2023-05-30 15:25:43','2023-06-09 00:25:43','A49.8','A49.8',446,0.0,0.0,0.0,167),
(221,88,221,10,9,'2025-03-09 17:16:24','2025-03-14 18:16:24','A40.3','A40.3',611,0.0,0.0,0.0,168),
(222,84,222,2,9,'2023-06-23 06:42:57','2023-07-08 15:42:57','A50.5','A50.5',702,0.0,0.0,0.0,169),
(223,198,223,1,14,'2024-07-11 09:09:52','2024-07-18 18:09:52','D63.0*','D63.0*',151,0.0,0.0,0.0,NULL),
(224,116,224,6,9,'2024-08-27 11:32:54','2024-09-04 21:32:54','A49.8','A49.8',307,0.0,0.0,0.0,170),
(225,174,225,9,5,'2024-12-21 18:31:01','2025-01-04 03:31:01','A07.8','A07.8',414,0.0,0.0,0.0,171),
(226,76,226,5,1,'2024-01-22 02:10:56','2024-02-01 03:10:56','A21.3','A21.3',32,0.0,0.0,0.0,NULL),
(227,111,227,9,12,'2025-09-01 07:25:10','2025-09-09 13:25:10','A18.4','A18.4',217,0.0,0.0,0.0,172),
(228,122,228,3,3,'2023-05-30 19:41:08','2023-06-10 05:41:08','A01.2','A01.2',138,0.0,0.0,0.0,173),
(229,19,229,3,11,'2023-10-08 13:22:08','2023-10-12 14:22:08','A37.1','A37.1',658,0.0,0.0,0.0,174),
(230,117,230,7,15,'2025-12-28 19:07:37','2026-01-09 03:07:37','A40.0','A40.0',566,0.0,0.0,0.0,NULL),
(231,99,231,4,6,'2023-06-15 11:09:38','2023-06-19 22:09:38','A22.9','A22.9',514,0.0,0.0,0.0,175),
(232,106,232,6,15,'2025-05-24 00:24:30','2025-06-04 11:24:30','A50.1','A50.1',116,0.0,0.0,0.0,176),
(233,124,233,9,12,'2023-10-12 02:49:18','2023-10-16 03:49:18','A06.0','A06.0',625,0.0,0.0,0.0,177),
(234,63,234,10,8,'2025-09-16 07:28:35','2025-09-29 19:28:35','A51.3','A51.3',320,0.0,0.0,0.0,178),
(235,14,235,10,15,'2024-10-29 21:23:55','2024-11-09 04:23:55','A37.8','A37.8',340,0.0,0.0,0.0,179),
(236,91,236,10,13,'2024-03-06 12:17:21','2024-03-12 23:17:21','A03.9','A03.9',267,0.0,0.0,0.0,180),
(237,162,237,1,8,'2025-08-12 01:26:31','2025-08-16 10:26:31','A41.3','A41.3',294,0.0,0.0,0.0,181),
(238,22,238,5,3,'2025-11-28 05:02:41','2025-12-01 09:02:41','A01.3','A01.3',264,0.0,0.0,0.0,182),
(239,190,239,3,2,'2025-12-20 23:02:25','2025-12-25 04:02:25','A21.3','A21.3',268,0.0,0.0,0.0,NULL),
(240,125,240,8,3,'2025-01-14 09:25:33','2025-01-29 11:25:33','A32.9','A32.9',423,0.0,0.0,0.0,183),
(241,61,241,1,11,'2024-09-05 04:37:35','2024-09-18 09:37:35','A22.8','A22.8',658,0.0,0.0,0.0,184),
(242,194,242,9,14,'2023-03-07 13:08:56','2023-03-09 20:08:56','A32.8','A32.8',240,0.0,0.0,0.0,185),
(243,175,243,5,12,'2024-04-12 11:50:37','2024-04-21 11:50:37','A32.8','A32.8',460,0.0,0.0,0.0,186),
(244,174,244,10,6,'2025-01-17 09:18:42','2025-01-29 15:18:42','A23.0','A23.0',668,0.0,0.0,0.0,NULL),
(245,86,245,4,5,'2024-02-08 16:00:21','2024-02-22 23:00:21','A50.3','A50.3',689,0.0,0.0,0.0,187),
(246,198,246,1,4,'2025-09-21 13:47:27','2025-09-28 23:47:27','A01.3','A01.3',70,0.0,0.0,0.0,NULL),
(247,106,247,5,2,'2025-09-24 19:19:08','2025-09-27 23:19:08','A02.8','A02.8',198,0.0,0.0,0.0,188),
(248,7,248,2,10,'2023-08-20 02:46:22','2023-08-22 13:46:22','A51.1','A51.1',89,0.0,0.0,0.0,189),
(249,34,249,3,7,'2025-12-16 20:38:59','2025-12-31 07:38:59','A24.0','A24.0',260,0.0,0.0,0.0,190),
(250,120,250,6,11,'2023-06-26 16:24:07','2023-07-09 04:24:07','A18.1','A18.1',264,0.0,0.0,0.0,191),
(251,200,251,5,2,'2024-01-25 14:29:33','2024-02-08 18:29:33','A39.3','A39.3',183,0.0,0.0,0.0,192),
(252,18,252,9,8,'2023-06-02 20:37:05','2023-06-13 22:37:05','A20.7','A20.7',442,0.0,0.0,0.0,NULL),
(253,158,253,10,11,'2023-10-06 05:00:51','2023-10-15 06:00:51','A39.5+','A39.5+',257,0.0,0.0,0.0,193),
(254,5,254,3,15,'2024-09-11 01:08:45','2024-09-15 05:08:45','A30.0','A30.0',717,0.0,0.0,0.0,194),
(255,101,255,2,10,'2023-10-03 07:21:45','2023-10-13 18:21:45','A21.0','A21.0',554,0.0,0.0,0.0,195),
(256,1,256,6,7,'2025-10-31 09:32:28','2025-11-15 14:32:28','A24.2','A24.2',699,0.0,0.0,0.0,NULL),
(257,103,257,8,1,'2025-02-05 16:04:38','2025-02-17 17:04:38','A20.0','A20.0',297,0.0,0.0,0.0,196),
(258,46,258,6,9,'2023-09-15 02:29:17','2023-09-23 03:29:17','A04.5','A04.5',499,0.0,0.0,0.0,197),
(259,162,259,4,8,'2025-02-24 22:21:46','2025-03-02 07:21:46','A36.0','A36.0',501,0.0,0.0,0.0,198),
(260,17,260,1,13,'2025-05-01 00:15:34','2025-05-13 00:15:34','A03.8','A03.8',348,0.0,0.0,0.0,199),
(261,87,261,9,13,'2025-06-08 01:36:25','2025-06-10 11:36:25','A44.0','A44.0',470,0.0,0.0,0.0,200),
(262,39,262,1,12,'2025-12-26 13:54:29','2025-12-31 20:54:29','A51.5','A51.5',483,0.0,0.0,0.0,201),
(263,12,263,2,4,'2025-02-21 01:41:59','2025-03-05 05:41:59','A51.3','A51.3',468,0.0,0.0,0.0,NULL),
(264,44,264,10,14,'2025-11-15 03:27:00','2025-11-18 15:27:00','A04.0','A04.0',226,0.0,0.0,0.0,202),
(265,52,265,9,7,'2024-11-21 05:06:53','2024-12-05 14:06:53','A26.8','A26.8',141,0.0,0.0,0.0,203),
(266,55,266,7,13,'2023-03-09 19:38:57','2023-03-20 21:38:57','A32.0','A32.0',173,0.0,0.0,0.0,204),
(267,142,267,10,3,'2024-12-25 20:55:16','2024-12-31 08:55:16','A18.0+','A18.0+',386,0.0,0.0,0.0,205),
(268,5,268,10,15,'2024-01-03 20:10:56','2024-01-07 07:10:56','A37.1','A37.1',291,0.0,0.0,0.0,206),
(269,178,269,8,13,'2024-02-19 17:43:23','2024-03-04 01:43:23','A21.7','A21.7',422,0.0,0.0,0.0,207),
(270,45,270,5,10,'2025-08-20 22:39:27','2025-08-23 08:39:27','A37.8','A37.8',357,0.0,0.0,0.0,208),
(271,2,271,9,9,'2023-02-16 02:15:08','2023-02-21 14:15:08','A20.8','A20.8',520,0.0,0.0,0.0,209),
(272,119,272,3,13,'2025-03-23 04:42:49','2025-04-04 16:42:49','A41.0','A41.0',702,0.0,0.0,0.0,210),
(273,128,273,4,3,'2023-12-25 18:56:09','2024-01-06 22:56:09','A22.1','A22.1',446,0.0,0.0,0.0,NULL),
(274,86,274,1,10,'2024-02-10 23:16:30','2024-02-13 11:16:30','A42.8','A42.8',497,0.0,0.0,0.0,NULL),
(275,30,275,6,2,'2023-06-23 06:01:52','2023-07-06 09:01:52','A07.0','A07.0',236,0.0,0.0,0.0,211),
(276,84,276,8,4,'2023-10-14 22:18:30','2023-10-19 23:18:30','A41.3','A41.3',600,0.0,0.0,0.0,212),
(277,14,277,3,15,'2024-03-25 10:48:19','2024-03-29 15:48:19','A19.8','A19.8',469,0.0,0.0,0.0,213),
(278,162,278,5,6,'2024-05-10 23:44:03','2024-05-15 23:44:03','A07.0','A07.0',140,0.0,0.0,0.0,214),
(279,120,279,3,8,'2024-10-22 17:52:42','2024-10-27 02:52:42','A51.3','A51.3',654,0.0,0.0,0.0,215),
(280,44,280,4,10,'2025-03-31 17:58:50','2025-04-16 00:58:50','A41.0','A41.0',606,0.0,0.0,0.0,216),
(281,119,281,4,5,'2023-06-16 18:16:40','2023-06-30 03:16:40','D63.0*','D63.0*',606,0.0,0.0,0.0,217),
(282,147,282,7,15,'2023-01-18 17:11:57','2023-01-26 17:11:57','A36.1','A36.1',544,0.0,0.0,0.0,218),
(283,123,283,1,13,'2025-02-08 10:25:07','2025-02-23 18:25:07','A36.9','A36.9',710,0.0,0.0,0.0,219),
(284,56,284,3,3,'2024-04-03 10:13:22','2024-04-09 14:13:22','A40.2','A40.2',721,0.0,0.0,0.0,220),
(285,147,285,3,12,'2025-06-27 05:25:24','2025-06-29 11:25:24','A52.1','A52.1',380,0.0,0.0,0.0,221),
(286,119,286,9,12,'2025-12-01 17:20:51','2025-12-03 22:20:51','A24.0','A24.0',34,0.0,0.0,0.0,NULL),
(287,110,287,2,13,'2024-08-26 06:55:31','2024-09-08 18:55:31','A30.1','A30.1',636,0.0,0.0,0.0,222),
(288,189,288,8,15,'2023-12-20 21:51:11','2023-12-31 02:51:11','A03.0','A03.0',634,0.0,0.0,0.0,223),
(289,94,289,6,6,'2023-08-06 10:18:16','2023-08-18 12:18:16','A44.1','A44.1',245,0.0,0.0,0.0,NULL),
(290,30,290,4,11,'2024-10-19 17:43:52','2024-11-02 05:43:52','A31.0','A31.0',329,0.0,0.0,0.0,224),
(291,69,291,8,9,'2025-04-19 02:10:54','2025-04-27 09:10:54','A43.1','A43.1',514,0.0,0.0,0.0,225),
(292,32,292,2,8,'2025-09-21 23:17:29','2025-10-02 04:17:29','A40.2','A40.2',193,0.0,0.0,0.0,226),
(293,23,293,3,2,'2024-04-22 10:49:41','2024-04-26 11:49:41','D63.0*','D63.0*',509,0.0,0.0,0.0,227),
(294,53,294,6,9,'2025-04-25 06:32:14','2025-04-27 13:32:14','A39.4','A39.4',431,0.0,0.0,0.0,NULL),
(295,189,295,6,11,'2023-03-15 20:10:23','2023-03-22 04:10:23','A50.1','A50.1',422,0.0,0.0,0.0,228),
(296,88,296,9,11,'2025-05-08 07:23:46','2025-05-22 15:23:46','A40.2','A40.2',456,0.0,0.0,0.0,229),
(297,78,297,5,10,'2023-04-30 12:44:25','2023-05-14 17:44:25','A17.9+','A17.9+',49,0.0,0.0,0.0,230),
(298,91,298,3,5,'2024-08-28 16:03:05','2024-09-01 18:03:05','A21.3','A21.3',166,0.0,0.0,0.0,231),
(299,30,299,9,1,'2024-02-19 12:49:06','2024-03-01 15:49:06','A02.8','A02.8',725,0.0,0.0,0.0,232),
(300,171,300,2,6,'2024-05-25 08:49:08','2024-05-29 12:49:08','A36.8','A36.8',26,0.0,0.0,0.0,233),
(301,128,301,9,13,'2023-12-27 21:49:40','2024-01-06 05:49:40','A24.0','A24.0',340,0.0,0.0,0.0,234),
(302,122,302,2,15,'2024-08-11 07:31:43','2024-08-25 12:31:43','A03.0','A03.0',491,0.0,0.0,0.0,235),
(303,36,303,6,11,'2025-05-01 01:32:03','2025-05-04 08:32:03','A26.9','A26.9',95,0.0,0.0,0.0,236),
(304,15,304,1,10,'2025-08-16 00:58:30','2025-08-21 03:58:30','A44.0','A44.0',86,0.0,0.0,0.0,237),
(305,115,305,10,11,'2025-07-19 05:12:19','2025-07-22 14:12:19','A03.8','A03.8',524,0.0,0.0,0.0,238),
(306,171,306,5,6,'2024-10-05 12:15:57','2024-10-09 12:15:57','A30.5','A30.5',354,0.0,0.0,0.0,239),
(307,79,307,3,8,'2025-03-26 06:25:28','2025-03-29 10:25:28','A37.1','A37.1',435,0.0,0.0,0.0,240),
(308,36,308,6,14,'2025-02-03 22:18:17','2025-02-15 06:18:17','A50.4','A50.4',68,0.0,0.0,0.0,NULL),
(309,194,309,10,7,'2023-06-09 13:26:59','2023-06-11 20:26:59','A20.0','A20.0',141,0.0,0.0,0.0,241),
(310,48,310,5,14,'2024-08-03 13:24:50','2024-08-09 22:24:50','A49.2','A49.2',506,0.0,0.0,0.0,NULL),
(311,190,311,8,8,'2023-11-04 17:42:02','2023-11-07 03:42:02','A23.8','A23.8',128,0.0,0.0,0.0,242),
(312,107,312,2,3,'2024-09-07 20:50:22','2024-09-21 03:50:22','A31.8','A31.8',614,0.0,0.0,0.0,243),
(313,149,313,2,8,'2025-12-04 17:34:14','2025-12-13 04:34:14','A42.8','A42.8',383,0.0,0.0,0.0,244),
(314,188,314,8,10,'2023-04-12 05:03:42','2023-04-27 10:03:42','A17.0+','A17.0+',710,0.0,0.0,0.0,NULL),
(315,92,315,5,3,'2023-05-21 17:17:14','2023-05-27 17:17:14','A43.8','A43.8',299,0.0,0.0,0.0,NULL),
(316,164,316,6,15,'2023-03-17 16:29:06','2023-03-28 00:29:06','A24.2','A24.2',324,0.0,0.0,0.0,245),
(317,70,317,1,11,'2025-05-22 05:57:22','2025-06-04 07:57:22','A42.9','A42.9',141,0.0,0.0,0.0,246),
(318,73,318,4,6,'2024-05-12 13:56:52','2024-05-20 21:56:52','A49.2','A49.2',193,0.0,0.0,0.0,247),
(319,158,319,2,12,'2025-07-27 03:29:27','2025-08-11 04:29:27','A01.4','A01.4',135,0.0,0.0,0.0,NULL),
(320,123,320,6,6,'2024-05-21 08:23:02','2024-06-03 16:23:02','A24.2','A24.2',177,0.0,0.0,0.0,248),
(321,8,321,3,12,'2023-02-20 09:42:21','2023-02-25 12:42:21','A37.9','A37.9',81,0.0,0.0,0.0,249),
(322,177,322,1,13,'2023-01-08 17:17:18','2023-01-11 18:17:18','A42.8','A42.8',676,0.0,0.0,0.0,250),
(323,152,323,1,1,'2024-12-19 07:06:24','2024-12-22 17:06:24','A07.3','A07.3',99,0.0,0.0,0.0,251),
(324,155,324,5,4,'2025-03-14 04:17:29','2025-03-19 15:17:29','A30.5','A30.5',594,0.0,0.0,0.0,252),
(325,91,325,2,3,'2025-10-11 11:36:58','2025-10-25 12:36:58','A01.3','A01.3',593,0.0,0.0,0.0,253),
(326,136,326,4,4,'2025-04-21 01:05:44','2025-04-26 02:05:44','A41.0','A41.0',517,0.0,0.0,0.0,254),
(327,94,327,7,12,'2025-06-21 04:58:57','2025-06-25 10:58:57','A42.8','A42.8',220,0.0,0.0,0.0,255),
(328,59,328,8,7,'2023-05-03 14:18:16','2023-05-17 16:18:16','A23.8','A23.8',370,0.0,0.0,0.0,256),
(329,143,329,10,12,'2023-05-08 21:15:26','2023-05-12 04:15:26','A39.4','A39.4',320,0.0,0.0,0.0,257),
(330,58,330,8,9,'2024-11-28 13:35:09','2024-12-05 01:35:09','A32.0','A32.0',696,0.0,0.0,0.0,258),
(331,46,331,2,1,'2025-09-19 13:23:02','2025-09-28 23:23:02','A17.8+','A17.8+',123,0.0,0.0,0.0,259),
(332,102,332,4,7,'2025-02-09 22:07:09','2025-02-21 03:07:09','A36.8','A36.8',610,0.0,0.0,0.0,260),
(333,32,333,7,4,'2024-07-13 07:02:36','2024-07-26 19:02:36','A41.0','A41.0',365,0.0,0.0,0.0,261),
(334,171,334,2,10,'2024-07-18 02:43:43','2024-07-27 03:43:43','A41.4','A41.4',257,0.0,0.0,0.0,262),
(335,128,335,1,4,'2025-01-12 22:02:35','2025-01-17 05:02:35','A32.8','A32.8',184,0.0,0.0,0.0,263),
(336,155,336,9,11,'2024-04-27 22:51:31','2024-05-02 08:51:31','A40.8','A40.8',505,0.0,0.0,0.0,264),
(337,52,337,9,5,'2025-07-10 20:27:52','2025-07-20 08:27:52','A01.4','A01.4',560,0.0,0.0,0.0,265),
(338,196,338,8,1,'2024-05-29 11:41:22','2024-06-01 18:41:22','A02.8','A02.8',37,0.0,0.0,0.0,266),
(339,46,339,5,9,'2025-10-31 04:22:16','2025-11-15 06:22:16','A41.3','A41.3',399,0.0,0.0,0.0,267),
(340,196,340,8,2,'2025-07-11 01:17:31','2025-07-23 08:17:31','A18.0+','A18.0+',576,0.0,0.0,0.0,268),
(341,130,341,5,1,'2024-07-11 16:51:19','2024-07-17 21:51:19','A03.9','A03.9',329,0.0,0.0,0.0,269),
(342,8,342,1,10,'2023-11-22 14:47:30','2023-11-26 23:47:30','A30.3','A30.3',641,0.0,0.0,0.0,NULL),
(343,98,343,4,2,'2024-05-19 08:53:35','2024-05-26 11:53:35','A24.4','A24.4',241,0.0,0.0,0.0,270),
(344,152,344,9,2,'2025-12-04 21:06:26','2025-12-07 21:06:26','A02.9','A02.9',334,0.0,0.0,0.0,NULL),
(345,118,345,10,11,'2024-07-19 11:54:33','2024-07-30 18:54:33','A26.7','A26.7',23,0.0,0.0,0.0,271),
(346,97,346,4,10,'2024-08-10 22:26:49','2024-08-18 08:26:49','A42.0','A42.0',345,0.0,0.0,0.0,272),
(347,129,347,8,13,'2025-03-07 05:04:41','2025-03-14 08:04:41','A04.3','A04.3',651,0.0,0.0,0.0,273),
(348,138,348,2,4,'2024-01-19 21:01:27','2024-01-26 06:01:27','A06.2','A06.2',593,0.0,0.0,0.0,NULL),
(349,152,349,2,6,'2024-08-08 09:29:39','2024-08-11 14:29:39','A24.2','A24.2',668,0.0,0.0,0.0,NULL),
(350,130,350,5,13,'2024-09-15 03:51:52','2024-09-23 09:51:52','A42.8','A42.8',640,0.0,0.0,0.0,274),
(351,117,351,10,11,'2025-12-09 15:33:04','2025-12-13 17:33:04','A20.3','A20.3',512,0.0,0.0,0.0,275),
(352,170,352,1,14,'2025-04-15 13:20:38','2025-04-24 22:20:38','A20.0','A20.0',535,0.0,0.0,0.0,276),
(353,94,353,4,8,'2023-02-28 21:30:24','2023-03-05 22:30:24','A22.9','A22.9',423,0.0,0.0,0.0,277),
(354,74,354,3,11,'2023-09-25 03:57:06','2023-10-01 04:57:06','A02.2','A02.2',197,0.0,0.0,0.0,278),
(355,63,355,4,13,'2024-07-08 02:05:29','2024-07-17 02:05:29','A23.0','A23.0',164,0.0,0.0,0.0,NULL),
(356,35,356,1,1,'2024-11-08 11:31:07','2024-11-22 21:31:07','A02.0','A02.0',498,0.0,0.0,0.0,NULL),
(357,15,357,2,14,'2023-08-23 03:18:57','2023-08-30 08:18:57','A17.1+','A17.1+',407,0.0,0.0,0.0,279),
(358,61,358,9,2,'2025-07-14 19:39:15','2025-07-28 07:39:15','A42.0','A42.0',258,0.0,0.0,0.0,280),
(359,24,359,7,4,'2025-10-28 19:39:40','2025-11-01 06:39:40','A37.9','A37.9',242,0.0,0.0,0.0,NULL),
(360,56,360,1,3,'2023-03-25 14:38:13','2023-03-29 23:38:13','A43.9','A43.9',503,0.0,0.0,0.0,281),
(361,96,361,3,12,'2023-08-01 08:42:44','2023-08-08 12:42:44','A41.0','A41.0',372,0.0,0.0,0.0,282),
(362,184,362,1,6,'2024-09-08 05:32:29','2024-09-10 15:32:29','A21.7','A21.7',708,0.0,0.0,0.0,283),
(363,65,363,8,9,'2024-09-05 16:26:12','2024-09-11 19:26:12','A01.2','A01.2',398,0.0,0.0,0.0,NULL),
(364,101,364,6,15,'2024-02-05 11:11:38','2024-02-11 18:11:38','A36.9','A36.9',660,0.0,0.0,0.0,NULL),
(365,9,365,7,5,'2023-10-31 05:03:46','2023-11-15 10:03:46','A18.1','A18.1',103,0.0,0.0,0.0,284),
(366,179,366,6,5,'2025-05-18 04:32:19','2025-05-21 15:32:19','A02.2','A02.2',465,0.0,0.0,0.0,285),
(367,196,367,4,1,'2025-03-13 17:34:38','2025-03-25 23:34:38','A24.3','A24.3',644,0.0,0.0,0.0,286),
(368,81,368,3,10,'2023-03-03 21:00:42','2023-03-07 09:00:42','A37.0','A37.0',609,0.0,0.0,0.0,287),
(369,82,369,6,8,'2024-10-13 02:18:02','2024-10-28 11:18:02','A19.9','A19.9',289,0.0,0.0,0.0,288),
(370,22,370,9,7,'2024-06-02 04:37:53','2024-06-06 04:37:53','A51.3','A51.3',663,0.0,0.0,0.0,NULL),
(371,161,371,7,4,'2023-03-19 11:58:29','2023-03-28 20:58:29','A22.7','A22.7',615,0.0,0.0,0.0,289),
(372,39,372,8,2,'2024-08-08 20:05:13','2024-08-13 02:05:13','A41.5','A41.5',690,0.0,0.0,0.0,290),
(373,31,373,3,4,'2025-03-16 12:00:01','2025-03-21 18:00:01','A20.1','A20.1',442,0.0,0.0,0.0,291),
(374,154,374,3,4,'2024-09-20 11:51:20','2024-10-03 23:51:20','A23.9','A23.9',30,0.0,0.0,0.0,292),
(375,68,375,8,4,'2025-12-19 22:54:43','2025-12-29 08:54:43','A01.2','A01.2',88,0.0,0.0,0.0,293),
(376,121,376,10,3,'2024-06-03 21:28:42','2024-06-17 08:28:42','A04.2','A04.2',263,0.0,0.0,0.0,294),
(377,25,377,10,9,'2023-05-10 17:30:13','2023-05-13 02:30:13','A03.1','A03.1',727,0.0,0.0,0.0,295),
(378,2,378,9,5,'2025-05-29 09:35:47','2025-06-09 11:35:47','A50.1','A50.1',43,0.0,0.0,0.0,NULL),
(379,46,379,9,5,'2023-07-11 18:36:00','2023-07-21 23:36:00','A17.8+','A17.8+',444,0.0,0.0,0.0,296),
(380,67,380,5,2,'2024-02-20 02:50:55','2024-02-22 08:50:55','A51.3','A51.3',270,0.0,0.0,0.0,297),
(381,195,381,3,15,'2024-05-02 03:28:03','2024-05-12 10:28:03','A52.3','A52.3',570,0.0,0.0,0.0,298),
(382,113,382,3,1,'2023-01-22 16:36:10','2023-01-26 20:36:10','A40.8','A40.8',723,0.0,0.0,0.0,299),
(383,112,383,2,2,'2024-06-20 23:15:42','2024-06-23 06:15:42','A07.3','A07.3',152,0.0,0.0,0.0,300),
(384,90,384,10,2,'2023-04-21 21:09:26','2023-05-07 01:09:26','A50.2','A50.2',680,0.0,0.0,0.0,301),
(385,55,385,8,10,'2023-10-26 04:32:16','2023-11-05 07:32:16','A06.2','A06.2',694,0.0,0.0,0.0,302),
(386,85,386,6,1,'2024-09-21 21:01:08','2024-10-03 22:01:08','A02.2','A02.2',158,0.0,0.0,0.0,303),
(387,21,387,1,8,'2025-07-06 21:34:25','2025-07-19 07:34:25','A03.1','A03.1',338,0.0,0.0,0.0,NULL),
(388,168,388,5,10,'2024-10-11 11:29:44','2024-10-18 23:29:44','A03.8','A03.8',331,0.0,0.0,0.0,304),
(389,191,389,7,2,'2025-05-29 12:49:16','2025-06-09 15:49:16','A02.0','A02.0',92,0.0,0.0,0.0,305),
(390,54,390,2,3,'2024-06-05 20:36:17','2024-06-19 22:36:17','A41.4','A41.4',306,0.0,0.0,0.0,306),
(391,111,391,9,12,'2024-08-22 18:09:16','2024-09-03 23:09:16','A41.4','A41.4',205,0.0,0.0,0.0,307),
(392,115,392,7,15,'2024-04-14 15:24:33','2024-04-24 03:24:33','A51.4','A51.4',378,0.0,0.0,0.0,308),
(393,48,393,4,7,'2025-02-06 14:19:59','2025-02-15 00:19:59','D63.8*','D63.8*',664,0.0,0.0,0.0,309),
(394,127,394,8,9,'2025-07-24 06:21:05','2025-08-05 07:21:05','D63.0*','D63.0*',308,0.0,0.0,0.0,310),
(395,33,395,9,11,'2024-04-07 02:37:07','2024-04-22 02:37:07','A03.1','A03.1',79,0.0,0.0,0.0,311),
(396,132,396,5,2,'2025-06-10 23:37:11','2025-06-19 08:37:11','A22.2','A22.2',364,0.0,0.0,0.0,312),
(397,150,397,1,2,'2025-02-14 15:57:20','2025-02-16 21:57:20','A37.1','A37.1',86,0.0,0.0,0.0,313),
(398,181,398,5,5,'2024-10-08 18:03:05','2024-10-20 06:03:05','A19.1','A19.1',350,0.0,0.0,0.0,NULL),
(399,55,399,1,3,'2023-08-24 02:10:51','2023-09-06 10:10:51','A36.2','A36.2',6,0.0,0.0,0.0,314),
(400,30,400,10,1,'2023-07-05 21:04:46','2023-07-18 08:04:46','A24.2','A24.2',499,0.0,0.0,0.0,315),
(401,159,401,1,14,'2025-09-26 15:26:20','2025-10-03 17:26:20','A07.0','A07.0',196,0.0,0.0,0.0,316),
(402,5,402,4,12,'2023-01-11 19:56:12','2023-01-27 05:56:12','A52.1','A52.1',447,0.0,0.0,0.0,317),
(403,138,403,2,4,'2023-10-27 10:19:15','2023-11-02 10:19:15','D63.8*','D63.8*',171,0.0,0.0,0.0,318),
(404,190,404,5,12,'2024-07-02 12:35:52','2024-07-11 15:35:52','A36.1','A36.1',584,0.0,0.0,0.0,319),
(405,14,405,10,6,'2023-09-03 07:50:45','2023-09-06 18:50:45','A49.0','A49.0',611,0.0,0.0,0.0,320),
(406,75,406,8,1,'2024-07-08 07:47:21','2024-07-16 17:47:21','A03.9','A03.9',238,0.0,0.0,0.0,321),
(407,136,407,8,1,'2024-05-03 05:56:12','2024-05-14 11:56:12','A41.5','A41.5',120,0.0,0.0,0.0,322),
(408,160,408,4,11,'2024-09-28 08:18:20','2024-10-07 19:18:20','A30.4','A30.4',481,0.0,0.0,0.0,323),
(409,113,409,8,4,'2025-08-17 19:22:34','2025-08-23 05:22:34','A24.0','A24.0',135,0.0,0.0,0.0,NULL),
(410,186,410,4,12,'2024-11-19 22:52:31','2024-11-28 07:52:31','A06.0','A06.0',290,0.0,0.0,0.0,NULL),
(411,171,411,7,8,'2023-03-19 20:19:39','2023-03-24 08:19:39','A24.2','A24.2',506,0.0,0.0,0.0,324),
(412,61,412,3,4,'2025-01-08 14:59:21','2025-01-10 16:59:21','A02.8','A02.8',516,0.0,0.0,0.0,325),
(413,17,413,5,6,'2024-08-28 06:06:13','2024-08-31 13:06:13','A31.0','A31.0',349,0.0,0.0,0.0,326),
(414,197,414,1,1,'2025-12-15 16:17:11','2025-12-21 17:17:11','A40.2','A40.2',449,0.0,0.0,0.0,327),
(415,194,415,9,2,'2023-08-26 15:56:54','2023-09-09 15:56:54','A18.2','A18.2',108,0.0,0.0,0.0,NULL),
(416,162,416,2,2,'2023-03-03 12:38:57','2023-03-10 19:38:57','A31.9','A31.9',158,0.0,0.0,0.0,328),
(417,86,417,8,14,'2023-11-26 22:28:46','2023-11-30 01:28:46','A23.8','A23.8',350,0.0,0.0,0.0,NULL),
(418,130,418,3,3,'2023-05-26 05:21:30','2023-06-01 08:21:30','A37.8','A37.8',543,0.0,0.0,0.0,329),
(419,59,419,6,3,'2024-12-23 01:34:01','2024-12-31 13:34:01','A39.4','A39.4',31,0.0,0.0,0.0,NULL),
(420,38,420,7,13,'2023-11-10 13:45:55','2023-11-23 18:45:55','A39.2','A39.2',169,0.0,0.0,0.0,330),
(421,16,421,9,7,'2023-12-25 20:29:56','2024-01-07 07:29:56','A37.8','A37.8',303,0.0,0.0,0.0,331),
(422,103,422,5,15,'2025-08-04 11:01:23','2025-08-17 11:01:23','A51.3','A51.3',541,0.0,0.0,0.0,332),
(423,38,423,8,12,'2024-09-07 14:23:25','2024-09-17 00:23:25','A30.4','A30.4',715,0.0,0.0,0.0,NULL),
(424,167,424,3,7,'2023-02-03 05:33:18','2023-02-09 16:33:18','A44.1','A44.1',533,0.0,0.0,0.0,333),
(425,73,425,1,4,'2023-08-03 21:01:00','2023-08-13 23:01:00','A44.1','A44.1',29,0.0,0.0,0.0,334),
(426,152,426,1,5,'2023-10-29 00:40:24','2023-11-13 11:40:24','A22.7','A22.7',382,0.0,0.0,0.0,335),
(427,161,427,1,9,'2024-01-20 01:54:09','2024-01-23 12:54:09','A30.2','A30.2',465,0.0,0.0,0.0,336),
(428,61,428,5,13,'2025-08-09 02:44:53','2025-08-20 06:44:53','A49.9','A49.9',683,0.0,0.0,0.0,337),
(429,173,429,4,3,'2025-07-22 08:38:39','2025-07-30 17:38:39','A40.1','A40.1',370,0.0,0.0,0.0,338),
(430,26,430,3,3,'2025-11-19 02:35:54','2025-11-27 08:35:54','A20.3','A20.3',488,0.0,0.0,0.0,NULL),
(431,115,431,7,2,'2024-07-23 22:03:27','2024-08-05 10:03:27','A50.2','A50.2',271,0.0,0.0,0.0,339),
(432,128,432,9,11,'2024-09-25 00:06:42','2024-10-04 02:06:42','A41.3','A41.3',131,0.0,0.0,0.0,NULL),
(433,183,433,8,8,'2023-07-19 17:14:07','2023-08-02 00:14:07','A18.0+','A18.0+',34,0.0,0.0,0.0,NULL),
(434,144,434,5,6,'2023-11-28 11:10:39','2023-12-09 20:10:39','A43.0','A43.0',42,0.0,0.0,0.0,340),
(435,40,435,3,2,'2024-05-25 19:13:04','2024-06-01 07:13:04','A50.3','A50.3',146,0.0,0.0,0.0,341),
(436,108,436,6,1,'2024-03-25 02:21:53','2024-03-31 10:21:53','A03.1','A03.1',70,0.0,0.0,0.0,NULL),
(437,107,437,10,8,'2025-08-09 05:18:08','2025-08-15 12:18:08','A17.1+','A17.1+',136,0.0,0.0,0.0,NULL),
(438,130,438,2,11,'2024-06-24 07:38:45','2024-07-08 12:38:45','A52.0+','A52.0+',640,0.0,0.0,0.0,342),
(439,105,439,5,7,'2023-05-13 03:41:21','2023-05-21 14:41:21','A06.0','A06.0',662,0.0,0.0,0.0,NULL),
(440,43,440,9,12,'2023-09-03 02:02:36','2023-09-14 12:02:36','A19.8','A19.8',88,0.0,0.0,0.0,343),
(441,159,441,1,9,'2025-01-22 00:49:29','2025-02-05 08:49:29','A43.9','A43.9',124,0.0,0.0,0.0,344),
(442,47,442,9,1,'2024-03-21 07:14:29','2024-04-04 19:14:29','A26.8','A26.8',622,0.0,0.0,0.0,345),
(443,103,443,1,10,'2023-12-02 04:10:59','2023-12-11 10:10:59','A26.7','A26.7',541,0.0,0.0,0.0,346),
(444,98,444,5,5,'2023-02-08 23:51:23','2023-02-12 01:51:23','D63.8*','D63.8*',92,0.0,0.0,0.0,347),
(445,79,445,1,7,'2025-01-24 06:06:56','2025-01-28 17:06:56','A36.0','A36.0',306,0.0,0.0,0.0,348),
(446,26,446,4,6,'2023-12-14 04:27:57','2023-12-22 04:27:57','A50.5','A50.5',246,0.0,0.0,0.0,349),
(447,151,447,6,4,'2024-10-19 15:46:58','2024-10-29 15:46:58','A49.0','A49.0',476,0.0,0.0,0.0,350),
(448,105,448,2,2,'2024-06-07 19:07:02','2024-06-10 04:07:02','A49.1','A49.1',253,0.0,0.0,0.0,NULL),
(449,167,449,4,13,'2023-08-10 06:25:59','2023-08-16 14:25:59','A32.1+','A32.1+',146,0.0,0.0,0.0,351),
(450,139,450,10,3,'2023-06-14 22:39:32','2023-06-25 05:39:32','A18.2','A18.2',297,0.0,0.0,0.0,352),
(451,1,451,4,1,'2024-08-20 15:31:52','2024-08-27 01:31:52','A42.7','A42.7',600,0.0,0.0,0.0,353),
(452,73,452,2,1,'2023-07-27 19:04:22','2023-08-10 01:04:22','A49.1','A49.1',144,0.0,0.0,0.0,354),
(453,72,453,5,15,'2024-08-25 15:45:45','2024-08-30 20:45:45','A40.0','A40.0',725,0.0,0.0,0.0,NULL),
(454,70,454,3,4,'2025-05-14 03:13:14','2025-05-21 03:13:14','A01.0','A01.0',662,0.0,0.0,0.0,355),
(455,156,455,8,8,'2023-09-19 20:04:41','2023-09-22 07:04:41','A44.0','A44.0',403,0.0,0.0,0.0,356),
(456,21,456,2,13,'2025-01-31 16:34:04','2025-02-12 23:34:04','A32.7','A32.7',362,0.0,0.0,0.0,357),
(457,154,457,8,6,'2024-11-22 08:24:20','2024-11-26 11:24:20','A20.8','A20.8',10,0.0,0.0,0.0,358),
(458,191,458,5,1,'2024-12-24 09:03:29','2025-01-05 19:03:29','A21.2','A21.2',227,0.0,0.0,0.0,359),
(459,127,459,7,6,'2023-07-11 19:34:54','2023-07-18 05:34:54','A23.2','A23.2',114,0.0,0.0,0.0,360),
(460,146,460,10,9,'2024-08-02 20:00:38','2024-08-07 06:00:38','A18.4','A18.4',579,0.0,0.0,0.0,361),
(461,17,461,9,10,'2023-01-26 19:18:13','2023-02-08 22:18:13','A19.8','A19.8',281,0.0,0.0,0.0,362),
(462,174,462,1,1,'2025-07-27 12:22:29','2025-08-08 19:22:29','A52.8','A52.8',438,0.0,0.0,0.0,363),
(463,173,463,9,11,'2023-05-06 19:34:16','2023-05-22 05:34:16','A41.5','A41.5',478,0.0,0.0,0.0,364),
(464,93,464,8,9,'2023-03-29 16:56:27','2023-04-12 00:56:27','A01.1','A01.1',324,0.0,0.0,0.0,365),
(465,101,465,7,4,'2024-12-08 05:06:43','2024-12-11 16:06:43','A22.0','A22.0',77,0.0,0.0,0.0,366),
(466,51,466,1,3,'2024-01-25 21:44:58','2024-02-01 09:44:58','A52.1','A52.1',607,0.0,0.0,0.0,367),
(467,86,467,9,14,'2024-02-12 06:08:51','2024-02-17 11:08:51','A04.2','A04.2',243,0.0,0.0,0.0,368),
(468,199,468,2,10,'2025-10-25 06:54:53','2025-11-03 07:54:53','A02.8','A02.8',63,0.0,0.0,0.0,369),
(469,97,469,5,6,'2025-11-01 10:47:30','2025-11-04 10:47:30','A52.1','A52.1',626,0.0,0.0,0.0,370),
(470,111,470,2,2,'2023-01-23 04:00:00','2023-02-04 10:00:00','A37.0','A37.0',633,0.0,0.0,0.0,NULL),
(471,60,471,7,14,'2025-09-14 17:04:25','2025-09-29 00:04:25','A51.5','A51.5',636,0.0,0.0,0.0,371),
(472,26,472,4,6,'2025-11-01 12:25:42','2025-11-13 21:25:42','A06.4','A06.4',111,0.0,0.0,0.0,372),
(473,4,473,5,10,'2025-08-19 20:06:09','2025-08-23 04:06:09','A37.8','A37.8',364,0.0,0.0,0.0,373),
(474,124,474,3,12,'2025-03-14 13:55:54','2025-03-23 13:55:54','A50.2','A50.2',320,0.0,0.0,0.0,374),
(475,112,475,3,9,'2025-05-20 11:24:44','2025-06-03 23:24:44','A40.9','A40.9',151,0.0,0.0,0.0,375),
(476,80,476,3,10,'2024-05-23 19:44:40','2024-05-30 05:44:40','A21.3','A21.3',59,0.0,0.0,0.0,376),
(477,130,477,4,14,'2025-01-22 14:58:36','2025-02-07 00:58:36','A30.3','A30.3',71,0.0,0.0,0.0,377),
(478,49,478,10,11,'2024-09-26 03:25:31','2024-10-09 12:25:31','A51.4','A51.4',344,0.0,0.0,0.0,378),
(479,77,479,4,7,'2024-02-11 03:15:11','2024-02-15 03:15:11','A21.1','A21.1',710,0.0,0.0,0.0,379),
(480,120,480,1,10,'2023-07-07 04:52:45','2023-07-12 06:52:45','A01.2','A01.2',372,0.0,0.0,0.0,380),
(481,19,481,10,6,'2023-02-15 03:38:31','2023-02-25 13:38:31','A03.1','A03.1',369,0.0,0.0,0.0,NULL),
(482,8,482,9,4,'2023-03-10 01:09:50','2023-03-16 06:09:50','A18.5','A18.5',252,0.0,0.0,0.0,381),
(483,51,483,7,1,'2023-04-13 06:02:47','2023-04-28 08:02:47','A07.0','A07.0',671,0.0,0.0,0.0,382),
(484,87,484,3,15,'2023-06-27 15:07:35','2023-07-04 01:07:35','A52.0+','A52.0+',540,0.0,0.0,0.0,383),
(485,112,485,9,15,'2025-02-16 10:26:16','2025-02-19 13:26:16','A32.1+','A32.1+',388,0.0,0.0,0.0,384),
(486,82,486,5,10,'2024-04-05 09:22:04','2024-04-17 17:22:04','A26.9','A26.9',153,0.0,0.0,0.0,385),
(487,64,487,2,1,'2025-04-20 06:28:20','2025-05-04 09:28:20','A51.4','A51.4',482,0.0,0.0,0.0,386),
(488,17,488,3,3,'2025-10-20 07:41:54','2025-10-28 14:41:54','A32.1+','A32.1+',330,0.0,0.0,0.0,387),
(489,135,489,10,12,'2024-07-11 15:47:45','2024-07-25 01:47:45','A02.9','A02.9',666,0.0,0.0,0.0,388),
(490,54,490,7,4,'2023-12-02 16:18:40','2023-12-11 22:18:40','A18.0+','A18.0+',586,0.0,0.0,0.0,NULL),
(491,96,491,4,5,'2025-02-22 17:02:57','2025-02-25 22:02:57','A03.0','A03.0',598,0.0,0.0,0.0,389),
(492,120,492,8,9,'2025-06-15 23:33:42','2025-06-23 04:33:42','A23.0','A23.0',325,0.0,0.0,0.0,390),
(493,98,493,5,1,'2023-04-02 06:05:04','2023-04-11 07:05:04','A42.8','A42.8',514,0.0,0.0,0.0,391),
(494,140,494,1,11,'2023-04-18 17:28:02','2023-05-02 22:28:02','A20.0','A20.0',560,0.0,0.0,0.0,392),
(495,86,495,10,4,'2025-04-08 13:23:21','2025-04-15 16:23:21','A44.8','A44.8',142,0.0,0.0,0.0,393),
(496,67,496,1,1,'2024-11-15 21:28:26','2024-11-22 09:28:26','A42.8','A42.8',484,0.0,0.0,0.0,394),
(497,195,497,9,3,'2024-03-29 16:06:23','2024-04-04 01:06:23','A40.3','A40.3',480,0.0,0.0,0.0,395),
(498,88,498,4,13,'2023-11-26 01:26:34','2023-12-03 07:26:34','A40.0','A40.0',450,0.0,0.0,0.0,NULL),
(499,143,499,6,1,'2024-08-12 15:46:07','2024-08-16 22:46:07','A21.0','A21.0',348,0.0,0.0,0.0,396),
(500,108,500,10,7,'2025-06-07 04:40:08','2025-06-21 04:40:08','A17.1+','A17.1+',33,0.0,0.0,0.0,397),
(501,40,501,4,6,'2026-09-03 02:31:40','2026-09-09 08:31:40','A04.0','A04.0',401,0.0,0.0,0.0,398),
(502,137,502,5,7,'2026-07-04 21:14:54','2026-07-08 07:14:54','A18.3','A18.3',96,0.0,0.0,0.0,399),
(503,27,503,4,11,'2026-03-11 08:41:18','2026-03-17 10:41:18','A32.9','A32.9',72,0.0,0.0,0.0,400),
(504,73,504,9,4,'2026-04-24 10:18:00','2026-04-27 15:18:00','A18.3','A18.3',12,0.0,0.0,0.0,401),
(505,84,505,8,14,'2026-06-02 10:21:55','2026-06-07 16:21:55','A36.0','A36.0',71,0.0,0.0,0.0,402),
(506,53,506,10,3,'2026-05-01 17:08:46','2026-05-05 02:08:46','A50.3','A50.3',318,0.0,0.0,0.0,403),
(507,52,507,8,9,'2026-09-24 08:08:00','2026-10-01 10:08:00','A36.3','A36.3',66,0.0,0.0,0.0,NULL),
(508,155,508,8,13,'2026-07-24 17:20:16','2026-07-28 00:20:16','A03.0','A03.0',590,0.0,0.0,0.0,NULL),
(509,189,509,5,2,'2026-09-09 13:56:40','2026-09-14 01:56:40','A51.3','A51.3',401,0.0,0.0,0.0,404),
(510,45,510,3,7,'2026-03-12 05:47:21','2026-03-15 15:47:21','A49.8','A49.8',716,0.0,0.0,0.0,405),
(511,25,511,5,7,'2026-01-18 12:58:56','2026-01-25 20:58:56','A04.1','A04.1',683,0.0,0.0,0.0,406),
(512,179,512,6,12,'2026-12-17 22:26:13','2026-12-24 23:26:13','A06.4','A06.4',79,0.0,0.0,0.0,407),
(513,130,513,1,13,'2026-06-09 16:22:20','2026-06-14 00:22:20','A02.1','A02.1',474,0.0,0.0,0.0,408),
(514,19,514,4,11,'2026-09-20 23:15:14','2026-09-28 05:15:14','A02.9','A02.9',407,0.0,0.0,0.0,NULL),
(515,3,515,8,5,'2026-10-03 23:17:14','2026-10-06 06:17:14','A04.1','A04.1',473,0.0,0.0,0.0,409),
(516,22,516,3,9,'2026-04-05 13:20:24','2026-04-12 15:20:24','A51.2','A51.2',19,0.0,0.0,0.0,410),
(517,26,517,1,3,'2026-02-18 14:10:29','2026-02-23 00:10:29','A23.0','A23.0',694,0.0,0.0,0.0,411),
(518,40,518,4,8,'2026-03-11 16:31:23','2026-03-16 00:31:23','A03.2','A03.2',453,0.0,0.0,0.0,NULL),
(519,163,519,1,13,'2026-09-07 09:39:59','2026-09-13 16:39:59','A01.1','A01.1',613,0.0,0.0,0.0,NULL),
(520,13,520,2,13,'2026-10-26 08:01:22','2026-10-31 11:01:22','A37.8','A37.8',17,0.0,0.0,0.0,412),
(521,8,521,2,1,'2026-11-16 00:51:42','2026-11-20 03:51:42','A18.2','A18.2',681,0.0,0.0,0.0,413),
(522,186,522,9,3,'2026-06-11 21:25:06','2026-06-14 02:25:06','A19.2','A19.2',642,0.0,0.0,0.0,414),
(523,160,523,6,4,'2026-06-03 20:15:45','2026-06-09 21:15:45','A18.4','A18.4',332,0.0,0.0,0.0,415),
(524,4,524,2,7,'2026-05-04 07:34:21','2026-05-11 10:34:21','A23.2','A23.2',674,0.0,0.0,0.0,416),
(525,167,525,10,10,'2026-01-18 12:32:26','2026-01-23 00:32:26','A06.4','A06.4',512,0.0,0.0,0.0,NULL),
(526,183,526,7,9,'2026-03-09 01:06:53','2026-03-15 11:06:53','A17.0+','A17.0+',695,0.0,0.0,0.0,NULL),
(527,86,527,1,3,'2026-10-24 04:42:37','2026-10-31 09:42:37','A50.2','A50.2',624,0.0,0.0,0.0,417),
(528,115,528,4,7,'2026-09-07 08:44:59','2026-09-13 08:44:59','A51.4','A51.4',22,0.0,0.0,0.0,418),
(529,195,529,2,15,'2026-05-01 08:40:40','2026-05-03 17:40:40','A17.1+','A17.1+',62,0.0,0.0,0.0,NULL),
(530,96,530,4,8,'2026-03-21 00:53:10','2026-03-25 00:53:10','A39.4','A39.4',613,0.0,0.0,0.0,NULL);

INSERT IGNORE INTO `doctor_review` (`doctor_review_id`,`hospitalization_id`,`doctor_id`,`medical_care`) VALUES
(1,402,19,5),
(2,402,18,4),
(3,402,54,2),
(4,319,1,5),
(5,319,43,4),
(6,483,45,5),
(7,483,14,3),
(8,483,40,2),
(9,369,70,4),
(10,121,55,2),
(11,121,27,3),
(12,312,80,3),
(13,390,63,4),
(14,248,61,3),
(15,463,79,4),
(16,475,73,4),
(17,260,16,3),
(18,437,20,5),
(19,3,50,2),
(20,45,24,3),
(21,235,57,3),
(22,136,78,5),
(23,109,61,5),
(24,424,72,4),
(25,308,51,5),
(26,10,18,2),
(27,177,71,2),
(28,149,9,4),
(29,169,53,3),
(30,62,56,2),
(31,131,79,5),
(32,193,36,5),
(33,530,9,4),
(34,196,40,2),
(35,329,60,2),
(36,211,44,3),
(37,252,62,4),
(38,350,33,5),
(39,403,9,3),
(40,431,35,2),
(41,111,56,4),
(42,186,47,2),
(43,245,71,5),
(44,227,59,5),
(45,110,31,2),
(46,455,20,3),
(47,351,3,2),
(48,387,52,3),
(49,415,32,2),
(50,481,4,5),
(51,23,74,3),
(52,173,75,4),
(53,201,5,5),
(54,93,21,5),
(55,257,68,5),
(56,54,23,3),
(57,69,13,2),
(58,128,60,2),
(59,517,8,3),
(60,1,59,5),
(61,414,68,4),
(62,512,5,4),
(63,383,41,2),
(64,446,19,2),
(65,310,32,3),
(66,210,17,4),
(67,444,77,5),
(68,489,62,5),
(69,146,26,4),
(70,404,6,4),
(71,200,73,3),
(72,262,27,2),
(73,272,62,4),
(74,339,42,3),
(75,286,77,3),
(76,152,29,2),
(77,340,11,5),
(78,68,41,2),
(79,416,31,5),
(80,104,11,3),
(81,182,18,4),
(82,85,79,2),
(83,464,66,3),
(84,473,20,3),
(85,121,14,4),
(86,494,53,4),
(87,161,25,5),
(88,259,24,2),
(89,461,42,5),
(90,189,22,3),
(91,508,36,4),
(92,40,2,3),
(93,382,1,3),
(94,217,43,4),
(95,401,68,2),
(96,298,59,3),
(97,418,9,5),
(98,237,41,5),
(99,272,68,5),
(100,245,1,2),
(101,53,75,2),
(102,206,55,2),
(103,426,55,2),
(104,100,37,5),
(105,184,58,5),
(106,86,12,4),
(107,167,44,5),
(108,491,45,4),
(109,107,66,5),
(110,204,6,3),
(111,364,48,2),
(112,349,80,5),
(113,288,53,2),
(114,511,39,4),
(115,103,15,5),
(116,127,74,3),
(117,51,40,3),
(118,305,71,5),
(119,41,54,2),
(120,54,9,3),
(121,489,61,3),
(122,110,21,3),
(123,343,24,4),
(124,482,17,4),
(125,418,67,3),
(126,244,56,4),
(127,300,18,2),
(128,262,78,3),
(129,196,33,2),
(130,123,32,4),
(131,3,6,3),
(132,15,14,2),
(133,193,32,3),
(134,51,1,3),
(135,485,68,3),
(136,400,21,5),
(137,18,31,4),
(138,414,9,5),
(139,188,64,2),
(140,336,71,4),
(141,493,24,3),
(142,333,44,5),
(143,479,69,2),
(144,263,76,5),
(145,122,33,2),
(146,222,53,3),
(147,358,46,3),
(148,28,13,3),
(149,158,9,4),
(150,338,58,3),
(151,221,58,3),
(152,416,49,5),
(153,185,30,4),
(154,521,78,4),
(155,144,29,2),
(156,84,25,5),
(157,321,15,4),
(158,268,11,4),
(159,489,63,2),
(160,180,37,5),
(161,389,6,2),
(162,46,7,3),
(163,154,49,5),
(164,276,30,3),
(165,41,61,5),
(166,18,80,5),
(167,402,68,3),
(168,268,34,5),
(169,255,25,3),
(170,66,35,3),
(171,418,21,4);

INSERT IGNORE INTO `duty_schedule` (`duty_id`,`duty_date`,`shift_type_id`,`hospital_department_id`, `is_finalized`) VALUES
(1,'2026-05-04',1,1,0),
(2,'2026-05-04',1,2,0),
(3,'2026-05-04',1,3,0),
(4,'2026-05-04',1,4,0),
(5,'2026-05-04',1,5,0),
(6,'2026-05-04',1,6,0),
(7,'2026-05-04',1,7,0),
(8,'2026-05-04',1,8,0),
(9,'2026-05-04',1,9,0),
(10,'2026-05-04',1,10,0),
(11,'2026-05-04',1,11,0),
(12,'2026-05-04',1,12,0),
(13,'2026-05-04',1,13,0),
(14,'2026-05-04',1,14,0),
(15,'2026-05-04',1,15,0),
(16,'2026-05-04',2,1,0),
(17,'2026-05-04',2,2,0),
(18,'2026-05-04',2,3,0),
(19,'2026-05-04',2,4,0),
(20,'2026-05-04',2,5,0),
(21,'2026-05-04',2,6,0),
(22,'2026-05-04',2,7,0),
(23,'2026-05-04',2,8,0),
(24,'2026-05-04',2,9,0),
(25,'2026-05-04',2,10,0),
(26,'2026-05-04',2,11,0),
(27,'2026-05-04',2,12,0),
(28,'2026-05-04',2,13,0),
(29,'2026-05-04',2,14,0),
(30,'2026-05-04',2,15,0),
(31,'2026-05-04',3,1,0),
(32,'2026-05-04',3,2,0),
(33,'2026-05-04',3,3,0),
(34,'2026-05-04',3,4,0),
(35,'2026-05-04',3,5,0),
(36,'2026-05-04',3,6,0),
(37,'2026-05-04',3,7,0),
(38,'2026-05-04',3,8,0),
(39,'2026-05-04',3,9,0),
(40,'2026-05-04',3,10,0),
(41,'2026-05-04',3,11,0),
(42,'2026-05-04',3,12,0),
(43,'2026-05-04',3,13,0),
(44,'2026-05-04',3,14,0),
(45,'2026-05-04',3,15,0),
(46,'2026-05-05',1,1,0),
(47,'2026-05-05',1,2,0),
(48,'2026-05-05',1,3,0),
(49,'2026-05-05',1,4,0),
(50,'2026-05-05',1,5,0),
(51,'2026-05-05',1,6,0),
(52,'2026-05-05',1,7,0),
(53,'2026-05-05',1,8,0),
(54,'2026-05-05',1,9,0),
(55,'2026-05-05',1,10,0),
(56,'2026-05-05',1,11,0),
(57,'2026-05-05',1,12,0),
(58,'2026-05-05',1,13,0),
(59,'2026-05-05',1,14,0),
(60,'2026-05-05',1,15,0),
(61,'2026-05-05',2,1,0),
(62,'2026-05-05',2,2,0),
(63,'2026-05-05',2,3,0),
(64,'2026-05-05',2,4,0),
(65,'2026-05-05',2,5,0),
(66,'2026-05-05',2,6,0),
(67,'2026-05-05',2,7,0),
(68,'2026-05-05',2,8,0),
(69,'2026-05-05',2,9,0),
(70,'2026-05-05',2,10,0),
(71,'2026-05-05',2,11,0),
(72,'2026-05-05',2,12,0),
(73,'2026-05-05',2,13,0),
(74,'2026-05-05',2,14,0),
(75,'2026-05-05',2,15,0),
(76,'2026-05-05',3,1,0),
(77,'2026-05-05',3,2,0),
(78,'2026-05-05',3,3,0),
(79,'2026-05-05',3,4,0),
(80,'2026-05-05',3,5,0),
(81,'2026-05-05',3,6,0),
(82,'2026-05-05',3,7,0),
(83,'2026-05-05',3,8,0),
(84,'2026-05-05',3,9,0),
(85,'2026-05-05',3,10,0),
(86,'2026-05-05',3,11,0),
(87,'2026-05-05',3,12,0),
(88,'2026-05-05',3,13,0),
(89,'2026-05-05',3,14,0),
(90,'2026-05-05',3,15,0),
(91,'2026-05-06',1,1,0),
(92,'2026-05-06',1,2,0),
(93,'2026-05-06',1,3,0),
(94,'2026-05-06',1,4,0),
(95,'2026-05-06',1,5,0),
(96,'2026-05-06',1,6,0),
(97,'2026-05-06',1,7,0),
(98,'2026-05-06',1,8,0),
(99,'2026-05-06',1,9,0),
(100,'2026-05-06',1,10,0),
(101,'2026-05-06',1,11,0),
(102,'2026-05-06',1,12,0),
(103,'2026-05-06',1,13,0),
(104,'2026-05-06',1,14,0),
(105,'2026-05-06',1,15,0),
(106,'2026-05-06',2,1,0),
(107,'2026-05-06',2,2,0),
(108,'2026-05-06',2,3,0),
(109,'2026-05-06',2,4,0),
(110,'2026-05-06',2,5,0),
(111,'2026-05-06',2,6,0),
(112,'2026-05-06',2,7,0),
(113,'2026-05-06',2,8,0),
(114,'2026-05-06',2,9,0),
(115,'2026-05-06',2,10,0),
(116,'2026-05-06',2,11,0),
(117,'2026-05-06',2,12,0),
(118,'2026-05-06',2,13,0),
(119,'2026-05-06',2,14,0),
(120,'2026-05-06',2,15,0),
(121,'2026-05-06',3,1,0),
(122,'2026-05-06',3,2,0),
(123,'2026-05-06',3,3,0),
(124,'2026-05-06',3,4,0),
(125,'2026-05-06',3,5,0),
(126,'2026-05-06',3,6,0),
(127,'2026-05-06',3,7,0),
(128,'2026-05-06',3,8,0),
(129,'2026-05-06',3,9,0),
(130,'2026-05-06',3,10,0),
(131,'2026-05-06',3,11,0),
(132,'2026-05-06',3,12,0),
(133,'2026-05-06',3,13,0),
(134,'2026-05-06',3,14,0),
(135,'2026-05-06',3,15,0),
(136,'2026-05-07',1,1,0),
(137,'2026-05-07',1,2,0),
(138,'2026-05-07',1,3,0),
(139,'2026-05-07',1,4,0),
(140,'2026-05-07',1,5,0),
(141,'2026-05-07',1,6,0),
(142,'2026-05-07',1,7,0),
(143,'2026-05-07',1,8,0),
(144,'2026-05-07',1,9,0),
(145,'2026-05-07',1,10,0),
(146,'2026-05-07',1,11,0),
(147,'2026-05-07',1,12,0),
(148,'2026-05-07',1,13,0),
(149,'2026-05-07',1,14,0),
(150,'2026-05-07',1,15,0),
(151,'2026-05-07',2,1,0),
(152,'2026-05-07',2,2,0),
(153,'2026-05-07',2,3,0),
(154,'2026-05-07',2,4,0),
(155,'2026-05-07',2,5,0),
(156,'2026-05-07',2,6,0),
(157,'2026-05-07',2,7,0),
(158,'2026-05-07',2,8,0),
(159,'2026-05-07',2,9,0),
(160,'2026-05-07',2,10,0),
(161,'2026-05-07',2,11,0),
(162,'2026-05-07',2,12,0),
(163,'2026-05-07',2,13,0),
(164,'2026-05-07',2,14,0),
(165,'2026-05-07',2,15,0),
(166,'2026-05-07',3,1,0),
(167,'2026-05-07',3,2,0),
(168,'2026-05-07',3,3,0),
(169,'2026-05-07',3,4,0),
(170,'2026-05-07',3,5,0),
(171,'2026-05-07',3,6,0),
(172,'2026-05-07',3,7,0),
(173,'2026-05-07',3,8,0),
(174,'2026-05-07',3,9,0),
(175,'2026-05-07',3,10,0),
(176,'2026-05-07',3,11,0),
(177,'2026-05-07',3,12,0),
(178,'2026-05-07',3,13,0),
(179,'2026-05-07',3,14,0),
(180,'2026-05-07',3,15,0),
(181,'2026-05-08',1,1,0),
(182,'2026-05-08',1,2,0),
(183,'2026-05-08',1,3,0),
(184,'2026-05-08',1,4,0),
(185,'2026-05-08',1,5,0),
(186,'2026-05-08',1,6,0),
(187,'2026-05-08',1,7,0),
(188,'2026-05-08',1,8,0),
(189,'2026-05-08',1,9,0),
(190,'2026-05-08',1,10,0),
(191,'2026-05-08',1,11,0),
(192,'2026-05-08',1,12,0),
(193,'2026-05-08',1,13,0),
(194,'2026-05-08',1,14,0),
(195,'2026-05-08',1,15,0),
(196,'2026-05-08',2,1,0),
(197,'2026-05-08',2,2,0),
(198,'2026-05-08',2,3,0),
(199,'2026-05-08',2,4,0),
(200,'2026-05-08',2,5,0),
(201,'2026-05-08',2,6,0),
(202,'2026-05-08',2,7,0),
(203,'2026-05-08',2,8,0),
(204,'2026-05-08',2,9,0),
(205,'2026-05-08',2,10,0),
(206,'2026-05-08',2,11,0),
(207,'2026-05-08',2,12,0),
(208,'2026-05-08',2,13,0),
(209,'2026-05-08',2,14,0),
(210,'2026-05-08',2,15,0),
(211,'2026-05-08',3,1,0),
(212,'2026-05-08',3,2,0),
(213,'2026-05-08',3,3,0),
(214,'2026-05-08',3,4,0),
(215,'2026-05-08',3,5,0),
(216,'2026-05-08',3,6,0),
(217,'2026-05-08',3,7,0),
(218,'2026-05-08',3,8,0),
(219,'2026-05-08',3,9,0),
(220,'2026-05-08',3,10,0),
(221,'2026-05-08',3,11,0),
(222,'2026-05-08',3,12,0),
(223,'2026-05-08',3,13,0),
(224,'2026-05-08',3,14,0),
(225,'2026-05-08',3,15,0),
(226,'2026-05-09',1,1,0),
(227,'2026-05-09',1,2,0),
(228,'2026-05-09',1,3,0),
(229,'2026-05-09',1,4,0),
(230,'2026-05-09',1,5,0),
(231,'2026-05-09',1,6,0),
(232,'2026-05-09',1,7,0),
(233,'2026-05-09',1,8,0),
(234,'2026-05-09',1,9,0),
(235,'2026-05-09',1,10,0),
(236,'2026-05-09',1,11,0),
(237,'2026-05-09',1,12,0),
(238,'2026-05-09',1,13,0),
(239,'2026-05-09',1,14,0),
(240,'2026-05-09',1,15,0),
(241,'2026-05-09',2,1,0),
(242,'2026-05-09',2,2,0),
(243,'2026-05-09',2,3,0),
(244,'2026-05-09',2,4,0),
(245,'2026-05-09',2,5,0),
(246,'2026-05-09',2,6,0),
(247,'2026-05-09',2,7,0),
(248,'2026-05-09',2,8,0),
(249,'2026-05-09',2,9,0),
(250,'2026-05-09',2,10,0),
(251,'2026-05-09',2,11,0),
(252,'2026-05-09',2,12,0),
(253,'2026-05-09',2,13,0),
(254,'2026-05-09',2,14,0),
(255,'2026-05-09',2,15,0),
(256,'2026-05-09',3,1,0),
(257,'2026-05-09',3,2,0),
(258,'2026-05-09',3,3,0),
(259,'2026-05-09',3,4,0),
(260,'2026-05-09',3,5,0),
(261,'2026-05-09',3,6,0),
(262,'2026-05-09',3,7,0),
(263,'2026-05-09',3,8,0),
(264,'2026-05-09',3,9,0),
(265,'2026-05-09',3,10,0),
(266,'2026-05-09',3,11,0),
(267,'2026-05-09',3,12,0),
(268,'2026-05-09',3,13,0),
(269,'2026-05-09',3,14,0),
(270,'2026-05-09',3,15,0),
(271,'2026-05-10',1,1,0),
(272,'2026-05-10',1,2,0),
(273,'2026-05-10',1,3,0),
(274,'2026-05-10',1,4,0),
(275,'2026-05-10',1,5,0),
(276,'2026-05-10',1,6,0),
(277,'2026-05-10',1,7,0),
(278,'2026-05-10',1,8,0),
(279,'2026-05-10',1,9,0),
(280,'2026-05-10',1,10,0),
(281,'2026-05-10',1,11,0),
(282,'2026-05-10',1,12,0),
(283,'2026-05-10',1,13,0),
(284,'2026-05-10',1,14,0),
(285,'2026-05-10',1,15,0),
(286,'2026-05-10',2,1,0),
(287,'2026-05-10',2,2,0),
(288,'2026-05-10',2,3,0),
(289,'2026-05-10',2,4,0),
(290,'2026-05-10',2,5,0),
(291,'2026-05-10',2,6,0),
(292,'2026-05-10',2,7,0),
(293,'2026-05-10',2,8,0),
(294,'2026-05-10',2,9,0),
(295,'2026-05-10',2,10,0),
(296,'2026-05-10',2,11,0),
(297,'2026-05-10',2,12,0),
(298,'2026-05-10',2,13,0),
(299,'2026-05-10',2,14,0),
(300,'2026-05-10',2,15,0),
(301,'2026-05-10',3,1,0),
(302,'2026-05-10',3,2,0),
(303,'2026-05-10',3,3,0),
(304,'2026-05-10',3,4,0),
(305,'2026-05-10',3,5,0),
(306,'2026-05-10',3,6,0),
(307,'2026-05-10',3,7,0),
(308,'2026-05-10',3,8,0),
(309,'2026-05-10',3,9,0),
(310,'2026-05-10',3,10,0),
(311,'2026-05-10',3,11,0),
(312,'2026-05-10',3,12,0),
(313,'2026-05-10',3,13,0),
(314,'2026-05-10',3,14,0),
(315,'2026-05-10',3,15,0),
(316,'2024-01-01',1,1,0),
(317,'2024-01-01',1,2,0),
(318,'2024-01-01',1,3,0),
(319,'2024-01-01',1,4,0),
(320,'2024-01-01',1,5,0),
(321,'2024-01-01',1,6,0),
(322,'2024-01-01',1,7,0),
(323,'2024-01-01',1,8,0),
(324,'2024-01-01',1,9,0),
(325,'2024-01-01',1,10,0),
(326,'2024-01-01',1,11,0),
(327,'2024-01-01',1,12,0),
(328,'2024-01-01',1,13,0),
(329,'2024-01-01',1,14,0),
(330,'2024-01-01',1,15,0),
(331,'2024-01-01',2,1,0),
(332,'2024-01-01',2,2,0),
(333,'2024-01-01',2,3,0),
(334,'2024-01-01',2,4,0),
(335,'2024-01-01',2,5,0),
(336,'2024-01-01',2,6,0),
(337,'2024-01-01',2,7,0),
(338,'2024-01-01',2,8,0),
(339,'2024-01-01',2,9,0),
(340,'2024-01-01',2,10,0),
(341,'2024-01-01',2,11,0),
(342,'2024-01-01',2,12,0),
(343,'2024-01-01',2,13,0),
(344,'2024-01-01',2,14,0),
(345,'2024-01-01',2,15,0),
(346,'2024-01-01',3,1,0),
(347,'2024-01-01',3,2,0),
(348,'2024-01-01',3,3,0),
(349,'2024-01-01',3,4,0),
(350,'2024-01-01',3,5,0),
(351,'2024-01-01',3,6,0),
(352,'2024-01-01',3,7,0),
(353,'2024-01-01',3,8,0),
(354,'2024-01-01',3,9,0),
(355,'2024-01-01',3,10,0),
(356,'2024-01-01',3,11,0),
(357,'2024-01-01',3,12,0),
(358,'2024-01-01',3,13,0),
(359,'2024-01-01',3,14,0),
(360,'2024-01-01',3,15,0),
(361,'2024-01-02',1,1,0),
(362,'2024-01-02',1,2,0),
(363,'2024-01-02',1,3,0),
(364,'2024-01-02',1,4,0),
(365,'2024-01-02',1,5,0),
(366,'2024-01-02',1,6,0),
(367,'2024-01-02',1,7,0),
(368,'2024-01-02',1,8,0),
(369,'2024-01-02',1,9,0),
(370,'2024-01-02',1,10,0),
(371,'2024-01-02',1,11,0),
(372,'2024-01-02',1,12,0),
(373,'2024-01-02',1,13,0),
(374,'2024-01-02',1,14,0),
(375,'2024-01-02',1,15,0),
(376,'2024-01-02',2,1,0),
(377,'2024-01-02',2,2,0),
(378,'2024-01-02',2,3,0),
(379,'2024-01-02',2,4,0),
(380,'2024-01-02',2,5,0),
(381,'2024-01-02',2,6,0),
(382,'2024-01-02',2,7,0),
(383,'2024-01-02',2,8,0),
(384,'2024-01-02',2,9,0),
(385,'2024-01-02',2,10,0),
(386,'2024-01-02',2,11,0),
(387,'2024-01-02',2,12,0),
(388,'2024-01-02',2,13,0),
(389,'2024-01-02',2,14,0),
(390,'2024-01-02',2,15,0),
(391,'2024-01-02',3,1,0),
(392,'2024-01-02',3,2,0),
(393,'2024-01-02',3,3,0),
(394,'2024-01-02',3,4,0),
(395,'2024-01-02',3,5,0),
(396,'2024-01-02',3,6,0),
(397,'2024-01-02',3,7,0),
(398,'2024-01-02',3,8,0),
(399,'2024-01-02',3,9,0),
(400,'2024-01-02',3,10,0),
(401,'2024-01-02',3,11,0),
(402,'2024-01-02',3,12,0),
(403,'2024-01-02',3,13,0),
(404,'2024-01-02',3,14,0),
(405,'2024-01-02',3,15,0),
(406,'2024-01-03',1,1,0),
(407,'2024-01-03',1,2,0),
(408,'2024-01-03',1,3,0),
(409,'2024-01-03',1,4,0),
(410,'2024-01-03',1,5,0),
(411,'2024-01-03',1,6,0),
(412,'2024-01-03',1,7,0),
(413,'2024-01-03',1,8,0),
(414,'2024-01-03',1,9,0),
(415,'2024-01-03',1,10,0),
(416,'2024-01-03',1,11,0),
(417,'2024-01-03',1,12,0),
(418,'2024-01-03',1,13,0),
(419,'2024-01-03',1,14,0),
(420,'2024-01-03',1,15,0),
(421,'2024-01-03',2,1,0),
(422,'2024-01-03',2,2,0),
(423,'2024-01-03',2,3,0),
(424,'2024-01-03',2,4,0),
(425,'2024-01-03',2,5,0),
(426,'2024-01-03',2,6,0),
(427,'2024-01-03',2,7,0),
(428,'2024-01-03',2,8,0),
(429,'2024-01-03',2,9,0),
(430,'2024-01-03',2,10,0),
(431,'2024-01-03',2,11,0),
(432,'2024-01-03',2,12,0),
(433,'2024-01-03',2,13,0),
(434,'2024-01-03',2,14,0),
(435,'2024-01-03',2,15,0),
(436,'2024-01-03',3,1,0),
(437,'2024-01-03',3,2,0),
(438,'2024-01-03',3,3,0),
(439,'2024-01-03',3,4,0),
(440,'2024-01-03',3,5,0),
(441,'2024-01-03',3,6,0),
(442,'2024-01-03',3,7,0),
(443,'2024-01-03',3,8,0),
(444,'2024-01-03',3,9,0),
(445,'2024-01-03',3,10,0),
(446,'2024-01-03',3,11,0),
(447,'2024-01-03',3,12,0),
(448,'2024-01-03',3,13,0),
(449,'2024-01-03',3,14,0),
(450,'2024-01-03',3,15,0),
(451,'2024-01-04',1,1,0),
(452,'2024-01-04',1,2,0),
(453,'2024-01-04',1,3,0),
(454,'2024-01-04',1,4,0),
(455,'2024-01-04',1,5,0),
(456,'2024-01-04',1,6,0),
(457,'2024-01-04',1,7,0),
(458,'2024-01-04',1,8,0),
(459,'2024-01-04',1,9,0),
(460,'2024-01-04',1,10,0),
(461,'2024-01-04',1,11,0),
(462,'2024-01-04',1,12,0),
(463,'2024-01-04',1,13,0),
(464,'2024-01-04',1,14,0),
(465,'2024-01-04',1,15,0),
(466,'2024-01-04',2,1,0),
(467,'2024-01-04',2,2,0),
(468,'2024-01-04',2,3,0),
(469,'2024-01-04',2,4,0),
(470,'2024-01-04',2,5,0),
(471,'2024-01-04',2,6,0),
(472,'2024-01-04',2,7,0),
(473,'2024-01-04',2,8,0),
(474,'2024-01-04',2,9,0),
(475,'2024-01-04',2,10,0),
(476,'2024-01-04',2,11,0),
(477,'2024-01-04',2,12,0),
(478,'2024-01-04',2,13,0),
(479,'2024-01-04',2,14,0),
(480,'2024-01-04',2,15,0),
(481,'2024-01-04',3,1,0),
(482,'2024-01-04',3,2,0),
(483,'2024-01-04',3,3,0),
(484,'2024-01-04',3,4,0),
(485,'2024-01-04',3,5,0),
(486,'2024-01-04',3,6,0),
(487,'2024-01-04',3,7,0),
(488,'2024-01-04',3,8,0),
(489,'2024-01-04',3,9,0),
(490,'2024-01-04',3,10,0),
(491,'2024-01-04',3,11,0),
(492,'2024-01-04',3,12,0),
(493,'2024-01-04',3,13,0),
(494,'2024-01-04',3,14,0),
(495,'2024-01-04',3,15,0),
(496,'2024-01-05',1,1,0),
(497,'2024-01-05',1,2,0),
(498,'2024-01-05',1,3,0),
(499,'2024-01-05',1,4,0),
(500,'2024-01-05',1,5,0),
(501,'2024-01-05',1,6,0),
(502,'2024-01-05',1,7,0),
(503,'2024-01-05',1,8,0),
(504,'2024-01-05',1,9,0),
(505,'2024-01-05',1,10,0),
(506,'2024-01-05',1,11,0),
(507,'2024-01-05',1,12,0),
(508,'2024-01-05',1,13,0),
(509,'2024-01-05',1,14,0),
(510,'2024-01-05',1,15,0),
(511,'2024-01-05',2,1,0),
(512,'2024-01-05',2,2,0),
(513,'2024-01-05',2,3,0),
(514,'2024-01-05',2,4,0),
(515,'2024-01-05',2,5,0),
(516,'2024-01-05',2,6,0),
(517,'2024-01-05',2,7,0),
(518,'2024-01-05',2,8,0),
(519,'2024-01-05',2,9,0),
(520,'2024-01-05',2,10,0),
(521,'2024-01-05',2,11,0),
(522,'2024-01-05',2,12,0),
(523,'2024-01-05',2,13,0),
(524,'2024-01-05',2,14,0),
(525,'2024-01-05',2,15,0),
(526,'2024-01-05',3,1,0),
(527,'2024-01-05',3,2,0),
(528,'2024-01-05',3,3,0),
(529,'2024-01-05',3,4,0),
(530,'2024-01-05',3,5,0),
(531,'2024-01-05',3,6,0),
(532,'2024-01-05',3,7,0),
(533,'2024-01-05',3,8,0),
(534,'2024-01-05',3,9,0),
(535,'2024-01-05',3,10,0),
(536,'2024-01-05',3,11,0),
(537,'2024-01-05',3,12,0),
(538,'2024-01-05',3,13,0),
(539,'2024-01-05',3,14,0),
(540,'2024-01-05',3,15,0),
(541,'2024-01-06',1,1,0),
(542,'2024-01-06',1,2,0),
(543,'2024-01-06',1,3,0),
(544,'2024-01-06',1,4,0),
(545,'2024-01-06',1,5,0),
(546,'2024-01-06',1,6,0),
(547,'2024-01-06',1,7,0),
(548,'2024-01-06',1,8,0),
(549,'2024-01-06',1,9,0),
(550,'2024-01-06',1,10,0),
(551,'2024-01-06',1,11,0),
(552,'2024-01-06',1,12,0),
(553,'2024-01-06',1,13,0),
(554,'2024-01-06',1,14,0),
(555,'2024-01-06',1,15,0),
(556,'2024-01-06',2,1,0),
(557,'2024-01-06',2,2,0),
(558,'2024-01-06',2,3,0),
(559,'2024-01-06',2,4,0),
(560,'2024-01-06',2,5,0),
(561,'2024-01-06',2,6,0),
(562,'2024-01-06',2,7,0),
(563,'2024-01-06',2,8,0),
(564,'2024-01-06',2,9,0),
(565,'2024-01-06',2,10,0),
(566,'2024-01-06',2,11,0),
(567,'2024-01-06',2,12,0),
(568,'2024-01-06',2,13,0),
(569,'2024-01-06',2,14,0),
(570,'2024-01-06',2,15,0),
(571,'2024-01-06',3,1,0),
(572,'2024-01-06',3,2,0),
(573,'2024-01-06',3,3,0),
(574,'2024-01-06',3,4,0),
(575,'2024-01-06',3,5,0),
(576,'2024-01-06',3,6,0),
(577,'2024-01-06',3,7,0),
(578,'2024-01-06',3,8,0),
(579,'2024-01-06',3,9,0),
(580,'2024-01-06',3,10,0),
(581,'2024-01-06',3,11,0),
(582,'2024-01-06',3,12,0),
(583,'2024-01-06',3,13,0),
(584,'2024-01-06',3,14,0),
(585,'2024-01-06',3,15,0),
(586,'2024-01-07',1,1,0),
(587,'2024-01-07',1,2,0),
(588,'2024-01-07',1,3,0),
(589,'2024-01-07',1,4,0),
(590,'2024-01-07',1,5,0),
(591,'2024-01-07',1,6,0),
(592,'2024-01-07',1,7,0),
(593,'2024-01-07',1,8,0),
(594,'2024-01-07',1,9,0),
(595,'2024-01-07',1,10,0),
(596,'2024-01-07',1,11,0),
(597,'2024-01-07',1,12,0),
(598,'2024-01-07',1,13,0),
(599,'2024-01-07',1,14,0),
(600,'2024-01-07',1,15,0),
(601,'2024-01-07',2,1,0),
(602,'2024-01-07',2,2,0),
(603,'2024-01-07',2,3,0),
(604,'2024-01-07',2,4,0),
(605,'2024-01-07',2,5,0),
(606,'2024-01-07',2,6,0),
(607,'2024-01-07',2,7,0),
(608,'2024-01-07',2,8,0),
(609,'2024-01-07',2,9,0),
(610,'2024-01-07',2,10,0),
(611,'2024-01-07',2,11,0),
(612,'2024-01-07',2,12,0),
(613,'2024-01-07',2,13,0),
(614,'2024-01-07',2,14,0),
(615,'2024-01-07',2,15,0),
(616,'2024-01-07',3,1,0),
(617,'2024-01-07',3,2,0),
(618,'2024-01-07',3,3,0),
(619,'2024-01-07',3,4,0),
(620,'2024-01-07',3,5,0),
(621,'2024-01-07',3,6,0),
(622,'2024-01-07',3,7,0),
(623,'2024-01-07',3,8,0),
(624,'2024-01-07',3,9,0),
(625,'2024-01-07',3,10,0),
(626,'2024-01-07',3,11,0),
(627,'2024-01-07',3,12,0),
(628,'2024-01-07',3,13,0),
(629,'2024-01-07',3,14,0),
(630,'2024-01-07',3,15,0);


INSERT IGNORE INTO `duty_schedule_team` (`duty_id`,`employee_id`) VALUES
(1,41),
(1,8),
(1,14),
(1,94),
(1,137),
(1,108),
(1,96),
(1,133),
(1,109),
(1,147),
(1,152),
(2,64),
(2,34),
(2,15),
(2,122),
(2,98),
(2,88),
(2,118),
(2,125),
(2,91),
(2,151),
(2,165),
(3,1),
(3,56),
(3,51),
(3,136),
(3,140),
(3,115),
(3,93),
(3,119),
(3,103),
(3,148),
(3,141),
(4,65),
(4,28),
(4,49),
(4,87),
(4,131),
(4,82),
(4,132),
(4,101),
(4,112),
(4,157),
(4,170),
(5,25),
(5,43),
(5,23),
(5,121),
(5,90),
(5,127),
(5,111),
(5,129),
(5,89),
(5,145),
(5,164),
(6,60),
(6,13),
(6,39),
(6,102),
(6,106),
(6,114),
(6,113),
(6,83),
(6,92),
(6,159),
(6,155),
(7,50),
(7,47),
(7,59),
(7,120),
(7,117),
(7,104),
(7,86),
(7,130),
(7,84),
(7,144),
(7,161),
(8,38),
(8,12),
(8,80),
(8,99),
(8,107),
(8,124),
(8,81),
(8,95),
(8,139),
(8,156),
(8,162),
(9,77),
(9,68),
(9,73),
(9,110),
(9,85),
(9,123),
(9,116),
(9,100),
(9,138),
(9,167),
(9,150),
(10,3),
(10,76),
(10,22),
(10,135),
(10,126),
(10,105),
(10,128),
(10,97),
(10,134),
(10,163),
(10,169),
(11,32),
(11,61),
(11,74),
(11,143),
(11,154),
(12,27),
(12,2),
(12,52),
(12,168),
(12,166),
(13,75),
(13,67),
(13,48),
(13,149),
(13,158),
(14,55),
(14,33),
(14,24),
(14,142),
(14,146),
(15,26),
(15,78),
(15,9),
(15,160),
(15,153),
(16,19),
(16,11),
(16,53),
(17,4),
(17,69),
(17,63),
(18,31),
(18,5),
(18,46),
(19,44),
(19,40),
(19,57),
(20,45),
(20,62),
(20,29),
(21,71),
(21,66),
(21,72),
(22,21),
(22,10),
(22,58),
(23,18),
(23,37),
(23,36),
(24,16),
(24,20),
(24,30),
(25,42),
(25,79),
(25,70),
(26,7),
(26,54),
(26,17),
(27,35),
(27,6),
(46,62),
(46,34),
(46,3),
(46,87),
(46,131),
(46,103),
(46,139),
(46,105),
(46,114),
(46,142),
(46,164),
(47,35),
(47,65),
(47,2),
(47,137),
(47,126),
(47,138),
(47,136),
(47,106),
(47,132),
(47,146),
(47,154),
(48,56),
(48,26),
(48,23),
(48,97),
(48,93),
(48,117),
(48,130),
(48,89),
(48,108),
(48,158),
(48,168),
(49,32),
(49,7),
(49,67),
(49,82),
(49,110),
(49,86),
(49,120),
(49,96),
(49,113),
(49,169),
(49,145),
(50,53),
(50,31),
(50,19),
(50,115),
(50,123),
(50,95),
(50,84),
(50,134),
(50,121),
(50,163),
(50,153),
(51,39),
(51,50),
(51,15),
(51,124),
(51,88),
(51,111),
(51,92),
(51,122),
(51,83),
(51,167),
(51,155),
(52,59),
(52,11),
(52,69),
(52,116),
(52,104),
(52,133),
(52,135),
(52,99),
(52,100),
(52,149),
(52,159),
(53,71),
(53,55),
(53,51),
(53,91),
(53,85),
(53,107),
(53,112),
(53,81),
(53,101),
(53,143),
(53,162),
(54,75),
(54,24),
(54,17),
(54,90),
(54,128),
(54,98),
(54,127),
(54,102),
(54,140),
(54,147),
(54,151),
(55,28),
(55,36),
(55,20),
(55,125),
(55,94),
(55,119),
(55,129),
(55,109),
(55,118),
(55,166),
(55,141),
(56,9),
(56,72),
(56,78),
(56,170),
(56,157),
(57,14),
(57,80),
(57,77),
(57,150),
(57,156),
(58,29),
(58,48),
(58,1),
(58,152),
(58,161),
(59,18),
(59,76),
(59,4),
(59,165),
(59,144),
(60,79),
(60,33),
(60,21),
(60,160),
(60,148),
(61,74),
(61,16),
(61,43),
(62,37),
(62,52),
(62,41),
(63,27),
(63,47),
(63,57),
(64,68),
(64,25),
(64,73),
(65,40),
(65,63),
(65,54),
(66,6),
(66,49),
(66,30),
(67,10),
(67,64),
(67,46),
(68,70),
(68,38),
(68,61),
(69,42),
(69,58),
(69,12),
(70,66),
(70,60),
(70,44),
(71,45),
(71,22),
(71,13),
(72,8),
(72,5),
(91,71),
(91,25),
(91,19),
(91,105),
(91,87),
(91,101),
(91,99),
(91,139),
(91,94),
(91,168),
(91,162),
(92,55),
(92,52),
(92,46),
(92,117),
(92,103),
(92,102),
(92,98),
(92,132),
(92,82),
(92,146),
(92,150),
(93,60),
(93,76),
(93,54),
(93,112),
(93,123),
(93,86),
(93,120),
(93,124),
(93,116),
(93,153),
(93,170),
(94,40),
(94,3),
(94,37),
(94,114),
(94,111),
(94,121),
(94,125),
(94,93),
(94,95),
(94,143),
(94,157),
(95,44),
(95,66),
(95,9),
(95,84),
(95,137),
(95,110),
(95,109),
(95,97),
(95,104),
(95,156),
(95,160),
(96,35),
(96,78),
(96,27),
(96,136),
(96,100),
(96,89),
(96,128),
(96,85),
(96,108),
(96,169),
(96,161),
(97,45),
(97,64),
(97,56),
(97,91),
(97,81),
(97,92),
(97,106),
(97,118),
(97,115),
(97,165),
(97,142),
(98,15),
(98,58),
(98,69),
(98,135),
(98,113),
(98,134),
(98,131),
(98,129),
(98,83),
(98,158),
(98,152),
(99,48),
(99,59),
(99,18),
(99,88),
(99,122),
(99,140),
(99,107),
(99,96),
(99,90),
(99,147),
(99,166),
(100,16),
(100,10),
(100,42),
(100,138),
(100,127),
(100,133),
(100,126),
(100,119),
(100,130),
(100,148),
(100,149),
(101,41),
(101,49),
(101,80),
(101,163),
(101,164),
(102,22),
(102,33),
(102,23),
(102,155),
(102,144),
(103,30),
(103,39),
(103,53),
(103,159),
(103,145),
(104,77),
(104,38),
(104,8),
(104,167),
(104,154),
(105,73),
(105,21),
(105,65),
(105,141),
(105,151),
(106,20),
(106,13),
(106,1),
(107,6),
(107,51),
(107,62),
(108,5),
(108,26),
(108,63),
(109,24),
(109,14),
(109,17),
(110,72),
(110,29),
(110,32),
(111,50),
(111,36),
(111,11),
(112,34),
(112,4),
(112,2),
(113,7),
(113,57),
(113,47),
(114,67),
(114,12),
(114,70),
(115,75),
(115,43),
(115,61),
(116,68),
(116,74),
(116,28),
(117,31),
(117,79),
(136,43),
(136,65),
(136,47),
(136,87),
(136,100),
(136,118),
(136,133),
(136,99),
(136,81),
(136,143),
(136,168),
(137,35),
(137,16),
(137,80),
(137,91),
(137,117),
(137,134),
(137,102),
(137,115),
(137,138),
(137,167),
(137,157),
(138,2),
(138,20),
(138,7),
(138,137),
(138,126),
(138,93),
(138,85),
(138,95),
(138,139),
(138,141),
(138,163),
(139,73),
(139,63),
(139,57),
(139,119),
(139,84),
(139,94),
(139,86),
(139,130),
(139,110),
(139,150),
(139,164),
(140,11),
(140,78),
(140,22),
(140,135),
(140,125),
(140,140),
(140,107),
(140,82),
(140,121),
(140,151),
(140,152),
(141,26),
(141,33),
(141,37),
(141,101),
(141,120),
(141,136),
(141,105),
(141,128),
(141,98),
(141,156),
(141,153),
(142,30),
(142,18),
(142,25),
(142,92),
(142,111),
(142,89),
(142,88),
(142,96),
(142,127),
(142,169),
(142,142),
(143,45),
(143,67),
(143,17),
(143,114),
(143,124),
(143,90),
(143,113),
(143,106),
(143,103),
(143,147),
(143,145),
(144,10),
(144,70),
(144,48),
(144,129),
(144,97),
(144,123),
(144,109),
(144,83),
(144,122),
(144,165),
(144,155),
(145,54),
(145,39),
(145,1),
(145,116),
(145,132),
(145,104),
(145,131),
(145,112),
(145,108),
(145,144),
(145,159),
(146,14),
(146,38),
(146,49),
(146,166),
(146,146),
(147,34),
(147,77),
(147,12),
(147,162),
(147,161),
(148,23),
(148,74),
(148,13),
(148,170),
(148,158),
(149,52),
(149,69),
(149,42),
(149,160),
(149,154),
(150,41),
(150,8),
(150,24),
(150,149),
(150,148),
(151,71),
(151,19),
(151,36),
(152,75),
(152,32),
(152,9),
(153,60),
(153,29),
(153,79),
(154,53),
(154,66),
(154,72),
(155,3),
(155,76),
(155,40),
(156,55),
(156,6),
(156,4),
(157,61),
(157,56),
(157,62),
(158,59),
(158,28),
(158,31),
(159,58),
(159,51),
(159,44),
(160,21),
(160,15),
(160,50),
(161,46),
(161,5),
(161,64),
(162,27),
(162,68),
(181,63),
(181,47),
(181,77),
(181,120),
(181,125),
(181,81),
(181,98),
(181,85),
(181,138),
(181,158),
(181,154),
(182,24),
(182,51),
(182,76),
(182,124),
(182,105),
(182,104),
(182,129),
(182,96),
(182,121),
(182,149),
(182,155),
(183,46),
(183,8),
(183,29),
(183,132),
(183,123),
(183,88),
(183,115),
(183,133),
(183,126),
(183,170),
(183,161),
(184,69),
(184,18),
(184,65),
(184,119),
(184,107),
(184,103),
(184,93),
(184,86),
(184,100),
(184,164),
(184,159),
(185,20),
(185,54),
(185,39),
(185,90),
(185,91),
(185,92),
(185,110),
(185,134),
(185,122),
(185,147),
(185,169),
(186,73),
(186,64),
(186,57),
(186,101),
(186,118),
(186,102),
(186,87),
(186,117),
(186,106),
(186,156),
(186,143),
(187,14),
(187,28),
(187,68),
(187,89),
(187,136),
(187,137),
(187,127),
(187,95),
(187,135),
(187,166),
(187,152),
(188,16),
(188,4),
(188,2),
(188,114),
(188,130),
(188,131),
(188,111),
(188,83),
(188,109),
(188,168),
(188,157),
(189,25),
(189,67),
(189,41),
(189,82),
(189,139),
(189,113),
(189,99),
(189,108),
(189,97),
(189,144),
(189,165),
(190,62),
(190,70),
(190,11),
(190,84),
(190,112),
(190,140),
(190,128),
(190,94),
(190,116),
(190,167),
(190,146),
(191,44),
(191,79),
(191,21),
(191,160),
(191,151),
(192,9),
(192,72),
(192,36),
(192,148),
(192,145),
(193,49),
(193,12),
(193,75),
(193,162),
(193,150),
(194,80),
(194,23),
(194,30),
(194,142),
(194,163),
(195,38),
(195,33),
(195,60),
(195,153),
(195,141),
(196,32),
(196,19),
(196,6),
(197,40),
(197,31),
(197,74),
(198,26),
(198,13),
(198,37),
(199,35),
(199,71),
(199,59),
(200,3),
(200,15),
(200,17),
(201,1),
(201,7),
(201,48),
(202,34),
(202,22),
(202,43),
(203,56),
(203,50),
(203,45),
(204,42),
(204,53),
(204,66),
(205,61),
(205,27),
(205,52),
(206,5),
(206,10),
(206,58),
(207,55),
(207,78),
(226,49),
(226,14),
(226,9),
(226,114),
(226,96),
(226,109),
(226,121),
(226,122),
(226,136),
(226,148),
(226,156),
(227,44),
(227,40),
(227,73),
(227,93),
(227,116),
(227,92),
(227,97),
(227,103),
(227,118),
(227,144),
(227,170),
(228,68),
(228,72),
(228,38),
(228,126),
(228,112),
(228,105),
(228,119),
(228,94),
(228,135),
(228,168),
(228,147),
(229,78),
(229,8),
(229,3),
(229,89),
(229,117),
(229,84),
(229,127),
(229,88),
(229,90),
(229,167),
(229,165),
(230,54),
(230,33),
(230,37),
(230,95),
(230,85),
(230,102),
(230,101),
(230,86),
(230,98),
(230,160),
(230,142),
(231,5),
(231,36),
(231,46),
(231,134),
(231,115),
(231,123),
(231,108),
(231,130),
(231,111),
(231,153),
(231,163),
(232,70),
(232,43),
(232,10),
(232,120),
(232,133),
(232,110),
(232,83),
(232,137),
(232,87),
(232,158),
(232,159),
(233,19),
(233,80),
(233,75),
(233,99),
(233,132),
(233,82),
(233,104),
(233,139),
(233,128),
(233,155),
(233,169),
(234,61),
(234,31),
(234,77),
(234,124),
(234,125),
(234,107),
(234,113),
(234,129),
(234,138),
(234,161),
(234,143),
(235,50),
(235,52),
(235,6),
(235,91),
(235,140),
(235,106),
(235,131),
(235,100),
(235,81),
(235,149),
(235,152),
(236,76),
(236,13),
(236,69),
(236,145),
(236,157),
(237,26),
(237,15),
(237,1),
(237,162),
(237,164),
(238,71),
(238,79),
(238,53),
(238,141),
(238,154),
(239,55),
(239,2),
(239,45),
(239,150),
(239,146),
(240,20),
(240,30),
(240,16),
(240,151),
(240,166),
(241,12),
(241,47),
(241,57),
(242,4),
(242,27),
(242,21),
(243,58),
(243,60),
(243,41),
(244,28),
(244,23),
(244,34),
(245,66),
(245,35),
(245,22),
(246,59),
(246,42),
(246,32),
(247,48),
(247,7),
(247,11),
(248,65),
(248,25),
(248,17),
(249,29),
(249,51),
(249,67),
(250,64),
(250,62),
(250,56),
(251,18),
(251,24),
(251,63),
(252,74),
(252,39),
(271,37),
(271,70),
(271,39),
(271,119),
(271,124),
(271,87),
(271,100),
(271,138),
(271,130),
(271,142),
(271,153),
(272,13),
(272,61),
(272,35),
(272,108),
(272,117),
(272,90),
(272,113),
(272,110),
(272,127),
(272,167),
(272,148),
(273,55),
(273,76),
(273,60),
(273,137),
(273,97),
(273,99),
(273,88),
(273,96),
(273,123),
(273,160),
(273,169),
(274,42),
(274,63),
(274,69),
(274,115),
(274,128),
(274,85),
(274,83),
(274,126),
(274,93),
(274,166),
(274,151),
(275,77),
(275,17),
(275,74),
(275,106),
(275,114),
(275,125),
(275,105),
(275,86),
(275,121),
(275,146),
(275,163),
(276,6),
(276,16),
(276,33),
(276,92),
(276,112),
(276,98),
(276,101),
(276,89),
(276,134),
(276,141),
(276,156),
(277,46),
(277,64),
(277,49),
(277,103),
(277,95),
(277,82),
(277,131),
(277,139),
(277,132),
(277,162),
(277,154),
(278,30),
(278,21),
(278,59),
(278,135),
(278,102),
(278,84),
(278,118),
(278,107),
(278,120),
(278,150),
(278,145),
(279,12),
(279,62),
(279,22),
(279,109),
(279,122),
(279,136),
(279,94),
(279,116),
(279,81),
(279,155),
(279,143),
(280,26),
(280,8),
(280,25),
(280,104),
(280,140),
(280,91),
(280,129),
(280,133),
(280,111),
(280,170),
(280,165),
(281,11),
(281,72),
(281,52),
(281,158),
(281,157),
(282,1),
(282,10),
(282,67),
(282,152),
(282,168),
(283,28),
(283,78),
(283,7),
(283,149),
(283,144),
(284,38),
(284,51),
(284,57),
(284,147),
(284,159),
(285,40),
(285,65),
(285,4),
(285,164),
(285,161),
(286,66),
(286,15),
(286,9),
(287,75),
(287,56),
(287,45),
(288,47),
(288,14),
(288,73),
(289,3),
(289,80),
(289,27),
(290,48),
(290,79),
(290,19),
(291,36),
(291,53),
(291,58),
(292,43),
(292,54),
(292,18),
(293,68),
(293,50),
(293,34),
(294,24),
(294,31),
(294,2),
(295,71),
(295,44),
(295,5),
(296,32),
(296,20),
(296,41),
(297,29),
(297,23),
(316,61),
(316,17),
(316,67),
(316,123),
(316,112),
(316,85),
(316,133),
(316,126),
(316,87),
(316,153),
(316,155),
(317,65),
(317,52),
(317,58),
(317,97),
(317,130),
(317,99),
(317,118),
(317,82),
(317,135),
(317,154),
(317,156),
(318,80),
(318,70),
(318,53),
(318,107),
(318,113),
(318,100),
(318,110),
(318,90),
(318,92),
(318,158),
(318,150),
(319,20),
(319,15),
(319,7),
(319,120),
(319,89),
(319,111),
(319,136),
(319,127),
(319,102),
(319,143),
(319,159),
(320,44),
(320,16),
(320,29),
(320,98),
(320,101),
(320,93),
(320,109),
(320,129),
(320,106),
(320,168),
(320,165),
(321,30),
(321,10),
(321,32),
(321,95),
(321,124),
(321,86),
(321,134),
(321,117),
(321,119),
(321,166),
(321,151),
(322,49),
(322,46),
(322,24),
(322,121),
(322,116),
(322,115),
(322,81),
(322,128),
(322,96),
(322,141),
(322,145),
(323,4),
(323,54),
(323,64),
(323,83),
(323,125),
(323,84),
(323,91),
(323,94),
(323,138),
(323,160),
(323,148),
(324,62),
(324,26),
(324,12),
(324,108),
(324,131),
(324,132),
(324,88),
(324,114),
(324,105),
(324,161),
(324,167),
(325,48),
(325,18),
(325,2),
(325,103),
(325,104),
(325,140),
(325,137),
(325,122),
(325,139),
(325,152),
(325,163),
(326,31),
(326,41),
(326,55),
(326,142),
(326,144),
(327,22),
(327,28),
(327,5),
(327,162),
(327,147),
(328,74),
(328,68),
(328,42),
(328,157),
(328,169),
(329,39),
(329,21),
(329,8),
(329,164),
(329,149),
(330,1),
(330,76),
(330,19),
(330,146),
(330,170),
(331,33),
(331,38),
(331,73),
(332,27),
(332,13),
(332,60),
(333,9),
(333,23),
(333,37),
(334,78),
(334,72),
(334,43),
(335,45),
(335,11),
(335,40),
(336,63),
(336,50),
(336,6),
(337,77),
(337,36),
(337,35),
(338,69),
(338,47),
(338,14),
(339,34),
(339,66),
(339,57),
(340,3),
(340,51),
(340,75),
(341,56),
(341,25),
(341,59),
(342,79),
(342,71),
(361,36),
(361,39),
(361,13),
(361,123),
(361,108),
(361,115),
(361,109),
(361,134),
(361,101),
(361,141),
(361,164),
(362,41),
(362,4),
(362,18),
(362,118),
(362,86),
(362,112),
(362,89),
(362,114),
(362,99),
(362,163),
(362,166),
(363,75),
(363,77),
(363,56),
(363,135),
(363,117),
(363,85),
(363,87),
(363,136),
(363,130),
(363,159),
(363,152),
(364,48),
(364,72),
(364,47),
(364,82),
(364,137),
(364,81),
(364,90),
(364,102),
(364,111),
(364,155),
(364,160),
(365,22),
(365,34),
(365,61),
(365,133),
(365,125),
(365,100),
(365,105),
(365,122),
(365,103),
(365,165),
(365,167),
(366,68),
(366,64),
(366,79),
(366,140),
(366,127),
(366,139),
(366,96),
(366,88),
(366,119),
(366,154),
(366,162),
(367,60),
(367,9),
(367,67),
(367,106),
(367,116),
(367,83),
(367,92),
(367,94),
(367,95),
(367,156),
(367,144),
(368,24),
(368,54),
(368,70),
(368,93),
(368,113),
(368,128),
(368,120),
(368,138),
(368,126),
(368,146),
(368,157),
(369,23),
(369,30),
(369,69),
(369,104),
(369,129),
(369,110),
(369,98),
(369,132),
(369,121),
(369,150),
(369,142),
(370,53),
(370,50),
(370,2),
(370,131),
(370,97),
(370,124),
(370,84),
(370,107),
(370,91),
(370,147),
(370,168),
(371,71),
(371,66),
(371,11),
(371,148),
(371,158),
(372,73),
(372,17),
(372,20),
(372,145),
(372,170),
(373,14),
(373,38),
(373,32),
(373,151),
(373,149),
(374,3),
(374,76),
(374,35),
(374,143),
(374,161),
(375,42),
(375,12),
(375,55),
(375,169),
(375,153),
(376,10),
(376,49),
(376,7),
(377,21),
(377,59),
(377,52),
(378,45),
(378,57),
(378,58),
(379,16),
(379,37),
(379,8),
(380,40),
(380,6),
(380,15),
(381,80),
(381,78),
(381,5),
(382,33),
(382,1),
(382,62),
(383,65),
(383,28),
(383,29),
(384,26),
(384,31),
(384,25),
(385,51),
(385,19),
(385,44),
(386,63),
(386,27),
(386,74),
(387,43),
(387,46),
(406,54),
(406,2),
(406,40),
(406,109),
(406,91),
(406,98),
(406,138),
(406,118),
(406,120),
(406,143),
(406,168),
(407,33),
(407,65),
(407,32),
(407,83),
(407,140),
(407,99),
(407,89),
(407,128),
(407,126),
(407,163),
(407,170),
(408,16),
(408,23),
(408,68),
(408,127),
(408,85),
(408,84),
(408,81),
(408,102),
(408,90),
(408,146),
(408,169),
(409,37),
(409,64),
(409,50),
(409,86),
(409,97),
(409,125),
(409,111),
(409,137),
(409,100),
(409,149),
(409,164),
(410,18),
(410,24),
(410,8),
(410,124),
(410,104),
(410,129),
(410,132),
(410,101),
(410,119),
(410,151),
(410,158),
(411,42),
(411,41),
(411,13),
(411,96),
(411,133),
(411,130),
(411,93),
(411,135),
(411,114),
(411,167),
(411,166),
(412,15),
(412,11),
(412,56),
(412,123),
(412,131),
(412,95),
(412,82),
(412,112),
(412,92),
(412,142),
(412,141),
(413,27),
(413,4),
(413,31),
(413,88),
(413,117),
(413,107),
(413,122),
(413,108),
(413,94),
(413,154),
(413,150),
(414,39),
(414,43),
(414,36),
(414,103),
(414,113),
(414,139),
(414,105),
(414,106),
(414,136),
(414,144),
(414,157),
(415,25),
(415,19),
(415,75),
(415,110),
(415,116),
(415,115),
(415,87),
(415,121),
(415,134),
(415,165),
(415,148),
(416,69),
(416,74),
(416,46),
(416,160),
(416,155),
(417,20),
(417,47),
(417,77),
(417,162),
(417,147),
(418,1),
(418,3),
(418,53),
(418,152),
(418,161),
(419,10),
(419,45),
(419,58),
(419,159),
(419,145),
(420,80),
(420,28),
(420,14),
(420,153),
(420,156),
(421,55),
(421,44),
(421,29),
(422,38),
(422,51),
(422,76),
(423,62),
(423,21),
(423,66),
(424,73),
(424,71),
(424,12),
(425,61),
(425,9),
(425,59),
(426,26),
(426,6),
(426,35),
(427,72),
(427,79),
(427,78),
(428,52),
(428,30),
(428,48),
(429,67),
(429,60),
(429,70),
(430,57),
(430,49),
(430,34),
(431,7),
(431,63),
(431,17),
(432,22),
(432,5),
(451,21),
(451,37),
(451,67),
(451,98),
(451,113),
(451,107),
(451,95),
(451,120),
(451,123),
(451,143),
(451,166),
(452,2),
(452,11),
(452,60),
(452,115),
(452,136),
(452,104),
(452,92),
(452,117),
(452,116),
(452,144),
(452,147),
(453,71),
(453,70),
(453,14),
(453,89),
(453,126),
(453,140),
(453,101),
(453,96),
(453,93),
(453,148),
(453,146),
(454,4),
(454,36),
(454,49),
(454,122),
(454,111),
(454,87),
(454,83),
(454,108),
(454,82),
(454,155),
(454,162),
(455,53),
(455,29),
(455,43),
(455,97),
(455,88),
(455,127),
(455,106),
(455,90),
(455,114),
(455,164),
(455,156),
(456,26),
(456,51),
(456,65),
(456,119),
(456,121),
(456,112),
(456,105),
(456,130),
(456,84),
(456,161),
(456,170),
(457,23),
(457,73),
(457,77),
(457,139),
(457,137),
(457,118),
(457,125),
(457,138),
(457,99),
(457,165),
(457,168),
(458,7),
(458,79),
(458,42),
(458,109),
(458,129),
(458,132),
(458,85),
(458,133),
(458,103),
(458,153),
(458,163),
(459,41),
(459,32),
(459,12),
(459,91),
(459,124),
(459,110),
(459,100),
(459,131),
(459,102),
(459,149),
(459,152),
(460,8),
(460,68),
(460,16),
(460,81),
(460,134),
(460,128),
(460,94),
(460,86),
(460,135),
(460,141),
(460,154),
(461,1),
(461,19),
(461,24),
(461,159),
(461,151),
(462,20),
(462,80),
(462,44),
(462,150),
(462,160),
(463,30),
(463,9),
(463,57),
(463,145),
(463,157),
(464,40),
(464,39),
(464,59),
(464,167),
(464,142),
(465,38),
(465,5),
(465,15),
(465,169),
(465,158),
(466,69),
(466,50),
(466,6),
(467,35),
(467,22),
(467,58),
(468,55),
(468,3),
(468,18),
(469,75),
(469,17),
(469,78),
(470,64),
(470,10),
(470,46),
(471,28),
(471,61),
(471,66),
(472,27),
(472,48),
(472,25),
(473,54),
(473,31),
(473,52),
(474,56),
(474,76),
(474,74),
(475,13),
(475,33),
(475,47),
(476,45),
(476,62),
(476,63),
(477,72),
(477,34),
(496,35),
(496,43),
(496,25),
(496,88),
(496,91),
(496,117),
(496,89),
(496,135),
(496,116),
(496,146),
(496,144),
(497,18),
(497,16),
(497,46),
(497,128),
(497,97),
(497,104),
(497,124),
(497,140),
(497,90),
(497,142),
(497,169),
(498,54),
(498,11),
(498,4),
(498,115),
(498,103),
(498,127),
(498,132),
(498,118),
(498,101),
(498,148),
(498,141),
(499,17),
(499,64),
(499,57),
(499,102),
(499,129),
(499,81),
(499,105),
(499,121),
(499,106),
(499,162),
(499,165),
(500,22),
(500,5),
(500,3),
(500,125),
(500,133),
(500,92),
(500,83),
(500,122),
(500,136),
(500,143),
(500,153),
(501,42),
(501,13),
(501,50),
(501,98),
(501,94),
(501,130),
(501,100),
(501,113),
(501,87),
(501,147),
(501,152),
(502,60),
(502,59),
(502,20),
(502,84),
(502,82),
(502,93),
(502,112),
(502,111),
(502,131),
(502,158),
(502,159),
(503,8),
(503,77),
(503,33),
(503,109),
(503,120),
(503,137),
(503,139),
(503,96),
(503,86),
(503,151),
(503,170),
(504,61),
(504,21),
(504,14),
(504,134),
(504,123),
(504,85),
(504,107),
(504,138),
(504,99),
(504,154),
(504,166),
(505,79),
(505,75),
(505,52),
(505,95),
(505,119),
(505,110),
(505,114),
(505,108),
(505,126),
(505,161),
(505,163),
(506,34),
(506,47),
(506,30),
(506,164),
(506,155),
(507,76),
(507,58),
(507,78),
(507,150),
(507,145),
(508,44),
(508,56),
(508,1),
(508,167),
(508,149),
(509,49),
(509,51),
(509,28),
(509,168),
(509,157),
(510,26),
(510,41),
(510,55),
(510,156),
(510,160),
(511,73),
(511,62),
(511,40),
(512,63),
(512,37),
(512,19),
(513,71),
(513,12),
(513,38),
(514,31),
(514,66),
(514,29),
(515,48),
(515,70),
(515,68),
(516,69),
(516,74),
(516,10),
(517,67),
(517,80),
(517,2),
(518,7),
(518,27),
(518,39),
(519,65),
(519,24),
(519,53),
(520,45),
(520,15),
(520,36),
(521,23),
(521,6),
(521,9),
(522,32),
(522,72),
(541,58),
(541,26),
(541,47),
(541,108),
(541,95),
(541,128),
(541,130),
(541,86),
(541,112),
(541,161),
(541,154),
(542,45),
(542,49),
(542,44),
(542,96),
(542,85),
(542,123),
(542,127),
(542,92),
(542,107),
(542,144),
(542,159),
(543,43),
(543,18),
(543,33),
(543,99),
(543,90),
(543,129),
(543,118),
(543,131),
(543,111),
(543,151),
(543,170),
(544,78),
(544,59),
(544,40),
(544,115),
(544,124),
(544,109),
(544,116),
(544,135),
(544,125),
(544,164),
(544,158),
(545,28),
(545,69),
(545,9),
(545,91),
(545,81),
(545,117),
(545,137),
(545,119),
(545,133),
(545,163),
(545,165),
(546,5),
(546,74),
(546,68),
(546,97),
(546,110),
(546,106),
(546,88),
(546,83),
(546,136),
(546,149),
(546,141),
(547,2),
(547,3),
(547,32),
(547,121),
(547,103),
(547,93),
(547,126),
(547,138),
(547,114),
(547,153),
(547,145),
(548,30),
(548,6),
(548,10),
(548,132),
(548,104),
(548,120),
(548,134),
(548,101),
(548,100),
(548,168),
(548,142),
(549,39),
(549,17),
(549,16),
(549,84),
(549,122),
(549,139),
(549,113),
(549,87),
(549,98),
(549,150),
(549,157),
(550,65),
(550,77),
(550,57),
(550,105),
(550,94),
(550,89),
(550,82),
(550,140),
(550,102),
(550,167),
(550,148),
(551,23),
(551,29),
(551,42),
(551,155),
(551,156),
(552,7),
(552,64),
(552,71),
(552,162),
(552,169),
(553,73),
(553,60),
(553,50),
(553,147),
(553,160),
(554,35),
(554,8),
(554,27),
(554,146),
(554,152),
(555,36),
(555,21),
(555,72),
(555,143),
(555,166),
(556,37),
(556,56),
(556,11),
(557,63),
(557,66),
(557,46),
(558,25),
(558,80),
(558,53),
(559,54),
(559,55),
(559,62),
(560,76),
(560,1),
(560,12),
(561,31),
(561,15),
(561,38),
(562,34),
(562,13),
(562,19),
(563,51),
(563,24),
(563,20),
(564,48),
(564,61),
(564,22),
(565,4),
(565,75),
(565,67),
(566,79),
(566,52),
(566,41),
(567,14),
(567,70),
(586,26),
(586,66),
(586,68),
(586,124),
(586,92),
(586,111),
(586,140),
(586,115),
(586,90),
(586,150),
(586,166),
(587,13),
(587,42),
(587,3),
(587,87),
(587,135),
(587,129),
(587,110),
(587,106),
(587,95),
(587,155),
(587,141),
(588,28),
(588,19),
(588,37),
(588,120),
(588,83),
(588,137),
(588,130),
(588,104),
(588,97),
(588,156),
(588,145),
(589,29),
(589,48),
(589,31),
(589,126),
(589,122),
(589,86),
(589,127),
(589,109),
(589,98),
(589,152),
(589,163),
(590,30),
(590,64),
(590,33),
(590,99),
(590,103),
(590,102),
(590,105),
(590,134),
(590,81),
(590,157),
(590,154),
(591,53),
(591,49),
(591,75),
(591,88),
(591,108),
(591,113),
(591,114),
(591,84),
(591,116),
(591,149),
(591,146),
(592,14),
(592,22),
(592,59),
(592,118),
(592,131),
(592,107),
(592,132),
(592,123),
(592,112),
(592,170),
(592,148),
(593,16),
(593,36),
(593,69),
(593,89),
(593,121),
(593,138),
(593,117),
(593,82),
(593,133),
(593,165),
(593,142),
(594,80),
(594,73),
(594,65),
(594,128),
(594,91),
(594,136),
(594,139),
(594,94),
(594,96),
(594,158),
(594,151),
(595,71),
(595,2),
(595,78),
(595,85),
(595,101),
(595,119),
(595,93),
(595,125),
(595,100),
(595,153),
(595,168),
(596,62),
(596,39),
(596,63),
(596,143),
(596,161),
(597,60),
(597,52),
(597,21),
(597,144),
(597,169),
(598,77),
(598,51),
(598,5),
(598,164),
(598,160),
(599,10),
(599,24),
(599,15),
(599,147),
(599,159),
(600,34),
(600,50),
(600,57),
(600,167),
(600,162),
(601,67),
(601,4),
(601,17),
(602,1),
(602,56),
(602,38),
(603,61),
(603,70),
(603,8),
(604,58),
(604,27),
(604,43),
(605,74),
(605,44),
(605,40),
(606,11),
(606,12),
(606,25),
(607,76),
(607,32),
(607,35),
(608,72),
(608,23),
(608,79),
(609,20),
(609,47),
(609,6),
(610,9),
(610,55),
(610,41),
(611,18),
(611,45),
(611,54),
(612,46),
(612,7);


INSERT IGNORE INTO `medical_act_has_employee` (`act_id`,`employee_id`) VALUES
(1,42),
(2,96),
(3,17),
(4,83),
(4,125),
(5,27),
(6,21),
(6,48),
(7,140),
(8,24),
(8,140),
(9,4),
(10,106),
(11,101),
(11,134),
(12,43),
(13,5),
(14,53),
(14,105),
(15,22),
(15,81),
(16,12),
(17,15),
(18,107),
(19,1),
(19,135),
(20,138),
(21,123),
(22,13),
(22,120),
(23,134),
(24,19),
(24,95),
(25,13),
(26,32),
(26,137),
(27,127),
(28,76),
(28,126),
(29,17),
(29,35),
(30,123),
(31,5),
(32,26),
(32,50),
(33,121),
(34,31),
(35,81),
(36,121),
(36,135),
(37,94),
(37,97),
(38,128),
(38,130),
(39,24),
(39,44),
(40,136),
(41,59),
(42,114),
(42,135),
(43,104),
(44,70),
(45,110),
(46,126),
(47,103),
(48,116),
(49,65),
(50,137),
(51,3),
(51,134),
(52,46),
(53,20),
(53,68),
(54,95),
(54,115),
(55,68),
(55,91),
(56,80),
(57,20),
(58,79),
(58,93),
(59,106),
(60,114),
(61,60),
(62,100),
(63,126),
(64,27),
(64,79),
(65,8),
(65,18),
(66,91),
(67,91),
(68,118),
(68,134),
(69,98),
(70,16),
(71,20),
(71,90),
(72,88),
(72,101),
(73,77),
(73,87),
(74,109),
(75,70),
(76,20),
(76,129),
(77,6),
(77,98),
(78,33),
(80,63),
(80,126),
(81,87),
(82,78),
(83,31),
(83,64),
(84,54),
(84,87),
(85,36),
(86,43),
(87,33),
(88,87),
(89,29),
(89,32),
(90,98),
(90,130),
(91,49),
(91,119),
(92,49),
(92,87),
(93,13),
(93,16),
(94,124),
(95,6),
(95,54),
(96,57),
(97,67),
(98,56),
(99,4),
(99,28),
(100,13),
(100,107),
(101,33),
(102,45),
(103,32),
(104,84),
(105,121),
(106,21),
(107,71),
(108,23),
(108,106),
(109,43),
(110,30),
(111,13),
(112,106),
(112,112),
(113,105),
(113,135),
(114,47),
(114,102),
(115,42),
(116,118),
(117,72),
(118,69),
(119,125),
(120,86),
(121,19),
(121,52),
(122,103),
(122,139),
(123,128),
(124,11),
(125,57),
(126,90),
(127,4),
(127,134),
(128,32),
(128,57),
(129,19),
(129,96),
(130,62),
(131,116),
(132,75),
(132,92),
(133,50),
(134,34),
(134,131),
(135,138),
(136,103),
(137,18),
(138,32),
(139,13),
(139,65),
(140,101),
(140,133),
(141,71),
(141,103),
(142,117),
(143,109),
(144,9),
(145,109),
(146,45),
(146,126),
(147,103),
(148,36),
(149,77),
(149,138),
(150,129);

INSERT IGNORE INTO `patient_has_allergy` (`patient_id`,`active_substance_id`) VALUES
(1,8285),
(2,8079),
(2,8028),
(3,8222),
(5,8249),
(5,8103),
(7,8151),
(8,8246),
(8,8060),
(8,8159),
(9,8245),
(9,8254),
(10,8137),
(10,8047),
(11,8202),
(13,8192),
(13,8096),
(14,8136),
(15,8136),
(16,8139),
(17,8078),
(18,8050),
(18,8044),
(19,8281),
(20,8117),
(21,8202),
(22,8218),
(22,8278),
(23,8247),
(24,8121),
(25,8041),
(26,8017),
(27,8268),
(28,8076),
(28,8062),
(29,8233),
(29,8089),
(30,8086),
(30,8109),
(31,8065),
(31,8021),
(32,8226),
(33,8076),
(34,8134),
(34,8165),
(35,8035),
(35,8045),
(36,8207),
(37,8143),
(38,8006),
(39,8271),
(39,8218),
(42,8302),
(43,8052),
(43,8055),
(44,8052),
(45,8278),
(45,8179),
(46,8137),
(46,8200),
(47,8296),
(48,8019),
(50,8209),
(52,8171),
(52,8122),
(54,8139),
(55,8010),
(55,8175),
(56,8157),
(56,8161),
(57,8255),
(58,8051),
(58,8117),
(60,8230),
(60,8166),
(60,8139),
(61,8046),
(61,8097),
(62,8212),
(63,8268),
(63,8194),
(64,8267),
(64,8082),
(66,8210),
(66,8070),
(67,8272),
(67,8295),
(70,8030),
(70,8129),
(73,8102),
(74,8241),
(75,8064),
(76,8124),
(77,8232),
(79,8286),
(79,8182),
(80,8134),
(81,8047),
(81,8147),
(84,8110),
(84,8114),
(85,8106),
(86,8213),
(87,8004),
(88,8068),
(89,8004),
(90,8158),
(91,8142),
(91,8220),
(92,8181),
(92,8239),
(93,8242),
(94,8270),
(95,8207),
(95,8303),
(97,8194),
(98,8146),
(99,8056),
(100,8175),
(101,8168),
(101,8143),
(101,8135),
(102,8154),
(104,8124),
(105,8210),
(105,8165),
(106,8013),
(107,8153),
(108,8218),
(109,8018),
(110,8296),
(111,8178),
(111,8114),
(112,8247),
(113,8186),
(113,8263),
(114,8088),
(115,8289),
(115,8093),
(116,8245),
(118,8290),
(119,8094),
(119,8174),
(120,8114),
(121,8159),
(122,8171),
(123,8303),
(124,8061),
(125,8302),
(126,8037),
(127,8100),
(128,8199),
(129,8215),
(131,8071),
(131,8103),
(132,8295),
(133,8238),
(133,8074),
(134,8093),
(135,8253),
(135,8173),
(136,8091),
(137,8030),
(139,8087),
(140,8082),
(141,8046),
(143,8223),
(144,8248),
(145,8019),
(146,8194),
(147,8166),
(147,8275),
(147,8098),
(150,8116),
(150,8179),
(151,8053),
(152,8158),
(154,8154),
(154,8150),
(155,8270),
(156,8175),
(157,8069),
(158,8254),
(159,8097),
(161,8210),
(161,8009),
(162,8068),
(163,8011),
(164,8087),
(166,8019),
(166,8195),
(167,8132),
(167,8277),
(168,8025),
(169,8010),
(172,8064),
(173,8246),
(174,8106),
(174,8004),
(175,8052),
(176,8140),
(177,8071),
(178,8054),
(179,8061),
(180,8055),
(181,8103),
(182,8271),
(182,8104),
(183,8213),
(184,8020),
(185,8107),
(186,8250),
(187,8001),
(191,8256),
(194,8052),
(195,8119),
(195,8237),
(196,8153),
(196,8137),
(196,8241),
(198,8020),
(198,8150),
(199,8162),
(200,8060);
