USE hospital_db;

DELETE FROM hospital_images;
DELETE FROM patient_has_allergy;
DELETE FROM medical_act_has_employee;
DELETE FROM duty_schedule_team;
DELETE FROM doctor_review;
DELETE FROM doctor_department;
DELETE FROM laboratory_exams;
DELETE FROM medical_act;
DELETE FROM medication_treatment;
DELETE FROM hospitalization;
DELETE FROM triage;
DELETE FROM medication_prescription;
DELETE FROM hospitalization_review;
DELETE FROM duty_schedule;
DELETE FROM department_room;
DELETE FROM nurse;
DELETE FROM administrative_staff;
DELETE FROM hospital_department;
DELETE FROM doctor;
DELETE FROM employee;
DELETE FROM patient;
DELETE FROM doctor_specialty;
DELETE FROM doctor_grade;
DELETE FROM nurse_grade;
DELETE FROM staff_role;
DELETE FROM shift_type;


-- DUMMY DATA --

-- shift_type
INSERT INTO `shift_type` (`shift_type_id`,`start_time`,`end_time`,`shift_type`) VALUES
(1,'07:00:00','15:00:00','Morning'),
(2,'15:00:00','23:00:00','Afternoon'),
(3,'23:00:00','07:00:00','Night');

-- staff_role
INSERT INTO `staff_role` (`role_id`,`role_description`) VALUES
(1,'Secretary'),
(2,'Accountant'),
(3,'Director');

-- nurse_grade
INSERT INTO `nurse_grade` (`nurse_grade_id`,`grade_description`) VALUES
(1,'Supervisor Nurse'),
(2,'Nurse'),
(3,'Assistant Nurse');

-- doctor_grade
INSERT INTO `doctor_grade` (`grade_id`,`grade_description`) VALUES
(1,'Attending'),
(2,'Currator B'),
(3,'Currrator A'),
(4,'Chief');

-- doctor_specialty
INSERT INTO `doctor_specialty` (`specialty_id`,`specialty_name`) VALUES
(1,'Cardiology'),
(2,'Surgery'),
(3,'Internal Medicine'),
(4,'Orthopedics'),
(5,'Neurology'),
(6,'Radiology'),
(7,'Anesthesiology'),
(8,'Pediatrics'),
(9,'Obstetrics'),
(10,'Psychiatry');


INSERT INTO `employee` (`employee_id`, `empl_amka`,`empl_birth_date`, `empl_first_name`,`empl_last_name`,`empl_email`,`empl_phone`,`empl_hiring_date`,`empl_type`) VALUES
(1,'21107000001','1970-10-21','Katerina','Pappas','emp1@hospital.gr','6971000001','2024-01-15','doctor'), (2,'10118900002','1989-11-10','Giorgos','Christodoulou','emp2@hospital.gr','6971000002','2019-01-15','doctor'), (3,'27127200003','1972-12-27','Kostas','Nikolaou','emp3@hospital.gr','6971000003','2017-01-15','doctor'), (4,'25107900004','1979-10-25','Anna','Dimitriou','emp4@hospital.gr','6971000004','2024-01-15','doctor'),
(5,'28129000005','1990-12-28','Sofia','Makris','emp5@hospital.gr','6971000005','2011-01-15','doctor'), (6,'11127100006','1971-12-11','Thanasis','Pappas','emp6@hospital.gr','6971000006','2024-01-15','doctor'), (7,'12119000007','1990-11-12','Nikos','Karras','emp7@hospital.gr','6971000007','2021-01-15','doctor'), (8,'15117400008','1974-11-15','Kostas','Oikonomou','emp8@hospital.gr','6971000008','2010-01-15','doctor'),
(9,'20118000009','1980-11-20','Aggeliki','Papadopoulos','emp9@hospital.gr','6971000009','2023-01-15','doctor'), (10,'13118900010','1989-11-13','Dimitris','Karagiannis','emp10@hospital.gr','6971000010','2020-01-15','doctor'), (11,'11119900011','1999-11-11','Christos','Christodoulou','emp11@hospital.gr','6971000011','2019-01-15','doctor'), (12,'26118700012','1987-11-26','Eleni','Zachariou','emp12@hospital.gr','6971000012','2020-01-15','doctor'),
(13,'24129900013','1999-12-24','Giorgos','Dimitriou','emp13@hospital.gr','6971000013','2011-01-15','doctor'), (14,'13127200014','1972-12-13','Giannis','Christodoulou','emp14@hospital.gr','6971000014','2013-01-15','doctor'), (15,'27108200015','1982-10-27','Christos','Raptis','emp15@hospital.gr','6971000015','2020-01-15','doctor'), (16,'28108300016','1983-10-28','Giorgos','Dimitriou','emp16@hospital.gr','6971000016','2016-01-15','doctor'),
(17,'12127900017','1979-12-12','Nikos','Makris','emp17@hospital.gr','6971000017','2017-01-15','doctor'), (18,'24106500018','1965-10-24','Ioanna','Vlachos','emp18@hospital.gr','6971000018','2014-01-15','doctor'), (19,'16119800019','1998-11-16','Eleni','Karras','emp19@hospital.gr','6971000019','2023-01-15','doctor'), (20,'28126700020','1967-12-28','Aggeliki','Alexiou','emp20@hospital.gr','6971000020','2018-01-15','doctor'),
(21,'15129900021','1999-12-15','Giannis','Dimitriou','emp21@hospital.gr','6971000021','2010-01-15','doctor'), (22,'28106600022','1966-10-28','Georgia','Alexiou','emp22@hospital.gr','6971000022','2021-01-15','doctor'), (23,'23119400023','1994-11-23','Vasiliki','Papadopoulos','emp23@hospital.gr','6971000023','2021-01-15','doctor'), (24,'11106800024','1968-10-11','Giorgos','Karras','emp24@hospital.gr','6971000024','2023-01-15','doctor'),
(25,'23109200025','1992-10-23','Ioanna','Lekkas','emp25@hospital.gr','6971000025','2016-01-15','doctor'), (26,'15128700026','1987-12-15','Katerina','Kontos','emp26@hospital.gr','6971000026','2016-01-15','doctor'), (27,'28127300027','1973-12-28','Katerina','Vlachos','emp27@hospital.gr','6971000027','2016-01-15','doctor'), (28,'15109600028','1996-10-15','Thanasis','Georgiou','emp28@hospital.gr','6971000028','2024-01-15','doctor'),
(29,'25117200029','1972-11-25','Andreas','Alexiou','emp29@hospital.gr','6971000029','2018-01-15','doctor'), (30,'21118900030','1989-11-21','Andreas','Karras','emp30@hospital.gr','6971000030','2013-01-15','doctor'), (31,'22129200031','1992-12-22','Ioanna','Makris','emp31@hospital.gr','6971000031','2022-01-15','doctor'), (32,'28108700032','1987-10-28','Maria','Makris','emp32@hospital.gr','6971000032','2019-01-15','doctor'),
(33,'19117500033','1975-11-19','Anna','Christodoulou','emp33@hospital.gr','6971000033','2014-01-15','doctor'), (34,'12129900034','1999-12-12','Ioanna','Vlachos','emp34@hospital.gr','6971000034','2013-01-15','doctor'), (35,'18109700035','1997-10-18','Dimitris','Raptis','emp35@hospital.gr','6971000035','2022-01-15','doctor'), (36,'23117400036','1974-11-23','Katerina','Nikolaou','emp36@hospital.gr','6971000036','2014-01-15','doctor'),
(37,'27119500037','1995-11-27','Kostas','Oikonomou','emp37@hospital.gr','6971000037','2016-01-15','doctor'), (38,'16128700038','1987-12-16','Georgia','Zachariou','emp38@hospital.gr','6971000038','2011-01-15','doctor'), (39,'19117400039','1974-11-19','Giorgos','Georgiou','emp39@hospital.gr','6971000039','2023-01-15','doctor'), (40,'13117600040','1976-11-13','Kostas','Alexiou','emp40@hospital.gr','6971000040','2022-01-15','doctor'),
(41,'24108200041','1982-10-24','Aggeliki','Georgiou','emp41@hospital.gr','6971000041','2019-01-15','doctor'), (42,'20107400042','1974-10-20','Vasiliki','Alexiou','emp42@hospital.gr','6971000042','2014-01-15','doctor'), (43,'19108200043','1982-10-19','Nikos','Karagiannis','emp43@hospital.gr','6971000043','2014-01-15','doctor'), (44,'14126800044','1968-12-14','Spyros','Papadopoulos','emp44@hospital.gr','6971000044','2015-01-15','doctor'),
(45,'26107900045','1979-10-26','Maria','Christodoulou','emp45@hospital.gr','6971000045','2011-01-15','doctor'), (46,'19109000046','1990-10-19','Giannis','Papageorgiou','emp46@hospital.gr','6971000046','2012-01-15','doctor'), (47,'24128800047','1988-12-24','Christos','Papadopoulos','emp47@hospital.gr','6971000047','2020-01-15','doctor'), (48,'17109500048','1995-10-17','Eleni','Pappas','emp48@hospital.gr','6971000048','2021-01-15','doctor'),
(49,'24117500049','1975-11-24','Giannis','Karras','emp49@hospital.gr','6971000049','2014-01-15','doctor'), (50,'19127200050','1972-12-19','Kostas','Raptis','emp50@hospital.gr','6971000050','2013-01-15','doctor'), (51,'10126600051','1966-12-10','Sofia','Kontos','emp51@hospital.gr','6971000051','2011-01-15','doctor'), (52,'20107400052','1974-10-20','Maria','Dimitriou','emp52@hospital.gr','6971000052','2018-01-15','doctor'),
(53,'28119300053','1993-11-28','Nikos','Kontos','emp53@hospital.gr','6971000053','2013-01-15','doctor'), (54,'25129500054','1995-12-25','Spyros','Oikonomou','emp54@hospital.gr','6971000054','2017-01-15','doctor'), (55,'17127300055','1973-12-17','Vasiliki','Lekkas','emp55@hospital.gr','6971000055','2018-01-15','doctor'), (56,'17126800056','1968-12-17','Christos','Alexiou','emp56@hospital.gr','6971000056','2012-01-15','doctor'),
(57,'14119700057','1997-11-14','Nikos','Christodoulou','emp57@hospital.gr','6971000057','2021-01-15','doctor'), (58,'28129900058','1999-12-28','Andreas','Makris','emp58@hospital.gr','6971000058','2017-01-15','doctor'), (59,'23109700059','1997-10-23','Aggeliki','Nikolaou','emp59@hospital.gr','6971000059','2020-01-15','doctor'), (60,'24107400060','1974-10-24','Aggeliki','Christodoulou','emp60@hospital.gr','6971000060','2014-01-15','doctor'),
(61,'15108000061','1980-10-15','Andreas','Vlachos','emp61@hospital.gr','6971000061','2012-01-15','doctor'), (62,'18108500062','1985-10-18','Andreas','Nikolaou','emp62@hospital.gr','6971000062','2021-01-15','doctor'), (63,'12116600063','1966-11-12','Vasiliki','Papageorgiou','emp63@hospital.gr','6971000063','2019-01-15','doctor'), (64,'11117800064','1978-11-11','Aggeliki','Zachariou','emp64@hospital.gr','6971000064','2015-01-15','doctor'),
(65,'20127200065','1972-12-20','Nikos','Christodoulou','emp65@hospital.gr','6971000065','2016-01-15','doctor'), (66,'22128200066','1982-12-22','Panagiotis','Dimitriou','emp66@hospital.gr','6971000066','2015-01-15','doctor'), (67,'16127900067','1979-12-16','Katerina','Dimitriou','emp67@hospital.gr','6971000067','2021-01-15','doctor'), (68,'26119000068','1990-11-26','Sofia','Papageorgiou','emp68@hospital.gr','6971000068','2023-01-15','doctor'),
(69,'16127800069','1978-12-16','Anna','Vlachos','emp69@hospital.gr','6971000069','2015-01-15','doctor'), (70,'28127900070','1979-12-28','Dimitra','Nikolaou','emp70@hospital.gr','6971000070','2017-01-15','doctor'), (71,'25117500071','1975-11-25','Sofia','Zachariou','emp71@hospital.gr','6971000071','2019-01-15','doctor'), (72,'25108700072','1987-10-25','Andreas','Dimitriou','emp72@hospital.gr','6971000072','2019-01-15','doctor'),
(73,'17128900073','1989-12-17','Panagiotis','Kontos','emp73@hospital.gr','6971000073','2013-01-15','doctor'), (74,'22127500074','1975-12-22','Anna','Vlachos','emp74@hospital.gr','6971000074','2014-01-15','doctor'), (75,'10127100075','1971-12-10','Dimitra','Zachariou','emp75@hospital.gr','6971000075','2015-01-15','doctor'), (76,'13127700076','1977-12-13','Maria','Alexiou','emp76@hospital.gr','6971000076','2014-01-15','doctor'),
(77,'18107400077','1974-10-18','Giorgos','Oikonomou','emp77@hospital.gr','6971000077','2019-01-15','doctor'), (78,'26109100078','1991-10-26','Anna','Oikonomou','emp78@hospital.gr','6971000078','2014-01-15','doctor'), (79,'24128300079','1983-12-24','Giorgos','Vlachos','emp79@hospital.gr','6971000079','2013-01-15','doctor'), (80,'13119800080','1998-11-13','Christos','Karras','emp80@hospital.gr','6971000080','2023-01-15','doctor'),
(81,'27108000081','1980-10-27','Aggeliki','Papageorgiou','emp81@hospital.gr','6971000081','2014-01-15','doctor'), (82,'20106700082','1967-10-20','Eleni','Zachariou','emp82@hospital.gr','6971000082','2021-01-15','doctor'), (83,'20128300083','1983-12-20','Christos','Vlachos','emp83@hospital.gr','6971000083','2013-01-15','doctor'), (84,'12109400084','1994-10-12','Dimitris','Karras','emp84@hospital.gr','6971000084','2015-01-15','doctor'),
(85,'28107600085','1976-10-28','Kostas','Karras','emp85@hospital.gr','6971000085','2018-01-15','doctor'), (86,'20118400086','1984-11-20','Dimitra','Kontos','emp86@hospital.gr','6971000086','2021-01-15','doctor'), (87,'26116600087','1966-11-26','Aggeliki','Georgiou','emp87@hospital.gr','6971000087','2014-01-15','doctor'), (88,'25129900088','1999-12-25','Panagiotis','Karras','emp88@hospital.gr','6971000088','2011-01-15','doctor'),
(89,'26108800089','1988-10-26','Giorgos','Christodoulou','emp89@hospital.gr','6971000089','2012-01-15','doctor'), (90,'16116900090','1969-11-16','Giorgos','Dimitriou','emp90@hospital.gr','6971000090','2021-01-15','doctor'), (91,'22119000091','1990-11-22','Thanasis','Zachariou','emp91@hospital.gr','6971000091','2023-01-15','doctor'), (92,'15117300092','1973-11-15','Dimitra','Dimitriou','emp92@hospital.gr','6971000092','2016-01-15','doctor'),
(93,'15107600093','1976-10-15','Dimitris','Oikonomou','emp93@hospital.gr','6971000093','2011-01-15','doctor'), (94,'25118600094','1986-11-25','Dimitris','Papadopoulos','emp94@hospital.gr','6971000094','2011-01-15','doctor'), (95,'27127200095','1972-12-27','Thanasis','Dimitriou','emp95@hospital.gr','6971000095','2014-01-15','doctor'), (96,'16127600096','1976-12-16','Georgia','Alexiou','emp96@hospital.gr','6971000096','2010-01-15','doctor'),
(97,'24127300097','1973-12-24','Sofia','Vlachos','emp97@hospital.gr','6971000097','2017-01-15','doctor'), (98,'11118000098','1980-11-11','Ioanna','Nikolaou','emp98@hospital.gr','6971000098','2014-01-15','doctor'), (99,'25107100099','1971-10-25','Christos','Zachariou','emp99@hospital.gr','6971000099','2015-01-15','doctor'), (100,'16128100100','1981-12-16','Eleni','Papadopoulos','emp100@hospital.gr','6971000100','2023-01-15','doctor'),
(101,'16129800101','1998-12-16','Andreas','Makris','emp101@hospital.gr','6971000101','2010-01-15','doctor'), (102,'25118900102','1989-11-25','Kostas','Raptis','emp102@hospital.gr','6971000102','2021-01-15','doctor'), (103,'14129100103','1991-12-14','Giorgos','Papageorgiou','emp103@hospital.gr','6971000103','2017-01-15','doctor'), (104,'16118700104','1987-11-16','Ioanna','Pappas','emp104@hospital.gr','6971000104','2014-01-15','doctor'),
(105,'23129400105','1994-12-23','Georgia','Pappas','emp105@hospital.gr','6971000105','2015-01-15','doctor'), (106,'20118500106','1985-11-20','Spyros','Alexiou','emp106@hospital.gr','6971000106','2021-01-15','doctor'), (107,'18119400107','1994-11-18','Christos','Papadopoulos','emp107@hospital.gr','6971000107','2021-01-15','doctor'), (108,'21127100108','1971-12-21','Aggeliki','Karagiannis','emp108@hospital.gr','6971000108','2018-01-15','doctor'),
(109,'21106500109','1965-10-21','Maria','Raptis','emp109@hospital.gr','6971000109','2016-01-15','doctor'), (110,'14119800110','1998-11-14','Anna','Makris','emp110@hospital.gr','6971000110','2011-01-15','doctor'), (111,'19109400111','1994-10-19','Spyros','Papageorgiou','emp111@hospital.gr','6971000111','2012-01-15','doctor'), (112,'10107400112','1974-10-10','Kostas','Papadopoulos','emp112@hospital.gr','6971000112','2014-01-15','doctor'),
(113,'15109800113','1998-10-15','Giorgos','Papageorgiou','emp113@hospital.gr','6971000113','2016-01-15','doctor'), (114,'16107600114','1976-10-16','Panagiotis','Nikolaou','emp114@hospital.gr','6971000114','2021-01-15','doctor'), (115,'16128000115','1980-12-16','Dimitris','Karagiannis','emp115@hospital.gr','6971000115','2011-01-15','doctor'), (116,'17108100116','1981-10-17','Christos','Christodoulou','emp116@hospital.gr','6971000116','2015-01-15','doctor'),
(117,'10107000117','1970-10-10','Dimitris','Lekkas','emp117@hospital.gr','6971000117','2016-01-15','doctor'), (118,'22128500118','1985-12-22','Maria','Vlachos','emp118@hospital.gr','6971000118','2020-01-15','doctor'), (119,'11128300119','1983-12-11','Andreas','Lekkas','emp119@hospital.gr','6971000119','2024-01-15','doctor'), (120,'16118800120','1988-11-16','Panagiotis','Karagiannis','emp120@hospital.gr','6971000120','2013-01-15','doctor'),
(121,'13118900121','1989-11-13','Maria','Nikolaou','emp121@hospital.gr','6971000121','2020-01-15','doctor'), (122,'15108600122','1986-10-15','Nikos','Oikonomou','emp122@hospital.gr','6971000122','2011-01-15','doctor'), (123,'28107300123','1973-10-28','Sofia','Vlachos','emp123@hospital.gr','6971000123','2023-01-15','doctor'), (124,'11119600124','1996-11-11','Christos','Pappas','emp124@hospital.gr','6971000124','2014-01-15','doctor'),
(125,'14129900125','1999-12-14','Georgia','Vlachos','emp125@hospital.gr','6971000125','2017-01-15','doctor'), (126,'20109700126','1997-10-20','Panagiotis','Alexiou','emp126@hospital.gr','6971000126','2016-01-15','doctor'), (127,'21116600127','1966-11-21','Kostas','Christodoulou','emp127@hospital.gr','6971000127','2016-01-15','doctor'), (128,'15128200128','1982-12-15','Eleni','Lekkas','emp128@hospital.gr','6971000128','2020-01-15','doctor'),
(129,'23106700129','1967-10-23','Katerina','Nikolaou','emp129@hospital.gr','6971000129','2017-01-15','doctor'), (130,'11117200130','1972-11-11','Andreas','Makris','emp130@hospital.gr','6971000130','2018-01-15','doctor'), (131,'27109200131','1992-10-27','Maria','Raptis','emp131@hospital.gr','6971000131','2013-01-15','doctor'), (132,'16107700132','1977-10-16','Ioanna','Lekkas','emp132@hospital.gr','6971000132','2016-01-15','doctor'),
(133,'15129000133','1990-12-15','Maria','Alexiou','emp133@hospital.gr','6971000133','2022-01-15','doctor'), (134,'10109500134','1995-10-10','Vasiliki','Karagiannis','emp134@hospital.gr','6971000134','2012-01-15','doctor'), (135,'18107300135','1973-10-18','Dimitris','Kontos','emp135@hospital.gr','6971000135','2012-01-15','doctor'), (136,'13117200136','1972-11-13','Maria','Christodoulou','emp136@hospital.gr','6971000136','2012-01-15','doctor'),
(137,'12117800137','1978-11-12','Nikos','Kontos','emp137@hospital.gr','6971000137','2023-01-15','doctor'), (138,'20118600138','1986-11-20','Spyros','Makris','emp138@hospital.gr','6971000138','2023-01-15','doctor'), (139,'21128600139','1986-12-21','Sofia','Makris','emp139@hospital.gr','6971000139','2015-01-15','doctor'), (140,'17128000140','1980-12-17','Kostas','Vlachos','emp140@hospital.gr','6971000140','2023-01-15','doctor'),
(141,'21106800141','1968-10-21','Katerina','Georgiou','emp141@hospital.gr','6971000141','2020-01-15','doctor'), (142,'12119300142','1993-11-12','Spyros','Karagiannis','emp142@hospital.gr','6971000142','2013-01-15','doctor'), (143,'12129600143','1996-12-12','Andreas','Kontos','emp143@hospital.gr','6971000143','2019-01-15','doctor'), (144,'26109400144','1994-10-26','Nikos','Vlachos','emp144@hospital.gr','6971000144','2010-01-15','doctor'),
(145,'10109800145','1998-10-10','Katerina','Oikonomou','emp145@hospital.gr','6971000145','2021-01-15','doctor'), (146,'22117800146','1978-11-22','Georgia','Karagiannis','emp146@hospital.gr','6971000146','2011-01-15','doctor'), (147,'17108600147','1986-10-17','Aggeliki','Karagiannis','emp147@hospital.gr','6971000147','2016-01-15','doctor'), (148,'17116500148','1965-11-17','Katerina','Nikolaou','emp148@hospital.gr','6971000148','2024-01-15','doctor'),
(149,'22129300149','1993-12-22','Eleni','Lekkas','emp149@hospital.gr','6971000149','2020-01-15','doctor'), (150,'20117100150','1971-11-20','Spyros','Karras','emp150@hospital.gr','6971000150','2024-01-15','doctor'), (151,'10127200151','1972-12-10','Andreas','Christodoulou','emp151@hospital.gr','6971000151','2017-06-01','nurse'), (152,'15118300152','1983-11-15','Sofia','Karagiannis','emp152@hospital.gr','6971000152','2019-06-01','nurse'),
(153,'14119500153','1995-11-14','Katerina','Oikonomou','emp153@hospital.gr','6971000153','2016-06-01','nurse'), (154,'19107200154','1972-10-19','Nikos','Papageorgiou','emp154@hospital.gr','6971000154','2022-06-01','nurse'), (155,'15128700155','1987-12-15','Anna','Vlachos','emp155@hospital.gr','6971000155','2015-06-01','nurse'), (156,'19108300156','1983-10-19','Katerina','Nikolaou','emp156@hospital.gr','6971000156','2023-06-01','nurse'),
(157,'17116900157','1969-11-17','Spyros','Makris','emp157@hospital.gr','6971000157','2017-06-01','nurse'), (158,'23127100158','1971-12-23','Giorgos','Nikolaou','emp158@hospital.gr','6971000158','2024-06-01','nurse'), (159,'20117000159','1970-11-20','Panagiotis','Zachariou','emp159@hospital.gr','6971000159','2022-06-01','nurse'), (160,'10106500160','1965-10-10','Panagiotis','Makris','emp160@hospital.gr','6971000160','2024-06-01','nurse'),
(161,'22109500161','1995-10-22','Panagiotis','Vlachos','emp161@hospital.gr','6971000161','2023-06-01','nurse'), (162,'28119100162','1991-11-28','Spyros','Karras','emp162@hospital.gr','6971000162','2016-06-01','nurse'), (163,'18108200163','1982-10-18','Spyros','Zachariou','emp163@hospital.gr','6971000163','2022-06-01','nurse'), (164,'10127600164','1976-12-10','Eleni','Lekkas','emp164@hospital.gr','6971000164','2018-06-01','nurse'),
(165,'27127000165','1970-12-27','Anna','Raptis','emp165@hospital.gr','6971000165','2022-06-01','nurse'), (166,'28119900166','1999-11-28','Aggeliki','Lekkas','emp166@hospital.gr','6971000166','2021-06-01','nurse'), (167,'17128100167','1981-12-17','Giorgos','Lekkas','emp167@hospital.gr','6971000167','2015-06-01','nurse'), (168,'17127000168','1970-12-17','Giannis','Alexiou','emp168@hospital.gr','6971000168','2016-06-01','nurse'),
(169,'28107700169','1977-10-28','Aggeliki','Karras','emp169@hospital.gr','6971000169','2024-06-01','nurse'), (170,'25107600170','1976-10-25','Eleni','Christodoulou','emp170@hospital.gr','6971000170','2019-06-01','nurse'), (171,'23119300171','1993-11-23','Eleni','Zachariou','emp171@hospital.gr','6971000171','2017-06-01','nurse'), (172,'19119400172','1994-11-19','Andreas','Karagiannis','emp172@hospital.gr','6971000172','2015-06-01','nurse'),
(173,'22116500173','1965-11-22','Georgia','Zachariou','emp173@hospital.gr','6971000173','2020-06-01','nurse'), (174,'14127000174','1970-12-14','Christos','Zachariou','emp174@hospital.gr','6971000174','2019-06-01','nurse'), (175,'10107400175','1974-10-10','Aggeliki','Christodoulou','emp175@hospital.gr','6971000175','2024-06-01','nurse'), (176,'16118700176','1987-11-16','Ioanna','Pappas','emp176@hospital.gr','6971000176','2023-06-01','nurse'),
(177,'26116600177','1966-11-26','Nikos','Lekkas','emp177@hospital.gr','6971000177','2022-06-01','nurse'), (178,'26127300178','1973-12-26','Sofia','Georgiou','emp178@hospital.gr','6971000178','2025-06-01','nurse'), (179,'26107800179','1978-10-26','Ioanna','Zachariou','emp179@hospital.gr','6971000179','2015-06-01','nurse'), (180,'20116800180','1968-11-20','Georgia','Christodoulou','emp180@hospital.gr','6971000180','2025-06-01','nurse'),
(181,'18118000181','1980-11-18','Eleni','Pappas','emp181@hospital.gr','6971000181','2020-06-01','nurse'), (182,'24118000182','1980-11-24','Giorgos','Raptis','emp182@hospital.gr','6971000182','2018-06-01','nurse'), (183,'20108900183','1989-10-20','Aggeliki','Raptis','emp183@hospital.gr','6971000183','2024-06-01','nurse'), (184,'27128000184','1980-12-27','Giorgos','Lekkas','emp184@hospital.gr','6971000184','2025-06-01','nurse'),
(185,'11108100185','1981-10-11','Aggeliki','Papadopoulos','emp185@hospital.gr','6971000185','2016-06-01','nurse'), (186,'22129500186','1995-12-22','Giorgos','Alexiou','emp186@hospital.gr','6971000186','2023-06-01','nurse'), (187,'21107500187','1975-10-21','Nikos','Raptis','emp187@hospital.gr','6971000187','2016-06-01','nurse'), (188,'18106600188','1966-10-18','Nikos','Papadopoulos','emp188@hospital.gr','6971000188','2021-06-01','nurse'),
(189,'18129200189','1992-12-18','Maria','Pappas','emp189@hospital.gr','6971000189','2024-06-01','nurse'), (190,'24119900190','1999-11-24','Georgia','Dimitriou','emp190@hospital.gr','6971000190','2022-06-01','nurse'), (191,'24128200191','1982-12-24','Kostas','Lekkas','emp191@hospital.gr','6971000191','2017-06-01','nurse'), (192,'15127000192','1970-12-15','Dimitra','Karagiannis','emp192@hospital.gr','6971000192','2024-06-01','nurse'),
(193,'26107400193','1974-10-26','Andreas','Papageorgiou','emp193@hospital.gr','6971000193','2023-06-01','nurse'), (194,'19108100194','1981-10-19','Panagiotis','Karras','emp194@hospital.gr','6971000194','2025-06-01','nurse'), (195,'10108900195','1989-10-10','Giannis','Raptis','emp195@hospital.gr','6971000195','2016-06-01','nurse'), (196,'26118500196','1985-11-26','Andreas','Makris','emp196@hospital.gr','6971000196','2016-06-01','nurse'),
(197,'25107900197','1979-10-25','Andreas','Papadopoulos','emp197@hospital.gr','6971000197','2019-06-01','nurse'), (198,'16126600198','1966-12-16','Nikos','Zachariou','emp198@hospital.gr','6971000198','2017-06-01','nurse'), (199,'27129000199','1990-12-27','Anna','Zachariou','emp199@hospital.gr','6971000199','2017-06-01','nurse'), (200,'10129100200','1991-12-10','Dimitra','Papageorgiou','emp200@hospital.gr','6971000200','2024-06-01','nurse'),
(201,'15107000201','1970-10-15','Eleni','Oikonomou','emp201@hospital.gr','6971000201','2023-06-01','nurse'), (202,'19117200202','1972-11-19','Georgia','Lekkas','emp202@hospital.gr','6971000202','2025-06-01','nurse'), (203,'23118600203','1986-11-23','Katerina','Papadopoulos','emp203@hospital.gr','6971000203','2018-06-01','nurse'), (204,'14127700204','1977-12-14','Thanasis','Karras','emp204@hospital.gr','6971000204','2019-06-01','nurse'),
(205,'27119700205','1997-11-27','Anna','Vlachos','emp205@hospital.gr','6971000205','2017-06-01','nurse'), (206,'24128700206','1987-12-24','Eleni','Nikolaou','emp206@hospital.gr','6971000206','2023-06-01','nurse'), (207,'28108000207','1980-10-28','Sofia','Karagiannis','emp207@hospital.gr','6971000207','2018-06-01','nurse'), (208,'19108400208','1984-10-19','Kostas','Georgiou','emp208@hospital.gr','6971000208','2017-06-01','nurse'),
(209,'19118900209','1989-11-19','Dimitris','Papageorgiou','emp209@hospital.gr','6971000209','2023-06-01','nurse'), (210,'26128000210','1980-12-26','Kostas','Pappas','emp210@hospital.gr','6971000210','2020-06-01','nurse'), (211,'24116900211','1969-11-24','Kostas','Makris','emp211@hospital.gr','6971000211','2017-06-01','nurse'), (212,'23108700212','1987-10-23','Dimitra','Lekkas','emp212@hospital.gr','6971000212','2019-06-01','nurse'),
(213,'18128400213','1984-12-18','Giorgos','Kontos','emp213@hospital.gr','6971000213','2021-06-01','nurse'), (214,'11108400214','1984-10-11','Katerina','Makris','emp214@hospital.gr','6971000214','2024-06-01','nurse'), (215,'16108300215','1983-10-16','Sofia','Karagiannis','emp215@hospital.gr','6971000215','2017-06-01','nurse'), (216,'24119300216','1993-11-24','Anna','Papageorgiou','emp216@hospital.gr','6971000216','2019-06-01','nurse'),
(217,'12129400217','1994-12-12','Anna','Makris','emp217@hospital.gr','6971000217','2018-06-01','nurse'), (218,'23127600218','1976-12-23','Giannis','Vlachos','emp218@hospital.gr','6971000218','2022-06-01','nurse'), (219,'10118700219','1987-11-10','Anna','Makris','emp219@hospital.gr','6971000219','2020-06-01','nurse'), (220,'28118400220','1984-11-28','Panagiotis','Lekkas','emp220@hospital.gr','6971000220','2017-06-01','nurse'),
(221,'18106600221','1966-10-18','Andreas','Christodoulou','emp221@hospital.gr','6971000221','2019-06-01','nurse'), (222,'21128700222','1987-12-21','Giorgos','Pappas','emp222@hospital.gr','6971000222','2021-06-01','nurse'), (223,'21118800223','1988-11-21','Panagiotis','Karras','emp223@hospital.gr','6971000223','2017-06-01','nurse'), (224,'28107100224','1971-10-28','Maria','Dimitriou','emp224@hospital.gr','6971000224','2016-06-01','nurse'),
(225,'28126600225','1966-12-28','Dimitris','Pappas','emp225@hospital.gr','6971000225','2024-06-01','nurse'), (226,'10108000226','1980-10-10','Georgia','Papageorgiou','emp226@hospital.gr','6971000226','2024-06-01','nurse'), (227,'11109200227','1992-10-11','Giannis','Makris','emp227@hospital.gr','6971000227','2022-06-01','nurse'), (228,'11128300228','1983-12-11','Aggeliki','Kontos','emp228@hospital.gr','6971000228','2015-06-01','nurse'),
(229,'10127500229','1975-12-10','Thanasis','Papadopoulos','emp229@hospital.gr','6971000229','2018-06-01','nurse'), (230,'17128100230','1981-12-17','Eleni','Vlachos','emp230@hospital.gr','6971000230','2016-06-01','nurse'), (231,'16108000231','1980-10-16','Dimitra','Dimitriou','emp231@hospital.gr','6971000231','2025-06-01','nurse'), (232,'25117800232','1978-11-25','Andreas','Karras','emp232@hospital.gr','6971000232','2015-06-01','nurse'),
(233,'20109100233','1991-10-20','Dimitris','Kontos','emp233@hospital.gr','6971000233','2025-06-01','nurse'), (234,'26109800234','1998-10-26','Maria','Papadopoulos','emp234@hospital.gr','6971000234','2020-06-01','nurse'), (235,'25129000235','1990-12-25','Maria','Oikonomou','emp235@hospital.gr','6971000235','2025-06-01','nurse'), (236,'22127300236','1973-12-22','Kostas','Raptis','emp236@hospital.gr','6971000236','2020-06-01','nurse'),
(237,'10128700237','1987-12-10','Sofia','Vlachos','emp237@hospital.gr','6971000237','2025-06-01','nurse'), (238,'20109300238','1993-10-20','Thanasis','Karagiannis','emp238@hospital.gr','6971000238','2020-06-01','nurse'), (239,'25109300239','1993-10-25','Thanasis','Alexiou','emp239@hospital.gr','6971000239','2022-06-01','nurse'), (240,'14119400240','1994-11-14','Giorgos','Raptis','emp240@hospital.gr','6971000240','2017-06-01','nurse'),
(241,'13107900241','1979-10-13','Spyros','Georgiou','emp241@hospital.gr','6971000241','2016-06-01','nurse'), (242,'10108300242','1983-10-10','Katerina','Karagiannis','emp242@hospital.gr','6971000242','2018-06-01','nurse'), (243,'25128500243','1985-12-25','Dimitris','Nikolaou','emp243@hospital.gr','6971000243','2018-06-01','nurse'), (244,'18127300244','1973-12-18','Andreas','Nikolaou','emp244@hospital.gr','6971000244','2020-06-01','nurse'),
(245,'28109200245','1992-10-28','Thanasis','Dimitriou','emp245@hospital.gr','6971000245','2015-06-01','nurse'), (246,'20109900246','1999-10-20','Nikos','Makris','emp246@hospital.gr','6971000246','2025-06-01','nurse'), (247,'26117600247','1976-11-26','Anna','Karras','emp247@hospital.gr','6971000247','2015-06-01','nurse'), (248,'14108200248','1982-10-14','Giorgos','Papadopoulos','emp248@hospital.gr','6971000248','2018-06-01','nurse'),
(249,'14128600249','1986-12-14','Giorgos','Papadopoulos','emp249@hospital.gr','6971000249','2023-06-01','nurse'), (250,'19117700250','1977-11-19','Vasiliki','Lekkas','emp250@hospital.gr','6971000250','2025-06-01','nurse'), (251,'24128100251','1981-12-24','Vasiliki','Karras','emp251@hospital.gr','6971000251','2021-06-01','nurse'), (252,'20108900252','1989-10-20','Thanasis','Dimitriou','emp252@hospital.gr','6971000252','2022-06-01','nurse'),
(253,'18107100253','1971-10-18','Spyros','Lekkas','emp253@hospital.gr','6971000253','2024-06-01','nurse'), (254,'18129900254','1999-12-18','Panagiotis','Raptis','emp254@hospital.gr','6971000254','2017-06-01','nurse'), (255,'10127600255','1976-12-10','Nikos','Nikolaou','emp255@hospital.gr','6971000255','2015-06-01','nurse'), (256,'12116900256','1969-11-12','Dimitra','Kontos','emp256@hospital.gr','6971000256','2015-06-01','nurse'),
(257,'27127400257','1974-12-27','Aggeliki','Lekkas','emp257@hospital.gr','6971000257','2022-06-01','nurse'), (258,'22108700258','1987-10-22','Eleni','Pappas','emp258@hospital.gr','6971000258','2020-06-01','nurse'), (259,'15119700259','1997-11-15','Sofia','Kontos','emp259@hospital.gr','6971000259','2025-06-01','nurse'), (260,'14108600260','1986-10-14','Anna','Zachariou','emp260@hospital.gr','6971000260','2024-06-01','nurse'),
(261,'13119500261','1995-11-13','Dimitra','Papadopoulos','emp261@hospital.gr','6971000261','2023-06-01','nurse'), (262,'17129500262','1995-12-17','Thanasis','Christodoulou','emp262@hospital.gr','6971000262','2018-06-01','nurse'), (263,'19129100263','1991-12-19','Dimitris','Karagiannis','emp263@hospital.gr','6971000263','2023-06-01','nurse'), (264,'20118200264','1982-11-20','Georgia','Karras','emp264@hospital.gr','6971000264','2015-06-01','nurse'),
(265,'23129500265','1995-12-23','Giannis','Karagiannis','emp265@hospital.gr','6971000265','2016-06-01','nurse'), (266,'13129900266','1999-12-13','Maria','Papageorgiou','emp266@hospital.gr','6971000266','2025-06-01','nurse'), (267,'14118700267','1987-11-14','Dimitra','Alexiou','emp267@hospital.gr','6971000267','2016-06-01','nurse'), (268,'10118700268','1987-11-10','Dimitra','Nikolaou','emp268@hospital.gr','6971000268','2025-06-01','nurse'),
(269,'11126800269','1968-12-11','Dimitra','Christodoulou','emp269@hospital.gr','6971000269','2024-06-01','nurse'), (270,'25126800270','1968-12-25','Dimitris','Karagiannis','emp270@hospital.gr','6971000270','2018-06-01','nurse'), (271,'12109900271','1999-10-12','Thanasis','Christodoulou','emp271@hospital.gr','6971000271','2025-06-01','nurse'), (272,'21108500272','1985-10-21','Ioanna','Vlachos','emp272@hospital.gr','6971000272','2019-06-01','nurse'),
(273,'15116900273','1969-11-15','Katerina','Georgiou','emp273@hospital.gr','6971000273','2015-06-01','nurse'), (274,'25107300274','1973-10-25','Aggeliki','Kontos','emp274@hospital.gr','6971000274','2020-06-01','nurse'), (275,'21109500275','1995-10-21','Thanasis','Dimitriou','emp275@hospital.gr','6971000275','2016-06-01','nurse'), (276,'21129700276','1997-12-21','Spyros','Makris','emp276@hospital.gr','6971000276','2020-06-01','nurse'),
(277,'17126800277','1968-12-17','Andreas','Pappas','emp277@hospital.gr','6971000277','2019-06-01','nurse'), (278,'19106800278','1968-10-19','Andreas','Karagiannis','emp278@hospital.gr','6971000278','2018-06-01','nurse'), (279,'13117700279','1977-11-13','Dimitra','Karagiannis','emp279@hospital.gr','6971000279','2025-06-01','nurse'), (280,'28117400280','1974-11-28','Spyros','Kontos','emp280@hospital.gr','6971000280','2025-06-01','nurse'),
(281,'18126700281','1967-12-18','Panagiotis','Georgiou','emp281@hospital.gr','6971000281','2025-06-01','nurse'), (282,'19127600282','1976-12-19','Eleni','Makris','emp282@hospital.gr','6971000282','2023-06-01','nurse'), (283,'22119900283','1999-11-22','Christos','Alexiou','emp283@hospital.gr','6971000283','2025-06-01','nurse'), (284,'22106700284','1967-10-22','Katerina','Christodoulou','emp284@hospital.gr','6971000284','2019-06-01','nurse'),
(285,'20107600285','1976-10-20','Dimitra','Oikonomou','emp285@hospital.gr','6971000285','2023-06-01','nurse'), (286,'26107000286','1970-10-26','Kostas','Alexiou','emp286@hospital.gr','6971000286','2015-06-01','nurse'), (287,'25107500287','1975-10-25','Katerina','Dimitriou','emp287@hospital.gr','6971000287','2021-06-01','nurse'), (288,'19118300288','1983-11-19','Nikos','Georgiou','emp288@hospital.gr','6971000288','2025-06-01','nurse'),
(289,'21126800289','1968-12-21','Christos','Georgiou','emp289@hospital.gr','6971000289','2023-06-01','nurse'), (290,'15128400290','1984-12-15','Sofia','Christodoulou','emp290@hospital.gr','6971000290','2018-06-01','nurse'), (291,'28107100291','1971-10-28','Nikos','Dimitriou','emp291@hospital.gr','6971000291','2024-06-01','nurse'), (292,'11128100292','1981-12-11','Eleni','Pappas','emp292@hospital.gr','6971000292','2025-06-01','nurse'),
(293,'26129400293','1994-12-26','Nikos','Oikonomou','emp293@hospital.gr','6971000293','2024-06-01','nurse'), (294,'26108100294','1981-10-26','Katerina','Zachariou','emp294@hospital.gr','6971000294','2025-06-01','nurse'), (295,'14118000295','1980-11-14','Anna','Karras','emp295@hospital.gr','6971000295','2020-06-01','nurse'), (296,'14109200296','1992-10-14','Eleni','Makris','emp296@hospital.gr','6971000296','2020-06-01','nurse'),
(297,'17127500297','1975-12-17','Vasiliki','Vlachos','emp297@hospital.gr','6971000297','2015-06-01','nurse'), (298,'28108300298','1983-10-28','Spyros','Vlachos','emp298@hospital.gr','6971000298','2021-06-01','nurse'), (299,'26129800299','1998-12-26','Andreas','Pappas','emp299@hospital.gr','6971000299','2016-06-01','nurse'), (300,'25118800300','1988-11-25','Katerina','Nikolaou','emp300@hospital.gr','6971000300','2017-06-01','nurse'),
(301,'11109500301','1995-10-11','Anna','Christodoulou','emp301@hospital.gr','6971000301','2018-06-01','nurse'), (302,'21116900302','1969-11-21','Sofia','Makris','emp302@hospital.gr','6971000302','2015-06-01','nurse'), (303,'16127000303','1970-12-16','Ioanna','Georgiou','emp303@hospital.gr','6971000303','2024-06-01','nurse'), (304,'19118200304','1982-11-19','Sofia','Oikonomou','emp304@hospital.gr','6971000304','2025-06-01','nurse'),
(305,'26117800305','1978-11-26','Andreas','Georgiou','emp305@hospital.gr','6971000305','2022-06-01','nurse'), (306,'16108300306','1983-10-16','Eleni','Papadopoulos','emp306@hospital.gr','6971000306','2023-06-01','nurse'), (307,'23109900307','1999-10-23','Nikos','Nikolaou','emp307@hospital.gr','6971000307','2020-06-01','nurse'), (308,'13129800308','1998-12-13','Dimitra','Dimitriou','emp308@hospital.gr','6971000308','2019-06-01','nurse'),
(309,'17116700309','1967-11-17','Ioanna','Karras','emp309@hospital.gr','6971000309','2018-06-01','nurse'), (310,'23128300310','1983-12-23','Georgia','Papadopoulos','emp310@hospital.gr','6971000310','2019-06-01','nurse'), (311,'28129100311','1991-12-28','Panagiotis','Vlachos','emp311@hospital.gr','6971000311','2017-06-01','nurse'), (312,'10109100312','1991-10-10','Katerina','Christodoulou','emp312@hospital.gr','6971000312','2024-06-01','nurse'),
(313,'10119400313','1994-11-10','Sofia','Dimitriou','emp313@hospital.gr','6971000313','2025-06-01','nurse'), (314,'19107800314','1978-10-19','Eleni','Lekkas','emp314@hospital.gr','6971000314','2023-06-01','nurse'), (315,'27127800315','1978-12-27','Christos','Lekkas','emp315@hospital.gr','6971000315','2024-06-01','nurse'), (316,'18128900316','1989-12-18','Giannis','Alexiou','emp316@hospital.gr','6971000316','2024-06-01','nurse'),
(317,'20106900317','1969-10-20','Spyros','Alexiou','emp317@hospital.gr','6971000317','2021-06-01','nurse'), (318,'19128500318','1985-12-19','Giannis','Raptis','emp318@hospital.gr','6971000318','2017-06-01','nurse'), (319,'20129100319','1991-12-20','Kostas','Oikonomou','emp319@hospital.gr','6971000319','2025-06-01','nurse'), (320,'12108600320','1986-10-12','Vasiliki','Lekkas','emp320@hospital.gr','6971000320','2017-06-01','nurse'),
(321,'16116700321','1967-11-16','Andreas','Raptis','emp321@hospital.gr','6971000321','2021-06-01','nurse'), (322,'25108100322','1981-10-25','Giannis','Vlachos','emp322@hospital.gr','6971000322','2023-06-01','nurse'), (323,'20119100323','1991-11-20','Maria','Alexiou','emp323@hospital.gr','6971000323','2021-06-01','nurse'), (324,'18117300324','1973-11-18','Spyros','Zachariou','emp324@hospital.gr','6971000324','2025-06-01','nurse'),
(325,'22118500325','1985-11-22','Maria','Alexiou','emp325@hospital.gr','6971000325','2016-06-01','nurse'), (326,'23109000326','1990-10-23','Giannis','Georgiou','emp326@hospital.gr','6971000326','2019-06-01','nurse'), (327,'22129300327','1993-12-22','Christos','Vlachos','emp327@hospital.gr','6971000327','2018-06-01','nurse'), (328,'15107700328','1977-10-15','Giannis','Nikolaou','emp328@hospital.gr','6971000328','2019-06-01','nurse'),
(329,'27129400329','1994-12-27','Nikos','Papageorgiou','emp329@hospital.gr','6971000329','2025-06-01','nurse'), (330,'14126700330','1967-12-14','Thanasis','Pappas','emp330@hospital.gr','6971000330','2017-06-01','nurse'), (331,'13128600331','1986-12-13','Katerina','Papageorgiou','emp331@hospital.gr','6971000331','2025-06-01','nurse'), (332,'27118400332','1984-11-27','Aggeliki','Nikolaou','emp332@hospital.gr','6971000332','2023-06-01','nurse'),
(333,'11108900333','1989-10-11','Giorgos','Karras','emp333@hospital.gr','6971000333','2021-06-01','nurse'), (334,'19127200334','1972-12-19','Kostas','Lekkas','emp334@hospital.gr','6971000334','2019-06-01','nurse'), (335,'25119800335','1998-11-25','Andreas','Zachariou','emp335@hospital.gr','6971000335','2024-06-01','nurse'), (336,'15129400336','1994-12-15','Christos','Lekkas','emp336@hospital.gr','6971000336','2017-06-01','nurse'),
(337,'15109900337','1999-10-15','Sofia','Christodoulou','emp337@hospital.gr','6971000337','2019-06-01','nurse'), (338,'16128500338','1985-12-16','Eleni','Vlachos','emp338@hospital.gr','6971000338','2019-06-01','nurse'), (339,'21127600339','1976-12-21','Sofia','Alexiou','emp339@hospital.gr','6971000339','2015-06-01','nurse'), (340,'10129500340','1995-12-10','Kostas','Dimitriou','emp340@hospital.gr','6971000340','2019-06-01','nurse'),
(341,'18117900341','1979-11-18','Giannis','Karras','emp341@hospital.gr','6971000341','2021-06-01','nurse'), (342,'19107500342','1975-10-19','Spyros','Oikonomou','emp342@hospital.gr','6971000342','2019-06-01','nurse'), (343,'19126900343','1969-12-19','Thanasis','Raptis','emp343@hospital.gr','6971000343','2019-06-01','nurse'), (344,'11127400344','1974-12-11','Christos','Kontos','emp344@hospital.gr','6971000344','2019-06-01','nurse'),
(345,'19118000345','1980-11-19','Eleni','Papageorgiou','emp345@hospital.gr','6971000345','2018-06-01','nurse'), (346,'12107800346','1978-10-12','Dimitris','Georgiou','emp346@hospital.gr','6971000346','2018-06-01','nurse'), (347,'12107500347','1975-10-12','Nikos','Kontos','emp347@hospital.gr','6971000347','2016-06-01','nurse'), (348,'17109400348','1994-10-17','Anna','Papadopoulos','emp348@hospital.gr','6971000348','2018-06-01','nurse'),
(349,'19117900349','1979-11-19','Eleni','Kontos','emp349@hospital.gr','6971000349','2025-06-01','nurse'), (350,'27119200350','1992-11-27','Eleni','Kontos','emp350@hospital.gr','6971000350','2021-06-01','nurse'), (351,'25107700351','1977-10-25','Giorgos','Zachariou','emp351@hospital.gr','6971000351','2021-06-01','nurse'), (352,'25107700352','1977-10-25','Dimitra','Karagiannis','emp352@hospital.gr','6971000352','2020-06-01','nurse'),
(353,'21106800353','1968-10-21','Kostas','Oikonomou','emp353@hospital.gr','6971000353','2015-06-01','nurse'), (354,'24119000354','1990-11-24','Vasiliki','Zachariou','emp354@hospital.gr','6971000354','2016-06-01','nurse'), (355,'15118300355','1983-11-15','Thanasis','Papageorgiou','emp355@hospital.gr','6971000355','2022-06-01','nurse'), (356,'20129300356','1993-12-20','Sofia','Raptis','emp356@hospital.gr','6971000356','2025-06-01','nurse'),
(357,'12116800357','1968-11-12','Nikos','Georgiou','emp357@hospital.gr','6971000357','2025-06-01','nurse'), (358,'15118800358','1988-11-15','Vasiliki','Zachariou','emp358@hospital.gr','6971000358','2021-06-01','nurse'), (359,'28116800359','1968-11-28','Kostas','Georgiou','emp359@hospital.gr','6971000359','2022-06-01','nurse'), (360,'13128600360','1986-12-13','Vasiliki','Vlachos','emp360@hospital.gr','6971000360','2018-06-01','nurse'),
(361,'17116500361','1965-11-17','Dimitra','Nikolaou','emp361@hospital.gr','6971000361','2023-06-01','nurse'), (362,'23119100362','1991-11-23','Andreas','Nikolaou','emp362@hospital.gr','6971000362','2025-06-01','nurse'), (363,'27109000363','1990-10-27','Vasiliki','Vlachos','emp363@hospital.gr','6971000363','2025-06-01','nurse'), (364,'14129900364','1999-12-14','Aggeliki','Christodoulou','emp364@hospital.gr','6971000364','2025-06-01','nurse'),
(365,'18117300365','1973-11-18','Andreas','Karagiannis','emp365@hospital.gr','6971000365','2024-06-01','nurse'), (366,'15107400366','1974-10-15','Sofia','Lekkas','emp366@hospital.gr','6971000366','2022-06-01','nurse'), (367,'28107100367','1971-10-28','Christos','Karagiannis','emp367@hospital.gr','6971000367','2016-06-01','nurse'), (368,'13128000368','1980-12-13','Giorgos','Dimitriou','emp368@hospital.gr','6971000368','2021-06-01','nurse'),
(369,'19107000369','1970-10-19','Dimitris','Pappas','emp369@hospital.gr','6971000369','2016-06-01','nurse'), (370,'27116800370','1968-11-27','Giannis','Lekkas','emp370@hospital.gr','6971000370','2019-06-01','nurse'), (371,'11117700371','1977-11-11','Nikos','Pappas','emp371@hospital.gr','6971000371','2016-06-01','nurse'), (372,'20109400372','1994-10-20','Giannis','Dimitriou','emp372@hospital.gr','6971000372','2018-06-01','nurse'),
(373,'22107200373','1972-10-22','Nikos','Karras','emp373@hospital.gr','6971000373','2016-06-01','nurse'), (374,'12116500374','1965-11-12','Thanasis','Vlachos','emp374@hospital.gr','6971000374','2018-06-01','nurse'), (375,'16128000375','1980-12-16','Eleni','Dimitriou','emp375@hospital.gr','6971000375','2017-06-01','nurse'), (376,'11107300376','1973-10-11','Andreas','Georgiou','emp376@hospital.gr','6971000376','2017-06-01','nurse'),
(377,'26106700377','1967-10-26','Aggeliki','Oikonomou','emp377@hospital.gr','6971000377','2018-06-01','nurse'), (378,'19128100378','1981-12-19','Aggeliki','Kontos','emp378@hospital.gr','6971000378','2017-06-01','nurse'), (379,'11119500379','1995-11-11','Panagiotis','Vlachos','emp379@hospital.gr','6971000379','2015-06-01','nurse'), (380,'12107300380','1973-10-12','Eleni','Kontos','emp380@hospital.gr','6971000380','2019-06-01','nurse'),
(381,'21106800381','1968-10-21','Sofia','Papageorgiou','emp381@hospital.gr','6971000381','2025-06-01','nurse'), (382,'26127800382','1978-12-26','Anna','Papadopoulos','emp382@hospital.gr','6971000382','2022-06-01','nurse'), (383,'12129000383','1990-12-12','Sofia','Vlachos','emp383@hospital.gr','6971000383','2022-06-01','nurse'), (384,'19118100384','1981-11-19','Georgia','Zachariou','emp384@hospital.gr','6971000384','2018-06-01','nurse'),
(385,'13109000385','1990-10-13','Kostas','Vlachos','emp385@hospital.gr','6971000385','2019-06-01','nurse'), (386,'16108300386','1983-10-16','Maria','Kontos','emp386@hospital.gr','6971000386','2019-06-01','nurse'), (387,'24117600387','1976-11-24','Andreas','Georgiou','emp387@hospital.gr','6971000387','2015-06-01','nurse'), (388,'10109800388','1998-10-10','Anna','Vlachos','emp388@hospital.gr','6971000388','2025-06-01','nurse'),
(389,'15129300389','1993-12-15','Spyros','Vlachos','emp389@hospital.gr','6971000389','2024-06-01','nurse'), (390,'27109000390','1990-10-27','Christos','Christodoulou','emp390@hospital.gr','6971000390','2018-06-01','nurse'), (391,'25118800391','1988-11-25','Dimitra','Nikolaou','emp391@hospital.gr','6971000391','2024-06-01','nurse'), (392,'12117200392','1972-11-12','Dimitris','Papadopoulos','emp392@hospital.gr','6971000392','2020-06-01','nurse'),
(393,'20126900393','1969-12-20','Maria','Vlachos','emp393@hospital.gr','6971000393','2016-06-01','nurse'), (394,'10107000394','1970-10-10','Thanasis','Vlachos','emp394@hospital.gr','6971000394','2020-06-01','nurse'), (395,'27117600395','1976-11-27','Katerina','Georgiou','emp395@hospital.gr','6971000395','2025-06-01','nurse'), (396,'11127500396','1975-12-11','Vasiliki','Raptis','emp396@hospital.gr','6971000396','2021-06-01','nurse'),
(397,'12117800397','1978-11-12','Ioanna','Raptis','emp397@hospital.gr','6971000397','2019-06-01','nurse'), (398,'17109400398','1994-10-17','Kostas','Karras','emp398@hospital.gr','6971000398','2017-06-01','nurse'), (399,'15108800399','1988-10-15','Thanasis','Karras','emp399@hospital.gr','6971000399','2019-06-01','nurse'), (400,'18116600400','1966-11-18','Spyros','Karagiannis','emp400@hospital.gr','6971000400','2016-06-01','nurse'),
(401,'18118600401','1986-11-18','Dimitra','Raptis','emp401@hospital.gr','6971000401','2016-06-01','nurse'), (402,'27127700402','1977-12-27','Dimitris','Zachariou','emp402@hospital.gr','6971000402','2021-06-01','nurse'), (403,'18128900403','1989-12-18','Giannis','Kontos','emp403@hospital.gr','6971000403','2016-06-01','nurse'), (404,'18118300404','1983-11-18','Panagiotis','Lekkas','emp404@hospital.gr','6971000404','2023-06-01','nurse'),
(405,'12116700405','1967-11-12','Aggeliki','Zachariou','emp405@hospital.gr','6971000405','2017-06-01','nurse'), (406,'16128300406','1983-12-16','Nikos','Pappas','emp406@hospital.gr','6971000406','2023-06-01','nurse'), (407,'19109600407','1996-10-19','Andreas','Pappas','emp407@hospital.gr','6971000407','2017-06-01','nurse'), (408,'16127700408','1977-12-16','Giannis','Georgiou','emp408@hospital.gr','6971000408','2022-06-01','nurse'),
(409,'14118900409','1989-11-14','Eleni','Pappas','emp409@hospital.gr','6971000409','2025-06-01','nurse'), (410,'26119200410','1992-11-26','Dimitris','Georgiou','emp410@hospital.gr','6971000410','2025-06-01','nurse'), (411,'19127900411','1979-12-19','Andreas','Oikonomou','emp411@hospital.gr','6971000411','2023-06-01','nurse'), (412,'19118800412','1988-11-19','Giorgos','Vlachos','emp412@hospital.gr','6971000412','2025-06-01','nurse'),
(413,'11118200413','1982-11-11','Thanasis','Papadopoulos','emp413@hospital.gr','6971000413','2024-06-01','nurse'), (414,'14118200414','1982-11-14','Giorgos','Pappas','emp414@hospital.gr','6971000414','2018-06-01','nurse'), (415,'26106900415','1969-10-26','Eleni','Papageorgiou','emp415@hospital.gr','6971000415','2020-06-01','nurse'), (416,'23108900416','1989-10-23','Maria','Lekkas','emp416@hospital.gr','6971000416','2016-06-01','nurse'),
(417,'16129400417','1994-12-16','Vasiliki','Raptis','emp417@hospital.gr','6971000417','2025-06-01','nurse'), (418,'15108600418','1986-10-15','Kostas','Vlachos','emp418@hospital.gr','6971000418','2019-06-01','nurse'), (419,'23118800419','1988-11-23','Andreas','Papageorgiou','emp419@hospital.gr','6971000419','2016-06-01','nurse'), (420,'10108900420','1989-10-10','Ioanna','Nikolaou','emp420@hospital.gr','6971000420','2016-06-01','nurse'),
(421,'20107200421','1972-10-20','Georgia','Alexiou','emp421@hospital.gr','6971000421','2015-06-01','nurse'), (422,'15106500422','1965-10-15','Thanasis','Papageorgiou','emp422@hospital.gr','6971000422','2019-06-01','nurse'), (423,'18107000423','1970-10-18','Katerina','Pappas','emp423@hospital.gr','6971000423','2020-06-01','nurse'), (424,'28128500424','1985-12-28','Eleni','Kontos','emp424@hospital.gr','6971000424','2025-06-01','nurse'),
(425,'20129600425','1996-12-20','Nikos','Karagiannis','emp425@hospital.gr','6971000425','2017-06-01','nurse'), (426,'14129900426','1999-12-14','Anna','Makris','emp426@hospital.gr','6971000426','2020-06-01','nurse'), (427,'12119700427','1997-11-12','Dimitra','Pappas','emp427@hospital.gr','6971000427','2015-06-01','nurse'), (428,'15128500428','1985-12-15','Andreas','Pappas','emp428@hospital.gr','6971000428','2020-06-01','nurse'),
(429,'16118800429','1988-11-16','Kostas','Dimitriou','emp429@hospital.gr','6971000429','2015-06-01','nurse'), (430,'10117100430','1971-11-10','Vasiliki','Alexiou','emp430@hospital.gr','6971000430','2015-06-01','nurse'), (431,'22128200431','1982-12-22','Maria','Georgiou','emp431@hospital.gr','6971000431','2024-06-01','nurse'), (432,'13107100432','1971-10-13','Nikos','Kontos','emp432@hospital.gr','6971000432','2023-06-01','nurse'),
(433,'27128700433','1987-12-27','Christos','Oikonomou','emp433@hospital.gr','6971000433','2017-06-01','nurse'), (434,'22107400434','1974-10-22','Nikos','Karras','emp434@hospital.gr','6971000434','2021-06-01','nurse'), (435,'19128700435','1987-12-19','Kostas','Lekkas','emp435@hospital.gr','6971000435','2018-06-01','nurse'), (436,'14119000436','1990-11-14','Vasiliki','Alexiou','emp436@hospital.gr','6971000436','2022-06-01','nurse'),
(437,'16109000437','1990-10-16','Kostas','Karagiannis','emp437@hospital.gr','6971000437','2020-06-01','nurse'), (438,'28107000438','1970-10-28','Andreas','Dimitriou','emp438@hospital.gr','6971000438','2023-06-01','nurse'), (439,'21109800439','1998-10-21','Spyros','Zachariou','emp439@hospital.gr','6971000439','2016-06-01','nurse'), (440,'23118100440','1981-11-23','Spyros','Alexiou','emp440@hospital.gr','6971000440','2024-06-01','nurse'),
(441,'16127800441','1978-12-16','Spyros','Lekkas','emp441@hospital.gr','6971000441','2025-06-01','nurse'), (442,'13106500442','1965-10-13','Nikos','Papadopoulos','emp442@hospital.gr','6971000442','2022-06-01','nurse'), (443,'23117300443','1973-11-23','Giorgos','Georgiou','emp443@hospital.gr','6971000443','2015-06-01','nurse'), (444,'26116700444','1967-11-26','Giorgos','Zachariou','emp444@hospital.gr','6971000444','2023-06-01','nurse'),
(445,'15108300445','1983-10-15','Andreas','Nikolaou','emp445@hospital.gr','6971000445','2016-06-01','nurse'), (446,'12107400446','1974-10-12','Eleni','Alexiou','emp446@hospital.gr','6971000446','2018-06-01','nurse'), (447,'27128200447','1982-12-27','Aggeliki','Dimitriou','emp447@hospital.gr','6971000447','2023-06-01','nurse'), (448,'25108900448','1989-10-25','Eleni','Lekkas','emp448@hospital.gr','6971000448','2016-06-01','nurse'),
(449,'23126500449','1965-12-23','Dimitris','Pappas','emp449@hospital.gr','6971000449','2015-06-01','nurse'), (450,'23129400450','1994-12-23','Eleni','Oikonomou','emp450@hospital.gr','6971000450','2018-06-01','nurse'), (451,'17108700451','1987-10-17','Nikos','Alexiou','emp451@hospital.gr','6971000451','2013-09-15','administrative_staff'), (452,'24117400452','1974-11-24','Christos','Georgiou','emp452@hospital.gr','6971000452','2013-09-15','administrative_staff'),
(453,'18119800453','1998-11-18','Dimitris','Zachariou','emp453@hospital.gr','6971000453','2013-09-15','administrative_staff'), (454,'21117000454','1970-11-21','Georgia','Zachariou','emp454@hospital.gr','6971000454','2014-09-15','administrative_staff'), (455,'22126500455','1965-12-22','Aggeliki','Kontos','emp455@hospital.gr','6971000455','2014-09-15','administrative_staff'), (456,'20128500456','1985-12-20','Dimitris','Christodoulou','emp456@hospital.gr','6971000456','2013-09-15','administrative_staff'),
(457,'28129100457','1991-12-28','Giannis','Alexiou','emp457@hospital.gr','6971000457','2014-09-15','administrative_staff'), (458,'23108700458','1987-10-23','Nikos','Pappas','emp458@hospital.gr','6971000458','2018-09-15','administrative_staff'), (459,'11118400459','1984-11-11','Vasiliki','Kontos','emp459@hospital.gr','6971000459','2024-09-15','administrative_staff'), (460,'13119100460','1991-11-13','Dimitra','Georgiou','emp460@hospital.gr','6971000460','2023-09-15','administrative_staff'),
(461,'14118900461','1989-11-14','Christos','Papadopoulos','emp461@hospital.gr','6971000461','2013-09-15','administrative_staff'), (462,'23117100462','1971-11-23','Dimitra','Lekkas','emp462@hospital.gr','6971000462','2018-09-15','administrative_staff'), (463,'12129100463','1991-12-12','Christos','Vlachos','emp463@hospital.gr','6971000463','2020-09-15','administrative_staff'), (464,'14117700464','1977-11-14','Georgia','Alexiou','emp464@hospital.gr','6971000464','2023-09-15','administrative_staff'),
(465,'18107500465','1975-10-18','Anna','Makris','emp465@hospital.gr','6971000465','2023-09-15','administrative_staff'), (466,'18107400466','1974-10-18','Giannis','Karagiannis','emp466@hospital.gr','6971000466','2023-09-15','administrative_staff'), (467,'10116700467','1967-11-10','Georgia','Vlachos','emp467@hospital.gr','6971000467','2021-09-15','administrative_staff'), (468,'14106600468','1966-10-14','Aggeliki','Pappas','emp468@hospital.gr','6971000468','2025-09-15','administrative_staff'),
(469,'28127500469','1975-12-28','Giorgos','Nikolaou','emp469@hospital.gr','6971000469','2023-09-15','administrative_staff'), (470,'11118800470','1988-11-11','Anna','Papadopoulos','emp470@hospital.gr','6971000470','2016-09-15','administrative_staff'), (471,'12127900471','1979-12-12','Anna','Papageorgiou','emp471@hospital.gr','6971000471','2015-09-15','administrative_staff'), (472,'27119600472','1996-11-27','Dimitris','Karras','emp472@hospital.gr','6971000472','2017-09-15','administrative_staff'),
(473,'13109500473','1995-10-13','Anna','Alexiou','emp473@hospital.gr','6971000473','2020-09-15','administrative_staff'), (474,'16128100474','1981-12-16','Christos','Karagiannis','emp474@hospital.gr','6971000474','2021-09-15','administrative_staff'), (475,'28118300475','1983-11-28','Georgia','Zachariou','emp475@hospital.gr','6971000475','2025-09-15','administrative_staff'), (476,'28118300476','1983-11-28','Dimitra','Oikonomou','emp476@hospital.gr','6971000476','2016-09-15','administrative_staff'),
(477,'24128200477','1982-12-24','Aggeliki','Makris','emp477@hospital.gr','6971000477','2016-09-15','administrative_staff'), (478,'13109200478','1992-10-13','Andreas','Raptis','emp478@hospital.gr','6971000478','2017-09-15','administrative_staff'), (479,'25128100479','1981-12-25','Vasiliki','Nikolaou','emp479@hospital.gr','6971000479','2017-09-15','administrative_staff'), (480,'24129100480','1991-12-24','Aggeliki','Makris','emp480@hospital.gr','6971000480','2020-09-15','administrative_staff'),
(481,'16128400481','1984-12-16','Georgia','Kontos','emp481@hospital.gr','6971000481','2016-09-15','administrative_staff'), (482,'14108200482','1982-10-14','Andreas','Papageorgiou','emp482@hospital.gr','6971000482','2013-09-15','administrative_staff'), (483,'27118000483','1980-11-27','Eleni','Georgiou','emp483@hospital.gr','6971000483','2021-09-15','administrative_staff'), (484,'25118900484','1989-11-25','Kostas','Papageorgiou','emp484@hospital.gr','6971000484','2014-09-15','administrative_staff'),
(485,'21106900485','1969-10-21','Maria','Alexiou','emp485@hospital.gr','6971000485','2014-09-15','administrative_staff'), (486,'27127900486','1979-12-27','Georgia','Nikolaou','emp486@hospital.gr','6971000486','2015-09-15','administrative_staff'), (487,'24129000487','1990-12-24','Dimitra','Papadopoulos','emp487@hospital.gr','6971000487','2023-09-15','administrative_staff'), (488,'12116900488','1969-11-12','Spyros','Lekkas','emp488@hospital.gr','6971000488','2024-09-15','administrative_staff'),
(489,'12119600489','1996-11-12','Katerina','Dimitriou','emp489@hospital.gr','6971000489','2015-09-15','administrative_staff'), (490,'25107600490','1976-10-25','Ioanna','Lekkas','emp490@hospital.gr','6971000490','2021-09-15','administrative_staff'), (491,'26106900491','1969-10-26','Ioanna','Makris','emp491@hospital.gr','6971000491','2013-09-15','administrative_staff'), (492,'16119800492','1998-11-16','Sofia','Pappas','emp492@hospital.gr','6971000492','2016-09-15','administrative_staff'),
(493,'11118300493','1983-11-11','Christos','Papageorgiou','emp493@hospital.gr','6971000493','2025-09-15','administrative_staff'), (494,'26108300494','1983-10-26','Georgia','Papadopoulos','emp494@hospital.gr','6971000494','2018-09-15','administrative_staff'), (495,'14127100495','1971-12-14','Sofia','Oikonomou','emp495@hospital.gr','6971000495','2015-09-15','administrative_staff'), (496,'17127500496','1975-12-17','Sofia','Dimitriou','emp496@hospital.gr','6971000496','2021-09-15','administrative_staff'),
(497,'13129700497','1997-12-13','Dimitra','Karras','emp497@hospital.gr','6971000497','2013-09-15','administrative_staff'), (498,'10127600498','1976-12-10','Dimitra','Zachariou','emp498@hospital.gr','6971000498','2013-09-15','administrative_staff'), (499,'23128200499','1982-12-23','Panagiotis','Alexiou','emp499@hospital.gr','6971000499','2024-09-15','administrative_staff'), (500,'16109000500','1990-10-16','Katerina','Oikonomou','emp500@hospital.gr','6971000500','2012-09-15','administrative_staff'),
(501,'27107500501','1975-10-27','Christos','Makris','emp501@hospital.gr','6971000501','2017-09-15','administrative_staff'), (502,'18117900502','1979-11-18','Eleni','Karagiannis','emp502@hospital.gr','6971000502','2018-09-15','administrative_staff'), (503,'20109400503','1994-10-20','Dimitris','Vlachos','emp503@hospital.gr','6971000503','2016-09-15','administrative_staff'), (504,'14118400504','1984-11-14','Giorgos','Karagiannis','emp504@hospital.gr','6971000504','2023-09-15','administrative_staff'),
(505,'15127400505','1974-12-15','Georgia','Lekkas','emp505@hospital.gr','6971000505','2022-09-15','administrative_staff'), (506,'23128900506','1989-12-23','Anna','Alexiou','emp506@hospital.gr','6971000506','2023-09-15','administrative_staff'), (507,'14118600507','1986-11-14','Andreas','Papadopoulos','emp507@hospital.gr','6971000507','2021-09-15','administrative_staff'), (508,'19108100508','1981-10-19','Spyros','Raptis','emp508@hospital.gr','6971000508','2016-09-15','administrative_staff'),
(509,'12126500509','1965-12-12','Spyros','Papadopoulos','emp509@hospital.gr','6971000509','2017-09-15','administrative_staff'), (510,'17116600510','1966-11-17','Nikos','Kontos','emp510@hospital.gr','6971000510','2015-09-15','administrative_staff'), (511,'15126600511','1966-12-15','Vasiliki','Kontos','emp511@hospital.gr','6971000511','2022-09-15','administrative_staff'), (512,'28119800512','1998-11-28','Vasiliki','Oikonomou','emp512@hospital.gr','6971000512','2024-09-15','administrative_staff'),
(513,'15106800513','1968-10-15','Panagiotis','Zachariou','emp513@hospital.gr','6971000513','2012-09-15','administrative_staff'), (514,'24117100514','1971-11-24','Sofia','Zachariou','emp514@hospital.gr','6971000514','2024-09-15','administrative_staff'), (515,'12116900515','1969-11-12','Andreas','Zachariou','emp515@hospital.gr','6971000515','2014-09-15','administrative_staff'), (516,'12109800516','1998-10-12','Maria','Papageorgiou','emp516@hospital.gr','6971000516','2019-09-15','administrative_staff'),
(517,'25117600517','1976-11-25','Thanasis','Karras','emp517@hospital.gr','6971000517','2012-09-15','administrative_staff'), (518,'18118400518','1984-11-18','Dimitris','Karras','emp518@hospital.gr','6971000518','2014-09-15','administrative_staff'), (519,'13106800519','1968-10-13','Anna','Kontos','emp519@hospital.gr','6971000519','2024-09-15','administrative_staff'), (520,'11129200520','1992-12-11','Katerina','Raptis','emp520@hospital.gr','6971000520','2024-09-15','administrative_staff'),
(521,'14109600521','1996-10-14','Giannis','Kontos','emp521@hospital.gr','6971000521','2023-09-15','administrative_staff'), (522,'28119000522','1990-11-28','Thanasis','Alexiou','emp522@hospital.gr','6971000522','2019-09-15','administrative_staff'), (523,'22119800523','1998-11-22','Christos','Makris','emp523@hospital.gr','6971000523','2022-09-15','administrative_staff'), (524,'14126800524','1968-12-14','Spyros','Papadopoulos','emp524@hospital.gr','6971000524','2019-09-15','administrative_staff'),
(525,'12117800525','1978-11-12','Spyros','Zachariou','emp525@hospital.gr','6971000525','2012-09-15','administrative_staff'), (526,'14117300526','1973-11-14','Thanasis','Makris','emp526@hospital.gr','6971000526','2021-09-15','administrative_staff'), (527,'17127700527','1977-12-17','Panagiotis','Georgiou','emp527@hospital.gr','6971000527','2013-09-15','administrative_staff'), (528,'10109600528','1996-10-10','Christos','Papageorgiou','emp528@hospital.gr','6971000528','2025-09-15','administrative_staff'),
(529,'13107600529','1976-10-13','Christos','Oikonomou','emp529@hospital.gr','6971000529','2015-09-15','administrative_staff'), (530,'26127200530','1972-12-26','Panagiotis','Dimitriou','emp530@hospital.gr','6971000530','2025-09-15','administrative_staff'), (531,'22109300531','1993-10-22','Dimitra','Kontos','emp531@hospital.gr','6971000531','2014-09-15','administrative_staff'), (532,'13129300532','1993-12-13','Dimitra','Zachariou','emp532@hospital.gr','6971000532','2022-09-15','administrative_staff'),
(533,'24116500533','1965-11-24','Dimitris','Vlachos','emp533@hospital.gr','6971000533','2015-09-15','administrative_staff'), (534,'15108800534','1988-10-15','Vasiliki','Papageorgiou','emp534@hospital.gr','6971000534','2021-09-15','administrative_staff'), (535,'14128700535','1987-12-14','Georgia','Karagiannis','emp535@hospital.gr','6971000535','2016-09-15','administrative_staff'), (536,'28117100536','1971-11-28','Maria','Kontos','emp536@hospital.gr','6971000536','2022-09-15','administrative_staff'),
(537,'26116900537','1969-11-26','Dimitris','Oikonomou','emp537@hospital.gr','6971000537','2025-09-15','administrative_staff'), (538,'14109900538','1999-10-14','Spyros','Alexiou','emp538@hospital.gr','6971000538','2012-09-15','administrative_staff'), (539,'21128400539','1984-12-21','Vasiliki','Kontos','emp539@hospital.gr','6971000539','2025-09-15','administrative_staff'), (540,'28118900540','1989-11-28','Spyros','Zachariou','emp540@hospital.gr','6971000540','2020-09-15','administrative_staff'),
(541,'24127100541','1971-12-24','Andreas','Kontos','emp541@hospital.gr','6971000541','2024-09-15','administrative_staff'), (542,'17129200542','1992-12-17','Andreas','Dimitriou','emp542@hospital.gr','6971000542','2019-09-15','administrative_staff'), (543,'24118800543','1988-11-24','Christos','Vlachos','emp543@hospital.gr','6971000543','2020-09-15','administrative_staff'), (544,'13128200544','1982-12-13','Spyros','Zachariou','emp544@hospital.gr','6971000544','2021-09-15','administrative_staff'),
(545,'12129300545','1993-12-12','Panagiotis','Kontos','emp545@hospital.gr','6971000545','2017-09-15','administrative_staff'), (546,'20127100546','1971-12-20','Dimitra','Raptis','emp546@hospital.gr','6971000546','2015-09-15','administrative_staff'), (547,'23119700547','1997-11-23','Katerina','Lekkas','emp547@hospital.gr','6971000547','2021-09-15','administrative_staff'), (548,'17128400548','1984-12-17','Spyros','Karagiannis','emp548@hospital.gr','6971000548','2013-09-15','administrative_staff'),
(549,'17118800549','1988-11-17','Katerina','Nikolaou','emp549@hospital.gr','6971000549','2023-09-15','administrative_staff'), (550,'24116800550','1968-11-24','Giannis','Karagiannis','emp550@hospital.gr','6971000550','2017-09-15','administrative_staff');



INSERT INTO doctor (doctor_id, employee_id, grade_id, specialty_id, supervisor_doctor_id, license_number) VALUES
(1,1,4,7,NULL,'LIC001'), (2,2,4,4,NULL,'LIC002'), (3,3,4,1,NULL,'LIC003'), (4,4,4,2,NULL,'LIC004'),
(5,5,4,6,NULL,'LIC005'), (6,6,4,1,NULL,'LIC006'), (7,7,4,2,NULL,'LIC007'), (8,8,4,5,NULL,'LIC008'),
(9,9,4,2,NULL,'LIC009'), (10,10,4,7,NULL,'LIC010'), (11,11,4,3,NULL,'LIC011'), (12,12,4,5,NULL,'LIC012'),
(13,13,4,10,NULL,'LIC013'), (14,14,4,7,NULL,'LIC014'), (15,15,4,3,NULL,'LIC015'), (16,16,4,3,NULL,'LIC016'),
(17,17,4,1,NULL,'LIC017'), (18,18,4,9,NULL,'LIC018'), (19,19,4,4,NULL,'LIC019'), (20,20,4,4,NULL,'LIC020'),
(21,21,3,6,8,'LIC021'), (22,22,3,9,9,'LIC022'), (23,23,3,7,19,'LIC023'), (24,24,3,6,6,'LIC024'),
(25,25,3,9,14,'LIC025'), (26,26,3,10,3,'LIC026'), (27,27,3,7,6,'LIC027'), (28,28,3,9,7,'LIC028'),
(29,29,3,8,17,'LIC029'), (30,30,3,2,14,'LIC030'), (31,31,3,4,20,'LIC031'), (32,32,3,6,12,'LIC032'),
(33,33,3,10,16,'LIC033'), (34,34,3,10,3,'LIC034'), (35,35,3,3,14,'LIC035'), (36,36,3,0,10,'LIC036'),
(37,37,3,3,8,'LIC037'), (38,38,3,3,9,'LIC038'), (39,39,3,3,8,'LIC039'), (40,40,3,2,13,'LIC040'),
(41,41,3,10,8,'LIC041'), (42,42,3,7,20,'LIC042'), (43,43,3,9,5,'LIC043'), (44,44,3,3,6,'LIC044'),
(45,45,3,10,5,'LIC045'), (46,46,3,4,14,'LIC046'), (47,47,3,1,5,'LIC047'), (48,48,3,10,8,'LIC048'),
(49,49,3,4,4,'LIC049'), (50,50,3,10,20,'LIC050'), (51,51,2,1,44,'LIC051'), (52,52,2,10,8,'LIC052'),
(53,53,2,4,21,'LIC053'), (54,54,2,3,47,'LIC054'), (55,55,2,9,8,'LIC055'), (56,56,2,3,38,'LIC056'),
(57,57,2,10,1,'LIC057'), (58,58,2,6,18,'LIC058'), (59,59,2,9,27,'LIC059'), (60,60,2,3,31,'LIC060'),
(61,61,2,5,45,'LIC061'), (62,62,2,8,34,'LIC062'), (63,63,2,4,10,'LIC063'), (64,64,2,10,45,'LIC064'),
(65,65,2,10,36,'LIC065'), (66,66,2,4,50,'LIC066'), (67,67,2,9,25,'LIC067'), (68,68,2,1,26,'LIC068'),
(69,69,2,10,16,'LIC069'), (70,70,2,7,31,'LIC070'), (71,71,2,3,48,'LIC071'), (72,72,2,2,24,'LIC072'),
(73,73,2,10,25,'LIC073'), (74,74,2,4,41,'LIC074'), (75,75,2,1,37,'LIC075'), (76,76,2,4,13,'LIC076'),
(77,77,2,3,20,'LIC077'), (78,78,2,6,34,'LIC078'), (79,79,2,10,41,'LIC079'), (80,80,2,3,25,'LIC080'),
(81,81,2,5,4,'LIC081'), (82,82,2,2,33,'LIC082'), (83,83,2,1,38,'LIC083'), (84,84,2,7,5,'LIC084'),
(85,85,2,10,46,'LIC085'), (86,86,2,6,4,'LIC086'), (87,87,2,2,11,'LIC087'), (88,88,2,6,44,'LIC088'),
(89,89,2,1,5,'LIC089'), (90,90,2,1,38,'LIC090'), (91,91,2,9,31,'LIC091'), (92,92,2,9,15,'LIC092'),
(93,93,2,3,36,'LIC093'), (94,94,2,7,29,'LIC094'), (95,95,2,10,18,'LIC095'), (96,96,2,9,25,'LIC096'),
(97,97,2,5,37,'LIC097'), (98,98,2,3,1,'LIC098'), (99,99,2,6,20,'LIC099'), (100,100,2,2,5,'LIC100'),
(101,101,1,7,49,'LIC101'), (102,102,1,5,47,'LIC102'), (103,103,1,4,39,'LIC103'), (104,104,1,3,7,'LIC104'),
(105,105,1,3,14,'LIC105'), (106,106,1,4,43,'LIC106'), (107,107,1,7,37,'LIC107'), (108,108,1,4,20,'LIC108'),
(109,109,1,7,30,'LIC109'), (110,110,1,7,43,'LIC110'), (111,111,1,10,2,'LIC111'), (112,112,1,3,48,'LIC112'),
(113,113,1,10,3,'LIC113'), (114,114,1,5,27,'LIC114'), (115,115,1,6,28,'LIC115'), (116,116,1,0,28,'LIC116'),
(117,117,1,1,43,'LIC117'), (118,118,1,1,10,'LIC118'), (119,119,1,8,43,'LIC119'), (120,120,1,3,3,'LIC120'),
(121,121,1,3,41,'LIC121'), (122,122,1,5,31,'LIC122'), (123,123,1,8,48,'LIC123'), (124,124,1,4,8,'LIC124'),
(125,125,1,2,35,'LIC125'), (126,126,1,10,46,'LIC126'), (127,127,1,10,44,'LIC127'), (128,128,1,10,44,'LIC128'),
(129,129,1,9,42,'LIC129'), (130,130,1,2,12,'LIC130'), (131,131,1,3,45,'LIC131'), (132,132,1,10,17,'LIC132'),
(133,133,1,3,12,'LIC133'), (134,134,1,3,50,'LIC134'), (135,135,1,10,3,'LIC135'), (136,136,1,2,45,'LIC136'),
(137,137,1,7,42,'LIC137'), (138,138,1,6,32,'LIC138'), (139,139,1,4,36,'LIC139'), (140,140,1,4,40,'LIC140'),
(141,141,1,9,26,'LIC141'), (142,142,1,3,10,'LIC142'), (143,143,1,1,21,'LIC143'), (144,144,1,4,3,'LIC144'),
(145,145,1,7,27,'LIC145'), (146,146,1,4,26,'LIC146'), (147,147,1,4,10,'LIC147'), (148,148,1,9,5,'LIC148'),
(149,149,1,2,1,'LIC149'), (150,150,1,7,37,'LIC150');



INSERT INTO hospital_department (department_id,department_name,dep_description,dep_building,dep_floor,department_director) VALUES
(1,'Cardiology','Cardiology dept','A',1,1),
(2,'Surgery','Surgery dept','B',2,2),
(3,'ICU','Intensive Care Unit','C',3,3),
(4,'Emergency','Emergency dept','A',0,4),
(5,'Internal Medicine','Internal Medicine','B',1,5),
(6,'Orthopedics','Ortho','C',2,6),
(7,'Neurology','Neurology','A',3,7),
(8,'Radiology','Radiology','B',0,8),
(9,'Pediatrics','Pediatrics','C',1,9),
(10,'Obstetrics','Obstetrics','A',2,10),
(11,'Urology','Urology','B',3,11),
(12,'Ophthalmology','Ophthalmology','C',0,12),
(13,'Dermatology','Dermatology','A',4,13),
(14,'Pulmonology','Pulmonology','B',4,14),
(15,'Gastroenterology','Gastroenterology','C',4,15);




INSERT INTO doctor_department (doctor_id, department_id) VALUES
-- Γιατροί 1-15: Κύριο τμήμα (Διεύθυνση) + Δεύτερο υποστηρικτικό τμήμα
(1, 1), (1, 4), (2, 2), (2, 4), (3, 3), (3, 4), (4, 4), (4, 5), (5, 5), (5, 15),
(6, 6), (6, 4), (7, 7), (7, 3), (8, 8), (8, 4), (9, 9), (9, 10), (10, 10), (10, 15),
(11, 11), (11, 4), (12, 12), (12, 8), (13, 13), (13, 5), (14, 14), (14, 3), (15, 15), (15, 5),

-- Γιατροί 16-50 (Seniors): Κατανεμημένοι σε 2 τμήματα ανάλογα με την ειδικότητα
(16, 1), (16, 3), (17, 2), (17, 4), (18, 3), (18, 1), (19, 4), (19, 5), (20, 5), (20, 14),
(21, 6), (21, 4), (22, 7), (22, 3), (23, 8), (23, 12), (24, 9), (24, 10), (25, 10), (25, 15),
(26, 11), (26, 4), (27, 12), (27, 8), (28, 13), (28, 5), (29, 14), (29, 3), (30, 15), (30, 5),
(31, 1), (31, 4), (32, 2), (32, 3), (33, 3), (33, 5), (34, 4), (34, 1), (35, 5), (35, 13),
(36, 6), (36, 2), (37, 7), (37, 4), (38, 8), (38, 12), (39, 9), (39, 10), (40, 10), (40, 4),
(41, 11), (41, 6), (42, 12), (42, 8), (43, 13), (43, 15), (44, 14), (44, 4), (45, 15), (45, 1),
(46, 1), (46, 4), (47, 2), (47, 3), (48, 3), (48, 14), (49, 4), (49, 5), (50, 5), (50, 13),

-- Γιατροί 51-100 (Mid-level): Καλύπτουν το βασικό τους τμήμα και προσφέρουν κάλυψη στα Επείγοντα (4)
(51, 1), (51, 4), (52, 2), (52, 4), (53, 3), (53, 4), (54, 4), (54, 5), (55, 5), (55, 4),
(56, 6), (56, 4), (57, 7), (57, 4), (58, 8), (58, 4), (59, 9), (59, 4), (60, 10), (60, 4),
(61, 11), (61, 4), (62, 12), (62, 4), (63, 13), (63, 4), (64, 14), (64, 4), (65, 15), (65, 4),
(66, 1), (66, 3), (67, 2), (67, 3), (68, 3), (68, 1), (69, 4), (69, 2), (70, 5), (70, 15),
(71, 6), (71, 12), (72, 7), (72, 14), (73, 8), (73, 3), (74, 9), (74, 5), (75, 10), (75, 1),
(76, 11), (76, 4), (77, 12), (77, 8), (78, 13), (78, 5), (79, 14), (79, 3), (80, 15), (80, 5),
(81, 1), (81, 4), (82, 2), (82, 4), (83, 3), (83, 4), (84, 4), (84, 1), (85, 5), (85, 15),
(86, 6), (86, 4), (87, 7), (87, 3), (88, 8), (88, 4), (89, 9), (89, 10), (90, 10), (90, 15),
(91, 11), (91, 4), (92, 12), (92, 8), (93, 13), (93, 5), (94, 14), (94, 3), (95, 15), (95, 5),
(96, 1), (96, 3), (97, 2), (97, 4), (98, 3), (98, 1), (99, 4), (99, 5), (100, 5), (100, 14),

-- Γιατροί 101-150 (Juniors/Ειδικευόμενοι): Κυκλική εναλλαγή σε 2 ή 3 τμήματα για εκπαίδευση
(101, 1), (101, 4), (102, 2), (102, 4), (103, 3), (103, 4), (104, 4), (104, 5), (105, 5), (105, 15),
(106, 6), (106, 4), (107, 7), (107, 3), (108, 8), (108, 4), (109, 9), (109, 10), (110, 10), (110, 15),
(111, 11), (111, 4), (112, 12), (112, 8), (113, 13), (113, 5), (114, 14), (114, 3), (115, 15), (115, 5),
(116, 1), (116, 4), (117, 2), (117, 4), (118, 3), (118, 4), (119, 4), (119, 5), (120, 5), (120, 15),
(121, 6), (121, 4), (122, 7), (122, 3), (123, 8), (123, 4), (124, 9), (124, 10), (125, 10), (125, 15),
(126, 11), (126, 4), (127, 12), (127, 8), (128, 13), (128, 5), (129, 14), (129, 3), (130, 15), (130, 5),
(131, 1), (131, 3), (132, 2), (132, 4), (133, 3), (133, 1), (134, 4), (134, 5), (135, 5), (135, 14),
(136, 6), (136, 4), (137, 7), (137, 3), (138, 8), (138, 4), (139, 9), (139, 10), (140, 10), (140, 15),
(141, 11), (141, 4), (142, 12), (142, 8), (143, 13), (143, 5), (144, 14), (144, 3), (145, 15), (145, 5),
(146, 1), (146, 4), (147, 2), (147, 3), (148, 3), (148, 14), (149, 4), (149, 5), (150, 5), (150, 13);


INSERT INTO nurse (nurse_id, employee_id, nurse_grade_id, hospital_department_id, supervisor_nurse_id) VALUES
(151,151,1,1,NULL), (152,152,1,2,NULL), (153,153,1,3,NULL), (154,154,1,4,NULL),
(155,155,1,5,NULL), (156,156,1,6,NULL), (157,157,1,7,NULL), (158,158,1,8,NULL),
(159,159,1,9,NULL), (160,160,1,10,NULL), (161,161,1,11,NULL), (162,162,1,12,NULL),
(163,163,1,13,NULL), (164,164,1,14,NULL), (165,165,1,15,NULL), (166,166,3,1,151),
(167,167,2,2,152), (168,168,3,3,153), (169,169,2,4,154), (170,170,3,5,155),
(171,171,2,6,156), (172,172,2,7,157), (173,173,2,8,158), (174,174,2,9,159),
(175,175,3,10,160), (176,176,3,11,161), (177,177,2,12,162), (178,178,2,13,163),
(179,179,3,14,164), (180,180,3,15,165), (181,181,3,1,151), (182,182,2,2,152),
(183,183,3,3,153), (184,184,2,4,154), (185,185,2,5,155), (186,186,3,6,156),
(187,187,2,7,157), (188,188,2,8,158), (189,189,3,9,159), (190,190,2,10,160),
(191,191,2,11,161), (192,192,2,12,162), (193,193,3,13,163), (194,194,2,14,164),
(195,195,2,15,165), (196,196,2,1,151), (197,197,2,2,152), (198,198,3,3,153),
(199,199,3,4,154), (200,200,3,5,155), (201,201,2,6,156), (202,202,2,7,157),
(203,203,2,8,158), (204,204,3,9,159), (205,205,3,10,160), (206,206,2,11,161),
(207,207,3,12,162), (208,208,2,13,163), (209,209,2,14,164), (210,210,2,15,165),
(211,211,2,1,151), (212,212,2,2,152), (213,213,3,3,153), (214,214,2,4,154),
(215,215,3,5,155), (216,216,2,6,156), (217,217,3,7,157), (218,218,2,8,158),
(219,219,2,9,159), (220,220,2,10,160), (221,221,3,11,161), (222,222,3,12,162),
(223,223,2,13,163), (224,224,2,14,164), (225,225,3,15,165), (226,226,3,1,151),
(227,227,3,2,152), (228,228,3,3,153), (229,229,3,4,154), (230,230,3,5,155),
(231,231,2,6,156), (232,232,3,7,157), (233,233,3,8,158), (234,234,2,9,159),
(235,235,3,10,160), (236,236,3,11,161), (237,237,2,12,162), (238,238,2,13,163),
(239,239,2,14,164), (240,240,3,15,165), (241,241,2,1,151), (242,242,2,2,152),
(243,243,2,3,153), (244,244,2,4,154), (245,245,2,5,155), (246,246,2,6,156),
(247,247,3,7,157), (248,248,3,8,158), (249,249,2,9,159), (250,250,3,10,160),
(251,251,3,11,161), (252,252,2,12,162), (253,253,3,13,163), (254,254,2,14,164),
(255,255,2,15,165), (256,256,3,1,151), (257,257,2,2,152), (258,258,3,3,153),
(259,259,3,4,154), (260,260,3,5,155), (261,261,2,6,156), (262,262,2,7,157),
(263,263,2,8,158), (264,264,2,9,159), (265,265,2,10,160), (266,266,2,11,161),
(267,267,2,12,162), (268,268,3,13,163), (269,269,2,14,164), (270,270,3,15,165),
(271,271,3,1,151), (272,272,2,2,152), (273,273,3,3,153), (274,274,3,4,154),
(275,275,3,5,155), (276,276,3,6,156), (277,277,3,7,157), (278,278,3,8,158),
(279,279,3,9,159), (280,280,3,10,160), (281,281,3,11,161), (282,282,2,12,162),
(283,283,3,13,163), (284,284,2,14,164), (285,285,2,15,165), (286,286,3,1,151),
(287,287,2,2,152), (288,288,2,3,153), (289,289,2,4,154), (290,290,2,5,155),
(291,291,2,6,156), (292,292,3,7,157), (293,293,2,8,158), (294,294,2,9,159),
(295,295,2,10,160), (296,296,2,11,161), (297,297,3,12,162), (298,298,3,13,163),
(299,299,2,14,164), (300,300,2,15,165), (301,301,3,1,151), (302,302,2,2,152),
(303,303,2,3,153), (304,304,3,4,154), (305,305,3,5,155), (306,306,2,6,156),
(307,307,2,7,157), (308,308,3,8,158), (309,309,3,9,159), (310,310,3,10,160),
(311,311,3,11,161), (312,312,2,12,162), (313,313,3,13,163), (314,314,2,14,164),
(315,315,2,15,165), (316,316,3,1,151), (317,317,2,2,152), (318,318,2,3,153),
(319,319,3,4,154), (320,320,3,5,155), (321,321,2,6,156), (322,322,3,7,157),
(323,323,3,8,158), (324,324,3,9,159), (325,325,2,10,160), (326,326,2,11,161),
(327,327,3,12,162), (328,328,3,13,163), (329,329,3,14,164), (330,330,3,15,165),
(331,331,3,1,151), (332,332,2,2,152), (333,333,2,3,153), (334,334,3,4,154),
(335,335,2,5,155), (336,336,3,6,156), (337,337,2,7,157), (338,338,2,8,158),
(339,339,2,9,159), (340,340,2,10,160), (341,341,3,11,161), (342,342,3,12,162),
(343,343,3,13,163), (344,344,2,14,164), (345,345,3,15,165), (346,346,3,1,151),
(347,347,3,2,152), (348,348,2,3,153), (349,349,3,4,154), (350,350,2,5,155),
(351,351,3,6,156), (352,352,2,7,157), (353,353,3,8,158), (354,354,2,9,159),
(355,355,2,10,160), (356,356,3,11,161), (357,357,3,12,162), (358,358,3,13,163),
(359,359,2,14,164), (360,360,2,15,165), (361,361,2,1,151), (362,362,2,2,152),
(363,363,2,3,153), (364,364,3,4,154), (365,365,2,5,155), (366,366,3,6,156),
(367,367,3,7,157), (368,368,3,8,158), (369,369,3,9,159), (370,370,2,10,160),
(371,371,2,11,161), (372,372,3,12,162), (373,373,3,13,163), (374,374,2,14,164),
(375,375,2,15,165), (376,376,3,1,151), (377,377,3,2,152), (378,378,3,3,153),
(379,379,3,4,154), (380,380,2,5,155), (381,381,3,6,156), (382,382,2,7,157),
(383,383,2,8,158), (384,384,2,9,159), (385,385,2,10,160), (386,386,2,11,161),
(387,387,2,12,162), (388,388,3,13,163), (389,389,3,14,164), (390,390,2,15,165),
(391,391,2,1,151), (392,392,3,2,152), (393,393,2,3,153), (394,394,2,4,154),
(395,395,2,5,155), (396,396,3,6,156), (397,397,3,7,157), (398,398,2,8,158),
(399,399,2,9,159), (400,400,2,10,160), (401,401,3,11,161), (402,402,2,12,162),
(403,403,3,13,163), (404,404,3,14,164), (405,405,3,15,165), (406,406,2,1,151),
(407,407,2,2,152), (408,408,2,3,153), (409,409,3,4,154), (410,410,3,5,155),
(411,411,3,6,156), (412,412,2,7,157), (413,413,3,8,158), (414,414,2,9,159),
(415,415,2,10,160), (416,416,3,11,161), (417,417,3,12,162), (418,418,3,13,163),
(419,419,3,14,164), (420,420,3,15,165), (421,421,3,1,151), (422,422,2,2,152),
(423,423,3,3,153), (424,424,3,4,154), (425,425,3,5,155), (426,426,2,6,156),
(427,427,3,7,157), (428,428,2,8,158), (429,429,2,9,159), (430,430,2,10,160),
(431,431,2,11,161), (432,432,2,12,162), (433,433,3,13,163), (434,434,2,14,164),
(435,435,3,15,165), (436,436,3,1,151), (437,437,3,2,152), (438,438,2,3,153),
(439,439,2,4,154), (440,440,3,5,155), (441,441,3,6,156), (442,442,2,7,157),
(443,443,2,8,158), (444,444,2,9,159), (445,445,3,10,160), (446,446,2,11,161),
(447,447,2,12,162), (448,448,2,13,163), (449,449,3,14,164), (450,450,2,15,165);

INSERT INTO administrative_staff (staff_id, staff_office, employee_id, department_id, role_id) VALUES
(451,'Office B-467',451,1,1), (452,'Office B-221',452,2,1), (453,'Office A-166',453,3,1), (454,'Office C-417',454,4,1),
(455,'Office A-125',455,5,1), (456,'Office A-125',456,6,1), (457,'Office C-329',457,7,1), (458,'Office C-176',458,8,1),
(459,'Office B-183',459,9,1), (460,'Office A-496',460,10,1), (461,'Office C-287',461,11,1), (462,'Office B-416',462,12,1),
(463,'Office A-341',463,13,1), (464,'Office C-192',464,14,1), (465,'Office B-152',465,15,1), (466,'Office A-143',466,1,2),
(467,'Office A-457',467,2,2), (468,'Office C-255',468,3,3), (469,'Office C-346',469,4,3), (470,'Office C-437',470,5,3),
(471,'Office B-150',471,6,3), (472,'Office A-264',472,7,2), (473,'Office C-162',473,8,3), (474,'Office B-439',474,9,2),
(475,'Office B-260',475,10,3), (476,'Office B-429',476,11,3), (477,'Office B-320',477,12,2), (478,'Office B-359',478,13,3),
(479,'Office A-428',479,14,3), (480,'Office A-221',480,15,2), (481,'Office A-186',481,1,3), (482,'Office B-386',482,2,2),
(483,'Office C-327',483,3,3), (484,'Office C-291',484,4,3), (485,'Office B-206',485,5,2), (486,'Office A-217',486,6,2),
(487,'Office B-326',487,7,2), (488,'Office B-287',488,8,3), (489,'Office B-249',489,9,2), (490,'Office C-370',490,10,3),
(491,'Office B-315',491,11,2), (492,'Office A-275',492,12,3), (493,'Office A-144',493,13,2), (494,'Office B-338',494,14,3),
(495,'Office C-135',495,15,3), (496,'Office B-126',496,1,3), (497,'Office B-409',497,2,2), (498,'Office B-314',498,3,3),
(499,'Office B-272',499,4,2), (500,'Office A-285',500,5,3), (501,'Office C-499',501,6,3), (502,'Office C-220',502,7,2),
(503,'Office C-308',503,8,3), (504,'Office C-139',504,9,2), (505,'Office C-437',505,10,2), (506,'Office C-491',506,11,3),
(507,'Office C-478',507,12,3), (508,'Office C-165',508,13,3), (509,'Office B-214',509,14,2), (510,'Office C-137',510,15,2),
(511,'Office A-475',511,1,2), (512,'Office B-251',512,2,3), (513,'Office C-196',513,3,3), (514,'Office C-332',514,4,2),
(515,'Office B-304',515,5,2), (516,'Office C-435',516,6,2), (517,'Office C-322',517,7,2), (518,'Office A-204',518,8,3),
(519,'Office B-462',519,9,2), (520,'Office A-347',520,10,2), (521,'Office B-144',521,11,3), (522,'Office A-126',522,12,2),
(523,'Office B-428',523,13,3), (524,'Office A-406',524,14,3), (525,'Office A-338',525,15,2), (526,'Office A-458',526,1,3),
(527,'Office C-222',527,2,2), (528,'Office C-421',528,3,2), (529,'Office A-488',529,4,3), (530,'Office B-150',530,5,2),
(531,'Office A-493',531,6,2), (532,'Office A-170',532,7,3), (533,'Office A-252',533,8,2), (534,'Office A-311',534,9,2),
(535,'Office C-463',535,10,2), (536,'Office B-397',536,11,2), (537,'Office C-269',537,12,3), (538,'Office A-124',538,13,3),
(539,'Office C-241',539,14,2), (540,'Office B-492',540,15,3), (541,'Office A-158',541,1,2), (542,'Office A-394',542,2,3),
(543,'Office B-394',543,3,2), (544,'Office C-265',544,4,3), (545,'Office B-398',545,5,2), (546,'Office B-415',546,6,3),
(547,'Office B-374',547,7,3), (548,'Office C-344',548,8,2), (549,'Office C-144',549,9,2), (550,'Office C-302',550,10,3);

INSERT INTO `department_room` (`room_id`,`room_type`,`room_status`,`hospital_department_id`) VALUES
(1,'Single Bed Patient Room','Available',1),
(2,'Multi Bed Patient Room','Under Maintenance',1),
(3,'Single Bed Patient Room','Available',1),
(4,'Single Bed Patient Room','Occupied',1),
(5,'Single Bed Patient Room','Available',1),
(6,'Multi Bed Patient Room','Occupied',1),
(7,'Single Bed Patient Room','Available',1),
(8,'Single Bed Patient Room','Available',1),
(9,'Multi Bed Patient Room','Available',1),
(10,'Single Bed Patient Room','Available',1),
(1,'Surgery Room','Available',2),
(2,'Surgery Room','Occupied',2),
(3,'Surgery Room','Available',2),
(4,'Surgery Room','Available',2),
(5,'Surgery Room','Occupied',2),
(6,'Surgery Room','Occupied',2),
(7,'Single Bed Patient Room','Available',2),
(8,'Single Bed Patient Room','Occupied',2),
(9,'Single Bed Patient Room','Available',2),
(10,'Single Bed Patient Room','Available',2),
(1,'Intensive Care Unit','Available',3),
(2,'Intensive Care Unit','Available',3),
(3,'Intensive Care Unit','Available',3),
(4,'Intensive Care Unit','Occupied',3),
(5,'Intensive Care Unit','Occupied',3),
(6,'Intensive Care Unit','Occupied',3),
(7,'Intensive Care Unit','Available',3),
(8,'Intensive Care Unit','Available',3),
(9,'Intensive Care Unit','Available',3),
(10,'Intensive Care Unit','Available',3),
(1,'Multi Bed Patient Room','Occupied',4),
(2,'Multi Bed Patient Room','Occupied',4),
(3,'Single Bed Patient Room','Under Maintenance',4),
(4,'Multi Bed Patient Room','Available',4),
(5,'Multi Bed Patient Room','Available',4),
(6,'Multi Bed Patient Room','Under Maintenance',4),
(7,'Multi Bed Patient Room','Available',4),
(8,'Multi Bed Patient Room','Available',4),
(9,'Single Bed Patient Room','Occupied',4),
(10,'Multi Bed Patient Room','Occupied',4),
(1,'Multi Bed Patient Room','Occupied',5),
(2,'Single Bed Patient Room','Occupied',5),
(3,'Multi Bed Patient Room','Available',5),
(4,'Single Bed Patient Room','Occupied',5),
(5,'Single Bed Patient Room','Occupied',5),
(6,'Single Bed Patient Room','Available',5),
(7,'Multi Bed Patient Room','Available',5),
(8,'Multi Bed Patient Room','Occupied',5),
(9,'Single Bed Patient Room','Occupied',5),
(10,'Multi Bed Patient Room','Occupied',5),
(1,'Single Bed Patient Room','Available',6),
(2,'Multi Bed Patient Room','Available',6),
(3,'Multi Bed Patient Room','Occupied',6),
(4,'Multi Bed Patient Room','Occupied',6),
(5,'Multi Bed Patient Room','Under Maintenance',6),
(6,'Multi Bed Patient Room','Occupied',6),
(7,'Multi Bed Patient Room','Occupied',6),
(8,'Multi Bed Patient Room','Under Maintenance',6),
(9,'Single Bed Patient Room','Occupied',6),
(10,'Single Bed Patient Room','Occupied',6),
(1,'Multi Bed Patient Room','Under Maintenance',7),
(2,'Multi Bed Patient Room','Available',7),
(3,'Multi Bed Patient Room','Available',7),
(4,'Single Bed Patient Room','Available',7),
(5,'Multi Bed Patient Room','Available',7),
(6,'Multi Bed Patient Room','Available',7),
(7,'Single Bed Patient Room','Available',7),
(8,'Multi Bed Patient Room','Occupied',7),
(9,'Single Bed Patient Room','Occupied',7),
(10,'Multi Bed Patient Room','Occupied',7),
(1,'Multi Bed Patient Room','Occupied',8),
(2,'Single Bed Patient Room','Available',8),
(3,'Single Bed Patient Room','Available',8),
(4,'Multi Bed Patient Room','Available',8),
(5,'Single Bed Patient Room','Occupied',8),
(6,'Single Bed Patient Room','Available',8),
(7,'Multi Bed Patient Room','Occupied',8),
(8,'Multi Bed Patient Room','Available',8),
(9,'Single Bed Patient Room','Occupied',8),
(10,'Single Bed Patient Room','Occupied',8),
(1,'Multi Bed Patient Room','Occupied',9),
(2,'Multi Bed Patient Room','Available',9),
(3,'Multi Bed Patient Room','Available',9),
(4,'Multi Bed Patient Room','Under Maintenance',9),
(5,'Multi Bed Patient Room','Available',9),
(6,'Multi Bed Patient Room','Available',9),
(7,'Multi Bed Patient Room','Available',9),
(8,'Multi Bed Patient Room','Available',9),
(9,'Single Bed Patient Room','Occupied',9),
(10,'Multi Bed Patient Room','Available',9),
(1,'Single Bed Patient Room','Occupied',10),
(2,'Single Bed Patient Room','Available',10),
(3,'Multi Bed Patient Room','Available',10),
(4,'Single Bed Patient Room','Occupied',10),
(5,'Single Bed Patient Room','Available',10),
(6,'Single Bed Patient Room','Available',10),
(7,'Single Bed Patient Room','Available',10),
(8,'Single Bed Patient Room','Occupied',10),
(9,'Single Bed Patient Room','Available',10),
(10,'Single Bed Patient Room','Under Maintenance',10),
(1,'Multi Bed Patient Room','Occupied',11),
(2,'Single Bed Patient Room','Occupied',11),
(3,'Single Bed Patient Room','Available',11),
(4,'Multi Bed Patient Room','Occupied',11),
(5,'Single Bed Patient Room','Available',11),
(6,'Single Bed Patient Room','Available',11),
(7,'Single Bed Patient Room','Available',11),
(8,'Multi Bed Patient Room','Available',11),
(9,'Single Bed Patient Room','Available',11),
(10,'Multi Bed Patient Room','Available',11),
(1,'Single Bed Patient Room','Available',12),
(2,'Single Bed Patient Room','Occupied',12),
(3,'Single Bed Patient Room','Occupied',12),
(4,'Multi Bed Patient Room','Available',12),
(5,'Single Bed Patient Room','Available',12),
(6,'Multi Bed Patient Room','Occupied',12),
(7,'Multi Bed Patient Room','Occupied',12),
(8,'Multi Bed Patient Room','Occupied',12),
(9,'Multi Bed Patient Room','Available',12),
(10,'Single Bed Patient Room','Available',12),
(1,'Single Bed Patient Room','Available',13),
(2,'Multi Bed Patient Room','Occupied',13),
(3,'Multi Bed Patient Room','Available',13),
(4,'Multi Bed Patient Room','Available',13),
(5,'Multi Bed Patient Room','Available',13),
(6,'Single Bed Patient Room','Occupied',13),
(7,'Single Bed Patient Room','Available',13),
(8,'Single Bed Patient Room','Available',13),
(9,'Multi Bed Patient Room','Available',13),
(10,'Single Bed Patient Room','Available',13),
(1,'Multi Bed Patient Room','Occupied',14),
(2,'Multi Bed Patient Room','Under Maintenance',14),
(3,'Multi Bed Patient Room','Available',14),
(4,'Single Bed Patient Room','Available',14),
(5,'Single Bed Patient Room','Occupied',14),
(6,'Multi Bed Patient Room','Occupied',14),
(7,'Single Bed Patient Room','Available',14),
(8,'Multi Bed Patient Room','Occupied',14),
(9,'Multi Bed Patient Room','Available',14),
(10,'Multi Bed Patient Room','Occupied',14),
(1,'Single Bed Patient Room','Under Maintenance',15),
(2,'Multi Bed Patient Room','Available',15),
(3,'Single Bed Patient Room','Available',15),
(4,'Multi Bed Patient Room','Available',15),
(5,'Single Bed Patient Room','Available',15),
(6,'Multi Bed Patient Room','Available',15),
(7,'Multi Bed Patient Room','Available',15),
(8,'Multi Bed Patient Room','Occupied',15),
(9,'Single Bed Patient Room','Occupied',15),
(10,'Multi Bed Patient Room','Available',15);

INSERT INTO `patient` (`patient_id`,`amka`,`first_name`,`last_name`,`father_name`,`birth_date`,`gender`,`nationality`,`height_cm`,`weight_kg`,`home_address`,`phone_number`,`email`,`profession`,`emergency_contact`,`insurance_provider`) VALUES
(1,'17089600001','Nikos','Savva','Stefanos','1996-08-17','Male','Greek',178,73,'Athens 1','6947969333','patient1@email.gr','Worker','Contact: 6947969333','Private'),
(2,'21114600002','Michalis','Nikolaou','Eirini','1946-11-21','Female','Greek',159,71,'Athens 2','6922684373','patient2@email.gr','Worker','Contact: 6922684373','Private'),
(3,'03065900003','Dimitris','Stavrou','Alexandra','1959-06-03','Male','Greek',177,69,'Athens 3','6998054173','patient3@email.gr','Worker','Contact: 6998054173','Public'),
(4,'26118800004','Alexandra','Georgiou','Sofia','1988-11-26','Female','Greek',163,92,'Athens 4','6980651318','patient4@email.gr','Engineer','Contact: 6980651318','None'),
(5,'12018600005','Eirini','Stergiou','Georgia','1986-01-12','Female','Greek',166,110,'Athens 5','6938748452','patient5@email.gr','Student','Contact: 6938748452','Private'),
(6,'10025900006','Stelios','Savva','Eleni','1959-02-10','Male','Greek',187,99,'Athens 6','6982446804','patient6@email.gr','Retired','Contact: 6982446804','None'),
(7,'06038800007','Vasilis','Karagiannis','Eleni','1988-03-06','Male','Greek',194,101,'Athens 7','6932218290','patient7@email.gr','Unemployed','Contact: 6932218290','Public'),
(8,'20087000008','Loukas','Papadaki','Eirini','1970-08-20','Female','Greek',183,64,'Athens 8','6981673763','patient8@email.gr','Doctor','Contact: 6981673763','Private'),
(9,'22066400009','Niki','Dimitriou','Thanasis','1964-06-22','Female','Greek',184,99,'Athens 9','6947818761','patient9@email.gr','Worker','Contact: 6947818761','None'),
(10,'05106500010','Georgia','Stergiou','Kostas','1965-10-05','Female','Greek',158,91,'Athens 10','6974503785','patient10@email.gr','Student','Contact: 6974503785','None'),
(11,'25027600011','Maria','Oikonomou','Maria','1976-02-25','Male','Greek',172,78,'Athens 11','6978901038','patient11@email.gr','Teacher','Contact: 6978901038','Private'),
(12,'01069700012','Andreas','Savva','Thanasis','1997-06-01','Female','Greek',158,75,'Athens 12','6977378254','patient12@email.gr','Student','Contact: 6977378254','Public'),
(13,'11016800013','Petros','Georgiou','Anna','1968-01-11','Male','Greek',176,100,'Athens 13','6929602406','patient13@email.gr','Teacher','Contact: 6929602406','Public'),
(14,'16125700014','Sofia','Dimitriou','Stefanos','1957-12-16','Female','Greek',194,50,'Athens 14','6920633503','patient14@email.gr','Retired','Contact: 6920633503','Private'),
(15,'04070700015','Stelios','Diamanti','Nikolas','2007-07-04','Female','Greek',170,69,'Athens 15','6926354208','patient15@email.gr','Retired','Contact: 6926354208','Public'),
(16,'04029800016','Loukas','Christodoulou','Niki','1998-02-04','Female','Greek',193,84,'Athens 16','6912205915','patient16@email.gr','Doctor','Contact: 6912205915','None'),
(17,'12104000017','Eleni','Rapti','Loukas','1940-10-12','Male','Greek',191,76,'Athens 17','6935140847','patient17@email.gr','Engineer','Contact: 6935140847','None'),
(18,'26090900018','Anna','Georgiou','Georgia','2009-09-26','Male','Greek',179,105,'Athens 18','6973100462','patient18@email.gr','Retired','Contact: 6973100462','None'),
(19,'26064200019','Petros','Papadaki','Dimitris','1942-06-26','Male','Greek',177,65,'Athens 19','6998195059','patient19@email.gr','Engineer','Contact: 6998195059','None'),
(20,'18064500020','Theodora','Nikolaou','Eleni','1945-06-18','Female','Greek',166,103,'Athens 20','6972360629','patient20@email.gr','Unemployed','Contact: 6972360629','None'),
(21,'10019800021','Kostas','Diamanti','Andreas','1998-01-10','Male','Greek',157,100,'Athens 21','6936772387','patient21@email.gr','Retired','Contact: 6936772387','Private'),
(22,'09080900022','Sofia','Oikonomou','Petros','2009-08-09','Male','Greek',167,68,'Athens 22','6957912262','patient22@email.gr','Retired','Contact: 6957912262','None'),
(23,'13078700023','Vasilis','Vlachos','Maria','1987-07-13','Female','Greek',179,71,'Athens 23','6935074182','patient23@email.gr','Unemployed','Contact: 6935074182','None'),
(24,'26050600024','Panagiotis','Papadaki','Niki','2006-05-26','Male','Greek',182,55,'Athens 24','6967795113','patient24@email.gr','Teacher','Contact: 6967795113','None'),
(25,'22065000025','Sofia','Nikolaou','Maria','1950-06-22','Female','Greek',174,78,'Athens 25','6990882505','patient25@email.gr','Worker','Contact: 6990882505','Public'),
(26,'24019700026','Stefanos','Markou','Anna','1997-01-24','Female','Greek',194,77,'Athens 26','6946850196','patient26@email.gr','Retired','Contact: 6946850196','Public'),
(27,'26098600027','Eirini','Christodoulou','Petros','1986-09-26','Male','Greek',156,59,'Athens 27','6991547054','patient27@email.gr','Unemployed','Contact: 6991547054','Public'),
(28,'13068600028','Eleni','Georgiou','Katerina','1986-06-13','Male','Greek',193,59,'Athens 28','6970387584','patient28@email.gr','Student','Contact: 6970387584','Private'),
(29,'12095700029','Christina','Georgiou','Ilias','1957-09-12','Female','Greek',175,91,'Athens 29','6947405107','patient29@email.gr','Doctor','Contact: 6947405107','Public'),
(30,'18070600030','Giannis','Makris','Panagiotis','2006-07-18','Male','Greek',171,99,'Athens 30','6944935501','patient30@email.gr','Unemployed','Contact: 6944935501','Public'),
(31,'04040200031','Alexandra','Rapti','Stefanos','2002-04-04','Male','Greek',159,78,'Athens 31','6933173544','patient31@email.gr','Unemployed','Contact: 6933173544','Public'),
(32,'03128400032','Niki','Stavrou','Vasilis','1984-12-03','Female','Greek',174,104,'Athens 32','6931139996','patient32@email.gr','Teacher','Contact: 6931139996','Private'),
(33,'08036500033','Georgia','Savva','Maria','1965-03-08','Female','Greek',156,73,'Athens 33','6984359498','patient33@email.gr','Student','Contact: 6984359498','Private'),
(34,'10025100034','Niki','Zachariou','Eleni','1951-02-10','Female','Greek',185,83,'Athens 34','6965135987','patient34@email.gr','Worker','Contact: 6965135987','None'),
(35,'15084900035','Andreas','Diamanti','Vasilis','1949-08-15','Female','Greek',163,106,'Athens 35','6983994695','patient35@email.gr','Teacher','Contact: 6983994695','Public'),
(36,'05095500036','Loukas','Oikonomou','Nikos','1955-09-05','Female','Greek',165,60,'Athens 36','6953306792','patient36@email.gr','Doctor','Contact: 6953306792','Private'),
(37,'21047200037','Georgia','Rapti','Andreas','1972-04-21','Female','Greek',163,90,'Athens 37','6950644430','patient37@email.gr','Engineer','Contact: 6950644430','None'),
(38,'22035900038','Tasos','Makris','Ilias','1959-03-22','Female','Greek',191,52,'Athens 38','6913808225','patient38@email.gr','Engineer','Contact: 6913808225','Public'),
(39,'14106600039','Tasos','Athanasiou','Dimitris','1966-10-14','Male','Greek',186,106,'Athens 39','6994176528','patient39@email.gr','Lawyer','Contact: 6994176528','None'),
(40,'15059100040','Sofia','Dimitriou','Katerina','1991-05-15','Male','Greek',158,60,'Athens 40','6969002851','patient40@email.gr','Worker','Contact: 6969002851','Private'),
(41,'28065800041','Christina','Pappas','Vasilis','1958-06-28','Female','Greek',177,75,'Athens 41','6927551135','patient41@email.gr','Student','Contact: 6927551135','None'),
(42,'04087000042','Nikolas','Lekkas','Vasilis','1970-08-04','Female','Greek',183,65,'Athens 42','6928908276','patient42@email.gr','Engineer','Contact: 6928908276','Public'),
(43,'28049300043','Sofia','Alexiou','Alexandra','1993-04-28','Male','Greek',175,109,'Athens 43','6987535841','patient43@email.gr','Student','Contact: 6987535841','Public'),
(44,'16080500044','Michalis','Makris','Panagiotis','2005-08-16','Female','Greek',186,51,'Athens 44','6922086184','patient44@email.gr','Worker','Contact: 6922086184','None'),
(45,'02018500045','Christina','Savva','Stelios','1985-01-02','Female','Greek',186,88,'Athens 45','6997813295','patient45@email.gr','Unemployed','Contact: 6997813295','Private'),
(46,'09039500046','Nikolas','Papadopoulos','Maria','1995-03-09','Female','Greek',180,73,'Athens 46','6916072331','patient46@email.gr','Worker','Contact: 6916072331','Public'),
(47,'10098600047','Ilias','Zachariou','Stelios','1986-09-10','Male','Greek',179,82,'Athens 47','6970445541','patient47@email.gr','Lawyer','Contact: 6970445541','None'),
(48,'13025600048','Eirini','Karagiannis','Maria','1956-02-13','Female','Greek',176,85,'Athens 48','6959070856','patient48@email.gr','Teacher','Contact: 6959070856','Public'),
(49,'02010400049','Alexandra','Oikonomou','Petros','2004-01-02','Male','Greek',163,95,'Athens 49','6954699966','patient49@email.gr','Unemployed','Contact: 6954699966','None'),
(50,'11030500050','Christina','Diamanti','Alexandra','2005-03-11','Female','Greek',165,75,'Athens 50','6992745294','patient50@email.gr','Lawyer','Contact: 6992745294','None'),
(51,'16090500051','Vasilis','Oikonomou','Thanasis','2005-09-16','Female','Greek',185,102,'Athens 51','6912232974','patient51@email.gr','Student','Contact: 6912232974','Private'),
(52,'28127900052','Eirini','Lekkas','Loukas','1979-12-28','Male','Greek',193,80,'Athens 52','6945638891','patient52@email.gr','Doctor','Contact: 6945638891','None'),
(53,'21096100053','Nikos','Athanasiou','Panagiotis','1961-09-21','Female','Greek',164,102,'Athens 53','6942507072','patient53@email.gr','Retired','Contact: 6942507072','None'),
(54,'11084200054','Stefanos','Lekkas','Stelios','1942-08-11','Female','Greek',164,76,'Athens 54','6937365878','patient54@email.gr','Worker','Contact: 6937365878','None'),
(55,'05124700055','Michalis','Karagiannis','Panagiotis','1947-12-05','Male','Greek',190,70,'Athens 55','6998882576','patient55@email.gr','Unemployed','Contact: 6998882576','None'),
(56,'11099800056','Petros','Nikolaou','Kostas','1998-09-11','Female','Greek',171,89,'Athens 56','6974985553','patient56@email.gr','Doctor','Contact: 6974985553','Public'),
(57,'25056800057','Dimitris','Zachariou','Sofia','1968-05-25','Female','Greek',168,94,'Athens 57','6975632882','patient57@email.gr','Student','Contact: 6975632882','Private'),
(58,'04057500058','Anna','Zachariou','Niki','1975-05-04','Female','Greek',180,102,'Athens 58','6956323191','patient58@email.gr','Teacher','Contact: 6956323191','Private'),
(59,'15065000059','Nikos','Rapti','Stefanos','1950-06-15','Female','Greek',185,63,'Athens 59','6937121108','patient59@email.gr','Lawyer','Contact: 6937121108','None'),
(60,'24105300060','Stefanos','Vlachos','Eleni','1953-10-24','Male','Greek',170,53,'Athens 60','6999903592','patient60@email.gr','Doctor','Contact: 6999903592','None'),
(61,'23069200061','Katerina','Konstantinou','Maria','1992-06-23','Female','Greek',161,93,'Athens 61','6928450513','patient61@email.gr','Retired','Contact: 6928450513','None'),
(62,'21080000062','Kostas','Stergiou','Tasos','2000-08-21','Male','Greek',173,70,'Athens 62','6948307798','patient62@email.gr','Retired','Contact: 6948307798','Public'),
(63,'24120800063','Tasos','Athanasiou','Katerina','2008-12-24','Male','Greek',166,76,'Athens 63','6933593960','patient63@email.gr','Retired','Contact: 6933593960','Private'),
(64,'01017700064','Niki','Dimitriou','Kostas','1977-01-01','Female','Greek',191,88,'Athens 64','6924401654','patient64@email.gr','Student','Contact: 6924401654','Private'),
(65,'05080700065','Christina','Christodoulou','Nikolas','2007-08-05','Female','Greek',172,62,'Athens 65','6925119192','patient65@email.gr','Student','Contact: 6925119192','Public'),
(66,'06127200066','Theodora','Markou','Tasos','1972-12-06','Male','Greek',176,100,'Athens 66','6949597485','patient66@email.gr','Doctor','Contact: 6949597485','Public'),
(67,'11099400067','Alexandra','Christodoulou','Petros','1994-09-11','Male','Greek',180,92,'Athens 67','6922802372','patient67@email.gr','Teacher','Contact: 6922802372','Public'),
(68,'13054000068','Panagiotis','Nikolaou','Katerina','1940-05-13','Male','Greek',183,98,'Athens 68','6945835371','patient68@email.gr','Student','Contact: 6945835371','Private'),
(69,'12117300069','Ilias','Athanasiou','Giannis','1973-11-12','Male','Greek',158,92,'Athens 69','6925867870','patient69@email.gr','Unemployed','Contact: 6925867870','Private'),
(70,'25120400070','Kostas','Alexiou','Eirini','2004-12-25','Female','Greek',162,90,'Athens 70','6949599276','patient70@email.gr','Student','Contact: 6949599276','None'),
(71,'15030100071','Katerina','Savva','Eleni','2001-03-15','Female','Greek',181,94,'Athens 71','6983717007','patient71@email.gr','Unemployed','Contact: 6983717007','None'),
(72,'22046700072','Niki','Stavrou','Thanasis','1967-04-22','Male','Greek',188,78,'Athens 72','6980890196','patient72@email.gr','Student','Contact: 6980890196','Public'),
(73,'07091000073','Ilias','Lekkas','Nikos','2010-09-07','Male','Greek',165,70,'Athens 73','6979839059','patient73@email.gr','Unemployed','Contact: 6979839059','Public'),
(74,'17020200074','Eirini','Pappas','Stefanos','2002-02-17','Female','Greek',158,79,'Athens 74','6927709269','patient74@email.gr','Worker','Contact: 6927709269','Private'),
(75,'26119900075','Ilias','Konstantinou','Nikolas','1999-11-26','Female','Greek',156,75,'Athens 75','6944152669','patient75@email.gr','Retired','Contact: 6944152669','None'),
(76,'12074500076','Stelios','Athanasiou','Andreas','1945-07-12','Male','Greek',189,53,'Athens 76','6919263592','patient76@email.gr','Unemployed','Contact: 6919263592','Public'),
(77,'24115700077','Sofia','Stergiou','Kostas','1957-11-24','Female','Greek',178,107,'Athens 77','6961335545','patient77@email.gr','Unemployed','Contact: 6961335545','Private'),
(78,'21030900078','Petros','Georgiou','Eirini','2009-03-21','Female','Greek',162,61,'Athens 78','6982109613','patient78@email.gr','Worker','Contact: 6982109613','None'),
(79,'10014000079','Eleni','Savva','Thanasis','1940-01-10','Female','Greek',189,77,'Athens 79','6981394920','patient79@email.gr','Worker','Contact: 6981394920','Public'),
(80,'07055900080','Katerina','Markou','Anna','1959-05-07','Male','Greek',157,101,'Athens 80','6998610233','patient80@email.gr','Worker','Contact: 6998610233','None'),
(81,'04026600081','Michalis','Papadopoulos','Katerina','1966-02-04','Male','Greek',183,88,'Athens 81','6916533225','patient81@email.gr','Doctor','Contact: 6916533225','None'),
(82,'07096900082','Nikos','Alexiou','Christina','1969-09-07','Male','Greek',163,82,'Athens 82','6948824283','patient82@email.gr','Doctor','Contact: 6948824283','None'),
(83,'10048100083','Ilias','Nikolaou','Ilias','1981-04-10','Male','Greek',188,64,'Athens 83','6965507111','patient83@email.gr','Lawyer','Contact: 6965507111','Private'),
(84,'22116200084','Nikos','Zachariou','Ilias','1962-11-22','Female','Greek',190,81,'Athens 84','6916292676','patient84@email.gr','Student','Contact: 6916292676','None'),
(85,'23060700085','Eirini','Alexiou','Niki','2007-06-23','Female','Greek',181,59,'Athens 85','6950250352','patient85@email.gr','Worker','Contact: 6950250352','Public'),
(86,'10047000086','Michalis','Zachariou','Panagiotis','1970-04-10','Male','Greek',184,108,'Athens 86','6917734153','patient86@email.gr','Worker','Contact: 6917734153','Private'),
(87,'09048900087','Nikolas','Oikonomou','Eleni','1989-04-09','Male','Greek',176,91,'Athens 87','6920612653','patient87@email.gr','Unemployed','Contact: 6920612653','Private'),
(88,'09016400088','Andreas','Zachariou','Theodora','1964-01-09','Female','Greek',193,88,'Athens 88','6915307982','patient88@email.gr','Engineer','Contact: 6915307982','Public'),
(89,'07086700089','Niki','Athanasiou','Theodora','1967-08-07','Female','Greek',174,108,'Athens 89','6912058055','patient89@email.gr','Doctor','Contact: 6912058055','Public'),
(90,'23040100090','Theodora','Lekkas','Theodora','2001-04-23','Male','Greek',180,108,'Athens 90','6942122457','patient90@email.gr','Student','Contact: 6942122457','Private'),
(91,'09058500091','Petros','Markou','Nikolas','1985-05-09','Female','Greek',187,106,'Athens 91','6976743428','patient91@email.gr','Unemployed','Contact: 6976743428','Public'),
(92,'12048000092','Niki','Dimitriou','Michalis','1980-04-12','Female','Greek',181,52,'Athens 92','6985500790','patient92@email.gr','Doctor','Contact: 6985500790','None'),
(93,'19101000093','Eleni','Papadopoulos','Dimitris','2010-10-19','Female','Greek',173,59,'Athens 93','6936332415','patient93@email.gr','Student','Contact: 6936332415','Public'),
(94,'18087100094','Petros','Athanasiou','Thanasis','1971-08-18','Female','Greek',171,98,'Athens 94','6975581613','patient94@email.gr','Unemployed','Contact: 6975581613','Private'),
(95,'18125700095','Kostas','Papadaki','Kostas','1957-12-18','Female','Greek',166,108,'Athens 95','6982764376','patient95@email.gr','Retired','Contact: 6982764376','None'),
(96,'14014600096','Nikos','Georgiou','Thanasis','1946-01-14','Male','Greek',195,64,'Athens 96','6919122502','patient96@email.gr','Teacher','Contact: 6919122502','Public'),
(97,'20018700097','Stelios','Oikonomou','Christina','1987-01-20','Female','Greek',186,51,'Athens 97','6910887495','patient97@email.gr','Worker','Contact: 6910887495','Public'),
(98,'10097500098','Giannis','Oikonomou','Theodora','1975-09-10','Male','Greek',187,102,'Athens 98','6967790557','patient98@email.gr','Teacher','Contact: 6967790557','Public'),
(99,'20047000099','Maria','Oikonomou','Eleni','1970-04-20','Female','Greek',177,67,'Athens 99','6963270536','patient99@email.gr','Engineer','Contact: 6963270536','Private'),
(100,'08127100100','Petros','Markou','Ilias','1971-12-08','Female','Greek',160,91,'Athens 100','6997227356','patient100@email.gr','Retired','Contact: 6997227356','Public'),
(101,'02081000101','Petros','Alexiou','Petros','2010-08-02','Male','Greek',165,55,'Athens 101','6977089857','patient101@email.gr','Worker','Contact: 6977089857','None'),
(102,'02095200102','Niki','Nikolaou','Ilias','1952-09-02','Male','Greek',168,107,'Athens 102','6986072480','patient102@email.gr','Unemployed','Contact: 6986072480','Private'),
(103,'19097500103','Nikos','Georgiou','Eirini','1975-09-19','Male','Greek',166,109,'Athens 103','6952209421','patient103@email.gr','Retired','Contact: 6952209421','Public'),
(104,'10029000104','Ilias','Diamanti','Michalis','1990-02-10','Male','Greek',191,65,'Athens 104','6986060638','patient104@email.gr','Worker','Contact: 6986060638','None'),
(105,'24125700105','Nikolas','Nikolaou','Petros','1957-12-24','Male','Greek',187,97,'Athens 105','6956420476','patient105@email.gr','Retired','Contact: 6956420476','Public'),
(106,'20064900106','Loukas','Savva','Thanasis','1949-06-20','Female','Greek',175,51,'Athens 106','6995110541','patient106@email.gr','Lawyer','Contact: 6995110541','Private'),
(107,'14071000107','Panagiotis','Savva','Anna','2010-07-14','Male','Greek',192,92,'Athens 107','6961012496','patient107@email.gr','Engineer','Contact: 6961012496','None'),
(108,'09024900108','Sofia','Savva','Stefanos','1949-02-09','Male','Greek',179,95,'Athens 108','6995080736','patient108@email.gr','Teacher','Contact: 6995080736','None'),
(109,'01025300109','Petros','Nikolaou','Anna','1953-02-01','Female','Greek',183,73,'Athens 109','6946207439','patient109@email.gr','Engineer','Contact: 6946207439','Public'),
(110,'18099700110','Andreas','Makris','Loukas','1997-09-18','Female','Greek',161,51,'Athens 110','6922028437','patient110@email.gr','Student','Contact: 6922028437','None'),
(111,'01078100111','Andreas','Karagiannis','Alexandra','1981-07-01','Female','Greek',181,74,'Athens 111','6921368176','patient111@email.gr','Doctor','Contact: 6921368176','None'),
(112,'05038800112','Georgia','Makris','Eirini','1988-03-05','Female','Greek',174,67,'Athens 112','6976185975','patient112@email.gr','Teacher','Contact: 6976185975','Public'),
(113,'16059300113','Kostas','Stergiou','Dimitris','1993-05-16','Male','Greek',178,66,'Athens 113','6943096758','patient113@email.gr','Unemployed','Contact: 6943096758','None'),
(114,'10035300114','Alexandra','Pappas','Christina','1953-03-10','Male','Greek',180,71,'Athens 114','6993240786','patient114@email.gr','Worker','Contact: 6993240786','Private'),
(115,'11055700115','Christina','Nikolaou','Loukas','1957-05-11','Male','Greek',185,70,'Athens 115','6933842070','patient115@email.gr','Worker','Contact: 6933842070','Private'),
(116,'13067100116','Sofia','Christodoulou','Panagiotis','1971-06-13','Female','Greek',180,73,'Athens 116','6925285764','patient116@email.gr','Doctor','Contact: 6925285764','None'),
(117,'24011000117','Nikolas','Makris','Eirini','2010-01-24','Female','Greek',168,78,'Athens 117','6949101812','patient117@email.gr','Engineer','Contact: 6949101812','Private'),
(118,'09047800118','Eirini','Dimitriou','Eleni','1978-04-09','Male','Greek',182,100,'Athens 118','6960598851','patient118@email.gr','Engineer','Contact: 6960598851','Private'),
(119,'17099100119','Alexandra','Dimitriou','Ilias','1991-09-17','Female','Greek',189,52,'Athens 119','6958255231','patient119@email.gr','Engineer','Contact: 6958255231','Public'),
(120,'21038500120','Michalis','Savva','Eirini','1985-03-21','Male','Greek',191,91,'Athens 120','6996804457','patient120@email.gr','Worker','Contact: 6996804457','Private'),
(121,'09024100121','Niki','Stergiou','Maria','1941-02-09','Male','Greek',187,97,'Athens 121','6979631857','patient121@email.gr','Doctor','Contact: 6979631857','Private'),
(122,'12030400122','Anna','Alexiou','Christina','2004-03-12','Male','Greek',185,56,'Athens 122','6949652241','patient122@email.gr','Worker','Contact: 6949652241','Public'),
(123,'15067900123','Maria','Diamanti','Anna','1979-06-15','Male','Greek',188,80,'Athens 123','6956748074','patient123@email.gr','Unemployed','Contact: 6956748074','Public'),
(124,'02054800124','Christina','Markou','Vasilis','1948-05-02','Male','Greek',156,104,'Athens 124','6956047142','patient124@email.gr','Engineer','Contact: 6956047142','None'),
(125,'06097100125','Niki','Makris','Theodora','1971-09-06','Male','Greek',176,85,'Athens 125','6967226329','patient125@email.gr','Unemployed','Contact: 6967226329','Public'),
(126,'21036300126','Niki','Alexiou','Tasos','1963-03-21','Female','Greek',180,51,'Athens 126','6992424037','patient126@email.gr','Doctor','Contact: 6992424037','Private'),
(127,'07124000127','Ilias','Stergiou','Petros','1940-12-07','Male','Greek',172,98,'Athens 127','6918397164','patient127@email.gr','Engineer','Contact: 6918397164','None'),
(128,'04086500128','Kostas','Papadaki','Vasilis','1965-08-04','Female','Greek',186,83,'Athens 128','6995779702','patient128@email.gr','Student','Contact: 6995779702','None'),
(129,'12065400129','Petros','Karagiannis','Petros','1954-06-12','Female','Greek',194,61,'Athens 129','6949922369','patient129@email.gr','Engineer','Contact: 6949922369','None'),
(130,'04057000130','Eleni','Nikolaou','Maria','1970-05-04','Male','Greek',178,94,'Athens 130','6928972822','patient130@email.gr','Worker','Contact: 6928972822','Private'),
(131,'06078900131','Alexandra','Diamanti','Ilias','1989-07-06','Female','Greek',195,84,'Athens 131','6996605343','patient131@email.gr','Teacher','Contact: 6996605343','None'),
(132,'11035700132','Kostas','Dimitriou','Sofia','1957-03-11','Female','Greek',194,53,'Athens 132','6958189421','patient132@email.gr','Retired','Contact: 6958189421','Private'),
(133,'17098900133','Eleni','Pappas','Thanasis','1989-09-17','Female','Greek',181,93,'Athens 133','6975998330','patient133@email.gr','Worker','Contact: 6975998330','None'),
(134,'19026100134','Thanasis','Markou','Panagiotis','1961-02-19','Male','Greek',169,68,'Athens 134','6914388260','patient134@email.gr','Lawyer','Contact: 6914388260','Public'),
(135,'24109800135','Nikolas','Rapti','Kostas','1998-10-24','Female','Greek',190,82,'Athens 135','6925194922','patient135@email.gr','Engineer','Contact: 6925194922','Private'),
(136,'27098600136','Michalis','Zachariou','Thanasis','1986-09-27','Male','Greek',183,84,'Athens 136','6939332201','patient136@email.gr','Worker','Contact: 6939332201','Public'),
(137,'28057100137','Theodora','Christodoulou','Michalis','1971-05-28','Male','Greek',183,66,'Athens 137','6956785209','patient137@email.gr','Engineer','Contact: 6956785209','Private'),
(138,'20128400138','Maria','Savva','Stelios','1984-12-20','Female','Greek',165,89,'Athens 138','6928687800','patient138@email.gr','Doctor','Contact: 6928687800','Public'),
(139,'09098400139','Niki','Konstantinou','Ilias','1984-09-09','Male','Greek',175,95,'Athens 139','6949276764','patient139@email.gr','Lawyer','Contact: 6949276764','None'),
(140,'25035200140','Dimitris','Oikonomou','Eirini','1952-03-25','Female','Greek',158,67,'Athens 140','6998032908','patient140@email.gr','Teacher','Contact: 6998032908','None'),
(141,'25048100141','Eleni','Savva','Eleni','1981-04-25','Female','Greek',186,59,'Athens 141','6987500742','patient141@email.gr','Lawyer','Contact: 6987500742','None'),
(142,'26114900142','Loukas','Alexiou','Christina','1949-11-26','Male','Greek',180,82,'Athens 142','6947342819','patient142@email.gr','Student','Contact: 6947342819','Private'),
(143,'03124000143','Panagiotis','Nikolaou','Ilias','1940-12-03','Female','Greek',195,92,'Athens 143','6958079840','patient143@email.gr','Engineer','Contact: 6958079840','None'),
(144,'09086700144','Petros','Pappas','Loukas','1967-08-09','Female','Greek',173,71,'Athens 144','6983458776','patient144@email.gr','Teacher','Contact: 6983458776','None'),
(145,'04014600145','Panagiotis','Nikolaou','Eirini','1946-01-04','Female','Greek',156,57,'Athens 145','6931204188','patient145@email.gr','Unemployed','Contact: 6931204188','Private'),
(146,'10115600146','Giannis','Stergiou','Stelios','1956-11-10','Male','Greek',172,55,'Athens 146','6997857309','patient146@email.gr','Student','Contact: 6997857309','Private'),
(147,'13016100147','Andreas','Papadaki','Eirini','1961-01-13','Female','Greek',169,77,'Athens 147','6997977738','patient147@email.gr','Engineer','Contact: 6997977738','None'),
(148,'05020100148','Maria','Papadopoulos','Stelios','2001-02-05','Male','Greek',188,93,'Athens 148','6969735865','patient148@email.gr','Retired','Contact: 6969735865','Public'),
(149,'23075500149','Stefanos','Nikolaou','Thanasis','1955-07-23','Male','Greek',185,54,'Athens 149','6940728728','patient149@email.gr','Worker','Contact: 6940728728','Public'),
(150,'10068000150','Theodora','Lekkas','Maria','1980-06-10','Male','Greek',179,99,'Athens 150','6927870584','patient150@email.gr','Teacher','Contact: 6927870584','Public'),
(151,'12086100151','Georgia','Athanasiou','Giannis','1961-08-12','Male','Greek',195,97,'Athens 151','6930317091','patient151@email.gr','Worker','Contact: 6930317091','None'),
(152,'05025100152','Eirini','Markou','Stelios','1951-02-05','Male','Greek',192,96,'Athens 152','6961543890','patient152@email.gr','Student','Contact: 6961543890','Private'),
(153,'03117500153','Vasilis','Diamanti','Katerina','1975-11-03','Male','Greek',190,88,'Athens 153','6990531692','patient153@email.gr','Lawyer','Contact: 6990531692','None'),
(154,'20096600154','Giannis','Stavrou','Sofia','1966-09-20','Male','Greek',180,68,'Athens 154','6996727439','patient154@email.gr','Retired','Contact: 6996727439','Public'),
(155,'21087000155','Panagiotis','Alexiou','Maria','1970-08-21','Male','Greek',188,106,'Athens 155','6911619606','patient155@email.gr','Student','Contact: 6911619606','Private'),
(156,'18069300156','Eleni','Alexiou','Thanasis','1993-06-18','Male','Greek',185,99,'Athens 156','6919796799','patient156@email.gr','Retired','Contact: 6919796799','None'),
(157,'02016700157','Andreas','Papadopoulos','Dimitris','1967-01-02','Female','Greek',187,68,'Athens 157','6994365330','patient157@email.gr','Worker','Contact: 6994365330','Private'),
(158,'20090800158','Stefanos','Alexiou','Andreas','2008-09-20','Male','Greek',172,55,'Athens 158','6951594998','patient158@email.gr','Engineer','Contact: 6951594998','None'),
(159,'19078100159','Stelios','Diamanti','Nikolas','1981-07-19','Male','Greek',174,94,'Athens 159','6968718382','patient159@email.gr','Doctor','Contact: 6968718382','Public'),
(160,'20085400160','Katerina','Georgiou','Loukas','1954-08-20','Male','Greek',174,92,'Athens 160','6998322292','patient160@email.gr','Teacher','Contact: 6998322292','Public'),
(161,'16034100161','Giannis','Diamanti','Stefanos','1941-03-16','Female','Greek',188,83,'Athens 161','6944795538','patient161@email.gr','Teacher','Contact: 6944795538','Private'),
(162,'11015500162','Eleni','Vlachos','Theodora','1955-01-11','Female','Greek',172,83,'Athens 162','6918572753','patient162@email.gr','Lawyer','Contact: 6918572753','None'),
(163,'17080300163','Ilias','Christodoulou','Andreas','2003-08-17','Female','Greek',158,81,'Athens 163','6986086168','patient163@email.gr','Teacher','Contact: 6986086168','Private'),
(164,'22105300164','Kostas','Vlachos','Michalis','1953-10-22','Male','Greek',169,97,'Athens 164','6978293320','patient164@email.gr','Retired','Contact: 6978293320','Public'),
(165,'13060000165','Giannis','Savva','Nikos','2000-06-13','Male','Greek',166,109,'Athens 165','6914746418','patient165@email.gr','Worker','Contact: 6914746418','Public'),
(166,'27058000166','Vasilis','Savva','Loukas','1980-05-27','Male','Greek',191,73,'Athens 166','6926025721','patient166@email.gr','Retired','Contact: 6926025721','Public'),
(167,'15029100167','Katerina','Oikonomou','Nikos','1991-02-15','Female','Greek',174,70,'Athens 167','6921594468','patient167@email.gr','Unemployed','Contact: 6921594468','Public'),
(168,'20127800168','Anna','Pappas','Sofia','1978-12-20','Male','Greek',184,73,'Athens 168','6989415412','patient168@email.gr','Unemployed','Contact: 6989415412','Public'),
(169,'01037100169','Theodora','Zachariou','Michalis','1971-03-01','Female','Greek',156,64,'Athens 169','6982684966','patient169@email.gr','Student','Contact: 6982684966','None'),
(170,'13114000170','Thanasis','Papadopoulos','Vasilis','1940-11-13','Female','Greek',161,63,'Athens 170','6981110496','patient170@email.gr','Doctor','Contact: 6981110496','Private'),
(171,'02027500171','Panagiotis','Konstantinou','Eleni','1975-02-02','Male','Greek',188,76,'Athens 171','6959995026','patient171@email.gr','Unemployed','Contact: 6959995026','None'),
(172,'21030400172','Andreas','Athanasiou','Maria','2004-03-21','Female','Greek',159,87,'Athens 172','6986211608','patient172@email.gr','Retired','Contact: 6986211608','Private'),
(173,'28057700173','Eirini','Diamanti','Katerina','1977-05-28','Female','Greek',180,94,'Athens 173','6953788744','patient173@email.gr','Student','Contact: 6953788744','Private'),
(174,'25036500174','Dimitris','Savva','Andreas','1965-03-25','Male','Greek',164,56,'Athens 174','6932062036','patient174@email.gr','Unemployed','Contact: 6932062036','Private'),
(175,'25060800175','Vasilis','Stergiou','Maria','2008-06-25','Male','Greek',183,69,'Athens 175','6972189327','patient175@email.gr','Lawyer','Contact: 6972189327','Public'),
(176,'23127800176','Andreas','Makris','Niki','1978-12-23','Male','Greek',168,103,'Athens 176','6953995720','patient176@email.gr','Teacher','Contact: 6953995720','Public'),
(177,'02099000177','Stefanos','Savva','Anna','1990-09-02','Female','Greek',171,102,'Athens 177','6933336132','patient177@email.gr','Retired','Contact: 6933336132','Private'),
(178,'04041000178','Christina','Zachariou','Theodora','2010-04-04','Female','Greek',161,101,'Athens 178','6928762704','patient178@email.gr','Engineer','Contact: 6928762704','Public'),
(179,'12076500179','Nikos','Savva','Eleni','1965-07-12','Male','Greek',192,87,'Athens 179','6944738319','patient179@email.gr','Engineer','Contact: 6944738319','Public'),
(180,'03039600180','Andreas','Pappas','Tasos','1996-03-03','Female','Greek',162,52,'Athens 180','6971873691','patient180@email.gr','Retired','Contact: 6971873691','Public'),
(181,'01089000181','Ilias','Stergiou','Thanasis','1990-08-01','Female','Greek',182,61,'Athens 181','6957505459','patient181@email.gr','Doctor','Contact: 6957505459','Public'),
(182,'20015900182','Dimitris','Vlachos','Christina','1959-01-20','Male','Greek',173,81,'Athens 182','6965296657','patient182@email.gr','Unemployed','Contact: 6965296657','Public'),
(183,'07075700183','Andreas','Vlachos','Petros','1957-07-07','Male','Greek',195,101,'Athens 183','6982968364','patient183@email.gr','Retired','Contact: 6982968364','Private'),
(184,'12080900184','Niki','Papadaki','Panagiotis','2009-08-12','Female','Greek',179,67,'Athens 184','6934134478','patient184@email.gr','Retired','Contact: 6934134478','Private'),
(185,'26017500185','Alexandra','Savva','Giannis','1975-01-26','Female','Greek',188,72,'Athens 185','6988381665','patient185@email.gr','Doctor','Contact: 6988381665','Public'),
(186,'18057000186','Maria','Savva','Eirini','1970-05-18','Male','Greek',169,86,'Athens 186','6962133188','patient186@email.gr','Student','Contact: 6962133188','Public'),
(187,'23128000187','Kostas','Savva','Ilias','1980-12-23','Female','Greek',192,51,'Athens 187','6957201978','patient187@email.gr','Teacher','Contact: 6957201978','None'),
(188,'16037900188','Stelios','Dimitriou','Nikolas','1979-03-16','Male','Greek',160,53,'Athens 188','6941222178','patient188@email.gr','Doctor','Contact: 6941222178','Public'),
(189,'07108200189','Georgia','Dimitriou','Giannis','1982-10-07','Male','Greek',176,95,'Athens 189','6933818260','patient189@email.gr','Student','Contact: 6933818260','Public'),
(190,'28025800190','Giannis','Diamanti','Ilias','1958-02-28','Female','Greek',159,73,'Athens 190','6998870866','patient190@email.gr','Worker','Contact: 6998870866','None'),
(191,'06038100191','Maria','Nikolaou','Sofia','1981-03-06','Female','Greek',195,81,'Athens 191','6997131500','patient191@email.gr','Student','Contact: 6997131500','Public'),
(192,'22048500192','Stefanos','Zachariou','Stefanos','1985-04-22','Male','Greek',179,69,'Athens 192','6949529438','patient192@email.gr','Teacher','Contact: 6949529438','Public'),
(193,'02109000193','Theodora','Papadopoulos','Stefanos','1990-10-02','Male','Greek',193,70,'Athens 193','6992058189','patient193@email.gr','Doctor','Contact: 6992058189','None'),
(194,'24065800194','Ilias','Lekkas','Panagiotis','1958-06-24','Male','Greek',170,72,'Athens 194','6952885071','patient194@email.gr','Teacher','Contact: 6952885071','None'),
(195,'01088200195','Andreas','Stavrou','Tasos','1982-08-01','Female','Greek',168,65,'Athens 195','6919099261','patient195@email.gr','Student','Contact: 6919099261','Private'),
(196,'13014000196','Niki','Lekkas','Theodora','1940-01-13','Female','Greek',181,60,'Athens 196','6965568711','patient196@email.gr','Unemployed','Contact: 6965568711','Private'),
(197,'26085200197','Anna','Zachariou','Petros','1952-08-26','Male','Greek',165,78,'Athens 197','6919893106','patient197@email.gr','Retired','Contact: 6919893106','Private'),
(198,'11025300198','Giannis','Nikolaou','Dimitris','1953-02-11','Male','Greek',179,60,'Athens 198','6920066654','patient198@email.gr','Engineer','Contact: 6920066654','Private'),
(199,'21074300199','Alexandra','Karagiannis','Panagiotis','1943-07-21','Male','Greek',193,106,'Athens 199','6968277389','patient199@email.gr','Teacher','Contact: 6968277389','Public'),
(200,'23076400200','Maria','Nikolaou','Stelios','1964-07-23','Female','Greek',173,69,'Athens 200','6941883191','patient200@email.gr','Engineer','Contact: 6941883191','Public');



INSERT IGNORE INTO `triage` (`triage_id`,`patient_id`,`nurse_id`,`arrival_time`,`emergency_level`,`symptoms`,`outcome`) VALUES
(1,1,42,'2023-01-05 02:09:09',2,'Back pain','Hospitalization'),
(2,1,8,'2024-05-25 01:05:24',3,'Dizziness','Hospitalization'),
(3,1,57,'2025-11-07 23:35:59',4,'Back pain','Hospitalization'),
(4,1,52,'2023-06-11 21:39:33',5,'High blood pressure','Hospitalization'),
(5,2,57,'2024-08-25 18:16:24',1,'Back pain','Hospitalization'),
(6,2,42,'2024-01-19 04:29:35',1,'Abdominal pain','Hospitalization'),
(7,2,7,'2023-07-21 22:21:34',5,'Cough','Hospitalization'),
(8,2,4,'2025-02-28 01:33:35',5,'Cough','Hospitalization'),
(9,3,16,'2024-01-30 09:47:40',4,'Headache','Hospitalization'),
(10,3,30,'2025-06-06 22:48:50',2,'Fever','Hospitalization'),
(11,3,48,'2024-05-03 01:54:25',1,'High blood pressure','Hospitalization'),
(12,3,40,'2023-11-18 02:01:39',1,'Cough','Hospitalization'),
(13,4,53,'2025-05-13 16:59:29',3,'Chest pain','Hospitalization'),
(14,4,8,'2025-10-06 15:44:14',3,'High blood pressure','Hospitalization'),
(15,4,45,'2024-08-01 00:50:46',5,'Headache','Hospitalization'),
(16,4,13,'2025-02-11 20:57:12',3,'Cough','Hospitalization'),
(17,5,60,'2023-02-12 04:26:58',4,'Chest pain','Hospitalization'),
(18,5,48,'2024-07-13 01:25:11',1,'Nausea','Hospitalization'),
(19,5,47,'2025-09-27 00:12:30',5,'Dizziness','Hospitalization'),
(20,5,39,'2025-07-16 02:38:48',4,'Shortness of breath','Hospitalization'),
(21,6,27,'2024-06-25 04:49:40',2,'Dizziness','Hospitalization'),
(22,6,46,'2024-03-19 08:25:19',2,'Cough','Hospitalization'),
(23,6,21,'2025-07-16 00:37:38',5,'Back pain','Hospitalization'),
(24,6,57,'2025-09-20 04:24:17',5,'Abdominal pain','Hospitalization'),
(25,7,4,'2023-02-26 18:32:35',1,'Back pain','Hospitalization'),
(26,7,49,'2023-09-26 12:48:37',3,'Severe injury','Hospitalization'),
(27,7,16,'2025-10-16 15:47:17',5,'Shortness of breath','Hospitalization'),
(28,7,4,'2024-06-11 02:40:43',3,'Nausea','Hospitalization'),
(29,8,35,'2024-12-20 07:40:07',3,'Cough','Hospitalization'),
(30,8,12,'2024-09-22 10:50:30',1,'Dizziness','Hospitalization'),
(31,8,11,'2024-08-04 11:52:30',3,'Dizziness','Hospitalization'),
(32,8,39,'2025-01-16 20:16:23',2,'Headache','Hospitalization'),
(33,9,5,'2024-08-10 17:44:11',5,'Headache','Hospitalization'),
(34,9,11,'2024-07-21 12:24:08',1,'Nausea','Hospitalization'),
(35,10,43,'2024-05-16 00:40:17',2,'Severe injury','Hospitalization'),
(36,10,31,'2024-10-19 15:15:34',5,'Nausea','Hospitalization'),
(37,11,16,'2024-12-17 14:31:04',5,'Cough','Hospitalization'),
(38,11,47,'2024-05-30 04:37:27',3,'Nausea','Hospitalization'),
(39,12,32,'2024-11-08 02:47:39',5,'High blood pressure','Hospitalization'),
(40,12,50,'2024-02-02 07:30:54',1,'Dizziness','Hospitalization'),
(41,13,28,'2024-09-01 19:30:00',2,'Back pain','Hospitalization'),
(42,13,10,'2024-09-08 10:23:12',1,'Back pain','Hospitalization'),
(43,14,51,'2024-01-29 18:43:16',1,'Dizziness','Hospitalization'),
(44,14,25,'2024-12-20 03:00:37',3,'Shortness of breath','Hospitalization'),
(45,15,1,'2024-09-18 19:35:56',1,'Nausea','Hospitalization'),
(46,15,60,'2024-01-19 00:14:52',1,'Headache','Hospitalization'),
(47,16,49,'2024-08-23 21:36:12',1,'Abdominal pain','Hospitalization'),
(48,16,15,'2024-07-03 09:53:07',2,'Nausea','Hospitalization'),
(49,17,36,'2024-04-26 02:05:16',3,'Chest pain','Hospitalization'),
(50,17,35,'2024-08-10 18:07:27',5,'Shortness of breath','Hospitalization'),
(51,18,55,'2024-03-23 13:31:52',4,'Back pain','Hospitalization'),
(52,18,8,'2024-08-27 21:47:03',3,'Severe injury','Hospitalization'),
(53,138,7,'2023-04-24 05:04:45',1,'Abdominal pain','Hospitalization'),
(54,104,19,'2023-09-19 00:55:41',2,'Fever','Hospitalization'),
(55,144,10,'2023-08-28 16:43:40',3,'Cough','Hospitalization'),
(56,129,46,'2023-05-02 23:22:24',2,'Severe injury','Hospitalization'),
(57,112,29,'2023-12-08 06:29:20',4,'High blood pressure','Hospitalization'),
(58,161,54,'2024-09-08 00:58:37',5,'Fever','Hospitalization'),
(59,87,55,'2024-10-09 20:05:45',1,'Chest pain','Hospitalization'),
(60,168,17,'2024-12-18 07:21:41',1,'Nausea','Hospitalization'),
(61,58,9,'2024-03-28 01:22:07',5,'Abdominal pain','Hospitalization'),
(62,121,44,'2024-09-14 16:36:40',2,'Cough','Hospitalization'),
(63,134,56,'2023-08-09 06:49:55',5,'Back pain','Hospitalization'),
(64,30,24,'2023-04-01 08:03:56',1,'Abdominal pain','Hospitalization'),
(65,112,3,'2023-12-23 19:27:58',4,'Chest pain','Hospitalization'),
(66,153,35,'2023-11-21 13:34:24',3,'Cough','Hospitalization'),
(67,116,59,'2023-07-20 23:38:50',3,'Shortness of breath','Hospitalization'),
(68,108,33,'2024-12-10 21:02:30',5,'Chest pain','Hospitalization'),
(69,39,11,'2024-03-23 11:28:56',2,'Dizziness','Hospitalization'),
(70,78,44,'2024-10-07 01:16:09',1,'High blood pressure','Hospitalization'),
(71,61,9,'2024-01-10 01:12:44',2,'Chest pain','Hospitalization'),
(72,181,4,'2024-12-12 06:50:09',5,'Dizziness','Hospitalization'),
(73,123,14,'2023-12-08 12:17:49',3,'Fever','Hospitalization'),
(74,63,53,'2023-08-22 16:13:21',2,'Cough','Hospitalization'),
(75,62,38,'2023-12-25 12:56:35',4,'Cough','Hospitalization'),
(76,53,44,'2023-03-20 22:01:30',5,'Nausea','Hospitalization'),
(77,65,49,'2023-12-08 05:14:51',5,'Nausea','Hospitalization'),
(78,53,27,'2024-12-14 16:21:23',4,'Nausea','Hospitalization'),
(79,78,38,'2024-11-02 23:11:29',4,'Headache','Hospitalization'),
(80,128,19,'2024-07-04 15:16:43',2,'Fever','Hospitalization'),
(81,68,34,'2024-08-12 19:13:50',5,'Fever','Hospitalization'),
(82,100,42,'2024-02-11 17:25:39',2,'Shortness of breath','Hospitalization'),
(83,109,27,'2024-04-17 08:24:37',4,'Severe injury','Hospitalization'),
(84,95,23,'2025-04-09 21:22:44',3,'Cough','Hospitalization'),
(85,192,14,'2024-09-28 22:03:18',2,'Fever','Hospitalization'),
(86,179,1,'2025-03-04 18:11:12',4,'Back pain','Hospitalization'),
(87,23,3,'2024-05-24 08:26:02',1,'Cough','Hospitalization'),
(88,74,32,'2025-10-28 18:33:12',2,'Back pain','Hospitalization'),
(89,74,45,'2023-08-22 03:53:02',5,'Nausea','Hospitalization'),
(90,93,50,'2025-03-03 11:29:29',1,'Abdominal pain','Hospitalization'),
(91,52,36,'2023-10-01 14:13:54',1,'Fever','Hospitalization'),
(92,89,60,'2024-08-23 19:42:59',2,'High blood pressure','Hospitalization'),
(93,105,22,'2023-01-29 10:41:10',5,'Abdominal pain','Hospitalization'),
(94,148,50,'2025-05-27 18:38:34',5,'High blood pressure','Hospitalization'),
(95,151,25,'2023-02-15 11:41:56',3,'Fever','Hospitalization'),
(96,81,16,'2024-07-27 08:38:15',1,'Abdominal pain','Hospitalization'),
(97,20,58,'2023-05-03 05:30:22',3,'Severe injury','Hospitalization'),
(98,128,14,'2023-10-13 22:41:44',2,'Abdominal pain','Hospitalization'),
(99,40,43,'2023-12-24 16:46:30',1,'Back pain','Hospitalization'),
(100,124,32,'2025-07-11 12:56:41',5,'Abdominal pain','Hospitalization'),
(101,57,31,'2025-01-22 08:41:51',5,'Shortness of breath','Hospitalization'),
(102,176,21,'2023-02-17 01:54:45',5,'High blood pressure','Hospitalization'),
(103,98,12,'2023-05-21 18:22:40',5,'Abdominal pain','Hospitalization'),
(104,157,27,'2024-07-13 00:52:24',4,'Severe injury','Hospitalization'),
(105,72,15,'2023-02-21 06:18:20',5,'Back pain','Hospitalization'),
(106,111,52,'2024-02-26 23:21:43',2,'High blood pressure','Hospitalization'),
(107,162,17,'2025-05-03 22:47:28',4,'Abdominal pain','Hospitalization'),
(108,177,54,'2023-11-13 09:20:03',3,'High blood pressure','Hospitalization'),
(109,93,2,'2025-11-11 21:53:42',3,'Headache','Hospitalization'),
(110,51,50,'2025-09-10 10:20:20',5,'Dizziness','Hospitalization'),
(111,125,40,'2025-12-12 19:58:31',1,'Shortness of breath','Hospitalization'),
(112,87,6,'2025-08-11 08:02:54',4,'Fever','Hospitalization'),
(113,168,57,'2025-08-24 10:35:48',4,'Abdominal pain','Hospitalization'),
(114,116,47,'2023-11-29 01:49:53',1,'Dizziness','Hospitalization'),
(115,54,36,'2024-02-07 10:37:30',1,'High blood pressure','Hospitalization'),
(116,27,15,'2025-02-03 01:50:16',4,'Abdominal pain','Hospitalization'),
(117,33,43,'2025-03-08 14:10:54',1,'Chest pain','Hospitalization'),
(118,70,38,'2024-09-28 06:18:59',5,'Dizziness','Hospitalization'),
(119,164,35,'2025-12-20 07:46:40',3,'High blood pressure','Hospitalization'),
(120,94,34,'2024-04-28 05:30:16',1,'Chest pain','Hospitalization'),
(121,3,50,'2024-07-04 14:35:14',3,'Chest pain','Hospitalization'),
(122,2,26,'2024-06-09 05:39:23',5,'Shortness of breath','Hospitalization'),
(123,68,52,'2024-04-03 08:52:40',5,'Cough','Hospitalization'),
(124,69,19,'2023-01-27 22:07:49',2,'Dizziness','Hospitalization'),
(125,70,10,'2025-03-15 06:19:28',3,'Chest pain','Hospitalization'),
(126,73,6,'2023-06-20 14:20:21',1,'Severe injury','Hospitalization'),
(127,108,6,'2024-06-29 09:51:08',1,'Headache','Hospitalization'),
(128,140,54,'2023-12-15 04:31:10',3,'Shortness of breath','Hospitalization'),
(129,64,43,'2023-06-29 07:17:24',1,'Nausea','Hospitalization'),
(130,83,8,'2025-01-17 17:12:04',5,'Nausea','Hospitalization'),
(131,14,28,'2025-02-14 04:34:10',2,'Back pain','Hospitalization'),
(132,31,45,'2023-01-17 15:24:23',5,'High blood pressure','Hospitalization'),
(133,41,4,'2023-08-29 14:11:16',3,'Back pain','Hospitalization'),
(134,28,49,'2024-05-03 08:13:35',5,'Back pain','Hospitalization'),
(135,177,32,'2024-02-22 15:47:41',3,'Chest pain','Hospitalization'),
(136,179,21,'2023-03-14 19:29:13',5,'Headache','Hospitalization'),
(137,42,35,'2025-06-24 20:33:51',3,'Abdominal pain','Hospitalization'),
(138,98,16,'2023-08-30 00:20:42',3,'Cough','Hospitalization'),
(139,100,40,'2025-07-13 13:29:39',5,'Dizziness','Hospitalization'),
(140,29,12,'2025-01-27 05:30:04',1,'Dizziness','Hospitalization'),
(141,26,32,'2025-11-22 02:52:35',4,'Back pain','Hospitalization'),
(142,94,42,'2025-01-28 20:35:35',1,'Severe injury','Hospitalization'),
(143,93,53,'2025-11-16 13:50:32',3,'Chest pain','Hospitalization'),
(144,78,35,'2023-02-08 01:13:01',1,'Severe injury','Hospitalization'),
(145,146,48,'2023-10-19 06:59:51',5,'Shortness of breath','Hospitalization'),
(146,180,26,'2024-03-06 02:46:31',2,'Nausea','Hospitalization'),
(147,114,27,'2024-08-01 23:07:46',3,'Headache','Hospitalization'),
(148,145,24,'2023-10-25 16:55:04',5,'Abdominal pain','Hospitalization'),
(149,73,20,'2023-02-22 19:05:24',3,'Chest pain','Hospitalization'),
(150,142,7,'2025-12-26 22:13:21',5,'Dizziness','Hospitalization'),
(151,68,6,'2025-04-01 19:39:46',3,'Abdominal pain','Hospitalization'),
(152,186,39,'2024-07-08 23:03:57',5,'Fever','Hospitalization'),
(153,21,27,'2023-05-11 04:44:14',3,'Shortness of breath','Hospitalization'),
(154,3,3,'2025-01-22 08:30:32',3,'Nausea','Hospitalization'),
(155,129,49,'2023-01-20 22:52:43',4,'High blood pressure','Hospitalization'),
(156,111,31,'2024-02-21 16:05:28',3,'Fever','Hospitalization'),
(157,68,31,'2024-06-18 01:45:02',2,'Dizziness','Hospitalization'),
(158,51,5,'2025-07-23 22:20:36',2,'Severe injury','Hospitalization'),
(159,23,13,'2025-06-14 19:41:04',3,'Headache','Hospitalization'),
(160,198,10,'2023-08-28 15:35:45',4,'Cough','Hospitalization'),
(161,40,16,'2025-02-03 15:50:54',1,'Chest pain','Hospitalization'),
(162,178,22,'2023-06-25 02:52:40',4,'Chest pain','Hospitalization'),
(163,140,45,'2024-07-06 22:07:54',5,'Dizziness','Hospitalization'),
(164,170,13,'2023-03-08 11:29:39',1,'Abdominal pain','Hospitalization'),
(165,168,55,'2023-09-14 19:07:15',3,'Back pain','Hospitalization'),
(166,167,32,'2023-07-17 19:56:21',1,'Headache','Hospitalization'),
(167,129,60,'2025-01-09 16:17:13',1,'Severe injury','Hospitalization'),
(168,191,41,'2023-09-24 02:14:38',3,'Headache','Hospitalization'),
(169,161,15,'2024-01-12 18:38:31',5,'Abdominal pain','Hospitalization'),
(170,23,44,'2024-09-20 15:22:13',5,'Back pain','Hospitalization'),
(171,110,14,'2025-06-24 18:33:36',5,'Dizziness','Hospitalization'),
(172,36,28,'2025-12-16 07:57:41',5,'Dizziness','Hospitalization'),
(173,18,54,'2025-02-16 07:26:58',2,'Headache','Hospitalization'),
(174,106,50,'2024-11-15 10:47:06',3,'Dizziness','Hospitalization'),
(175,196,15,'2025-08-24 12:38:35',5,'Cough','Hospitalization'),
(176,92,55,'2025-07-05 10:15:16',2,'Nausea','Hospitalization'),
(177,126,27,'2023-03-17 09:18:43',2,'Chest pain','Hospitalization'),
(178,194,32,'2023-12-27 09:13:41',4,'Cough','Hospitalization'),
(179,104,26,'2023-10-13 21:47:20',4,'Headache','Hospitalization'),
(180,135,29,'2025-01-16 06:57:27',5,'Fever','Hospitalization'),
(181,102,4,'2023-05-31 18:48:34',5,'Back pain','Hospitalization'),
(182,199,40,'2024-03-05 23:46:03',4,'Abdominal pain','Hospitalization'),
(183,166,50,'2023-07-14 18:28:07',1,'Dizziness','Hospitalization'),
(184,106,58,'2024-03-10 19:16:09',4,'Cough','Hospitalization'),
(185,83,6,'2025-11-06 15:47:22',2,'Fever','Hospitalization'),
(186,22,11,'2025-10-10 14:57:18',5,'Cough','Hospitalization'),
(187,86,12,'2025-02-28 14:56:15',2,'Dizziness','Hospitalization'),
(188,187,58,'2024-08-31 14:57:49',2,'Fever','Hospitalization'),
(189,4,39,'2024-07-12 23:40:57',5,'Chest pain','Hospitalization'),
(190,117,16,'2024-08-21 19:44:40',5,'Chest pain','Hospitalization'),
(191,54,10,'2023-01-22 17:13:59',3,'Chest pain','Hospitalization'),
(192,85,11,'2023-02-12 14:54:23',4,'Dizziness','Hospitalization'),
(193,147,60,'2025-06-27 04:03:22',5,'Headache','Hospitalization'),
(194,98,19,'2023-06-16 06:56:48',5,'Fever','Hospitalization'),
(195,85,4,'2024-03-22 19:54:02',2,'Cough','Hospitalization'),
(196,186,39,'2025-10-02 19:54:21',3,'Shortness of breath','Hospitalization'),
(197,91,47,'2023-08-07 20:07:55',4,'Nausea','Hospitalization'),
(198,60,30,'2024-01-01 22:44:06',1,'Chest pain','Hospitalization'),
(199,107,14,'2023-05-17 02:58:28',5,'Back pain','Hospitalization'),
(200,66,21,'2023-04-27 22:50:58',5,'Nausea','Hospitalization'),
(201,186,22,'2025-11-20 11:12:02',2,'Severe injury','Hospitalization'),
(202,166,58,'2024-08-31 21:55:56',4,'Nausea','Hospitalization'),
(203,77,2,'2025-05-03 20:41:58',5,'Nausea','Hospitalization'),
(204,39,37,'2023-05-27 01:29:51',5,'Dizziness','Hospitalization'),
(205,193,27,'2025-05-03 11:20:48',1,'Abdominal pain','Hospitalization'),
(206,78,51,'2025-03-10 07:14:13',1,'Headache','Hospitalization'),
(207,130,60,'2024-03-01 04:06:32',2,'Headache','Hospitalization'),
(208,37,47,'2023-07-20 18:50:06',2,'Severe injury','Hospitalization'),
(209,2,22,'2023-11-26 17:05:19',5,'Fever','Hospitalization'),
(210,6,13,'2024-12-12 19:18:22',2,'Headache','Hospitalization'),
(211,198,18,'2025-04-17 05:19:17',2,'Dizziness','Hospitalization'),
(212,27,10,'2025-08-02 16:27:32',3,'Abdominal pain','Hospitalization'),
(213,44,29,'2024-12-12 20:18:30',3,'Nausea','Hospitalization'),
(214,28,46,'2023-06-15 22:56:55',4,'Dizziness','Hospitalization'),
(215,80,60,'2023-10-22 20:49:26',5,'Fever','Hospitalization'),
(216,25,15,'2024-09-07 14:25:00',4,'High blood pressure','Hospitalization'),
(217,101,32,'2025-05-09 14:52:46',3,'High blood pressure','Hospitalization'),
(218,123,37,'2023-10-26 13:44:01',3,'Cough','Hospitalization'),
(219,84,30,'2025-11-05 01:59:30',3,'Nausea','Hospitalization'),
(220,63,14,'2023-05-30 09:25:43',1,'Headache','Hospitalization'),
(221,88,54,'2025-03-09 13:16:24',1,'Cough','Hospitalization'),
(222,84,26,'2023-06-23 05:42:57',2,'Abdominal pain','Hospitalization'),
(223,198,14,'2024-07-11 07:09:52',1,'Fever','Hospitalization'),
(224,116,13,'2024-08-27 09:32:54',5,'High blood pressure','Hospitalization'),
(225,174,38,'2024-12-21 17:31:01',3,'Fever','Hospitalization'),
(226,76,53,'2024-01-21 23:10:56',1,'Nausea','Hospitalization'),
(227,111,26,'2025-09-01 03:25:10',3,'Shortness of breath','Hospitalization'),
(228,122,10,'2023-05-30 16:41:08',3,'Shortness of breath','Hospitalization'),
(229,19,28,'2023-10-08 11:22:08',4,'Back pain','Hospitalization'),
(230,117,12,'2025-12-28 15:07:37',4,'Cough','Hospitalization'),
(231,99,37,'2023-06-15 07:09:38',5,'Chest pain','Hospitalization'),
(232,106,37,'2025-05-23 20:24:30',1,'Chest pain','Hospitalization'),
(233,124,30,'2023-10-11 21:49:18',5,'Abdominal pain','Hospitalization'),
(234,63,41,'2025-09-16 02:28:35',1,'Back pain','Hospitalization'),
(235,14,30,'2024-10-29 16:23:55',1,'High blood pressure','Hospitalization'),
(236,91,48,'2024-03-06 09:17:21',1,'Cough','Hospitalization'),
(237,162,19,'2025-08-11 19:26:31',1,'Back pain','Hospitalization'),
(238,22,9,'2025-11-28 00:02:41',3,'Abdominal pain','Hospitalization'),
(239,190,43,'2025-12-20 19:02:25',5,'Dizziness','Hospitalization'),
(240,125,10,'2025-01-14 04:25:33',3,'Fever','Hospitalization'),
(241,61,37,'2024-09-04 22:37:35',2,'Severe injury','Hospitalization'),
(242,194,31,'2023-03-07 10:08:56',4,'Shortness of breath','Hospitalization'),
(243,175,56,'2024-04-12 07:50:37',2,'Nausea','Hospitalization'),
(244,174,41,'2025-01-17 06:18:42',1,'Nausea','Hospitalization'),
(245,86,38,'2024-02-08 12:00:21',3,'Back pain','Hospitalization'),
(246,198,36,'2025-09-21 12:47:27',2,'Headache','Hospitalization'),
(247,106,15,'2025-09-24 13:19:08',4,'Headache','Hospitalization'),
(248,7,41,'2023-08-20 01:46:22',2,'Cough','Hospitalization'),
(249,34,58,'2025-12-16 19:38:59',5,'Dizziness','Hospitalization'),
(250,120,45,'2023-06-26 10:24:07',3,'Shortness of breath','Hospitalization'),
(251,200,22,'2024-01-25 13:29:33',4,'Shortness of breath','Hospitalization'),
(252,18,32,'2023-06-02 19:37:05',2,'Back pain','Hospitalization'),
(253,158,3,'2023-10-06 04:00:51',3,'Fever','Hospitalization'),
(254,5,43,'2024-09-10 21:08:45',1,'Chest pain','Hospitalization'),
(255,101,28,'2023-10-03 03:21:45',4,'High blood pressure','Hospitalization'),
(256,1,37,'2025-10-31 04:32:28',4,'Fever','Hospitalization'),
(257,103,55,'2025-02-05 13:04:38',3,'Nausea','Hospitalization'),
(258,46,45,'2023-09-14 22:29:17',2,'Abdominal pain','Hospitalization'),
(259,162,2,'2025-02-24 16:21:46',1,'Severe injury','Hospitalization'),
(260,17,54,'2025-04-30 20:15:34',4,'Nausea','Hospitalization'),
(261,87,52,'2025-06-07 19:36:25',1,'Severe injury','Hospitalization'),
(262,39,48,'2025-12-26 11:54:29',1,'Chest pain','Hospitalization'),
(263,12,41,'2025-02-21 00:41:59',1,'Dizziness','Hospitalization'),
(264,44,32,'2025-11-14 22:27:00',1,'Fever','Hospitalization'),
(265,52,8,'2024-11-20 23:06:53',4,'Headache','Hospitalization'),
(266,55,8,'2023-03-09 16:38:57',3,'Fever','Hospitalization'),
(267,142,9,'2024-12-25 19:55:16',5,'Chest pain','Hospitalization'),
(268,5,60,'2024-01-03 19:10:56',1,'Dizziness','Hospitalization'),
(269,178,41,'2024-02-19 14:43:23',2,'Dizziness','Hospitalization'),
(270,45,40,'2025-08-20 21:39:27',2,'High blood pressure','Hospitalization'),
(271,2,40,'2023-02-15 23:15:08',5,'Fever','Hospitalization'),
(272,119,13,'2025-03-23 03:42:49',3,'Chest pain','Hospitalization'),
(273,128,42,'2023-12-25 15:56:09',1,'Chest pain','Hospitalization'),
(274,86,12,'2024-02-10 21:16:30',1,'Nausea','Hospitalization'),
(275,30,21,'2023-06-23 02:01:52',5,'Cough','Hospitalization'),
(276,84,25,'2023-10-14 20:18:30',4,'Severe injury','Hospitalization'),
(277,14,12,'2024-03-25 06:48:19',5,'High blood pressure','Hospitalization'),
(278,162,45,'2024-05-10 18:44:03',2,'Chest pain','Hospitalization'),
(279,120,57,'2024-10-22 14:52:42',3,'Severe injury','Hospitalization'),
(280,44,55,'2025-03-31 12:58:50',1,'Shortness of breath','Hospitalization'),
(281,119,21,'2023-06-16 14:16:40',2,'Severe injury','Hospitalization'),
(282,147,47,'2023-01-18 12:11:57',1,'High blood pressure','Hospitalization'),
(283,123,16,'2025-02-08 09:25:07',4,'High blood pressure','Hospitalization'),
(284,56,31,'2024-04-03 04:13:22',1,'Chest pain','Hospitalization'),
(285,147,56,'2025-06-26 23:25:24',4,'Dizziness','Hospitalization'),
(286,119,58,'2025-12-01 11:20:51',1,'Shortness of breath','Hospitalization'),
(287,110,51,'2024-08-26 04:55:31',5,'Cough','Hospitalization'),
(288,189,8,'2023-12-20 17:51:11',3,'Chest pain','Hospitalization'),
(289,94,46,'2023-08-06 08:18:16',1,'Nausea','Hospitalization'),
(290,30,49,'2024-10-19 11:43:52',5,'Severe injury','Hospitalization'),
(291,69,24,'2025-04-18 23:10:54',1,'Fever','Hospitalization'),
(292,32,29,'2025-09-21 18:17:29',5,'Abdominal pain','Hospitalization'),
(293,23,11,'2024-04-22 07:49:41',1,'Fever','Hospitalization'),
(294,53,35,'2025-04-25 04:32:14',4,'Back pain','Hospitalization'),
(295,189,56,'2023-03-15 18:10:23',1,'Chest pain','Hospitalization'),
(296,88,43,'2025-05-08 01:23:46',4,'Cough','Hospitalization'),
(297,78,15,'2023-04-30 08:44:25',2,'Abdominal pain','Hospitalization'),
(298,91,19,'2024-08-28 14:03:05',2,'Nausea','Hospitalization'),
(299,30,24,'2024-02-19 10:49:06',4,'Abdominal pain','Hospitalization'),
(300,171,11,'2024-05-25 03:49:08',4,'Nausea','Hospitalization'),
(301,128,1,'2023-12-27 15:49:40',3,'Dizziness','Hospitalization'),
(302,122,47,'2024-08-11 03:31:43',2,'Cough','Hospitalization'),
(303,36,40,'2025-04-30 23:32:03',1,'Shortness of breath','Hospitalization'),
(304,15,51,'2025-08-15 21:58:30',5,'Severe injury','Hospitalization'),
(305,115,32,'2025-07-19 02:12:19',4,'Severe injury','Hospitalization'),
(306,171,25,'2024-10-05 09:15:57',4,'Headache','Hospitalization'),
(307,79,52,'2025-03-26 02:25:28',4,'Shortness of breath','Hospitalization'),
(308,36,20,'2025-02-03 18:18:17',2,'Severe injury','Hospitalization'),
(309,194,12,'2023-06-09 08:26:59',3,'Shortness of breath','Hospitalization'),
(310,48,53,'2024-08-03 10:24:50',4,'Chest pain','Hospitalization'),
(311,190,17,'2023-11-04 14:42:02',1,'Dizziness','Hospitalization'),
(312,107,8,'2024-09-07 17:50:22',2,'Chest pain','Hospitalization'),
(313,149,44,'2025-12-04 13:34:14',3,'Back pain','Hospitalization'),
(314,188,4,'2023-04-12 03:03:42',2,'Cough','Hospitalization'),
(315,92,59,'2023-05-21 14:17:14',4,'Back pain','Hospitalization'),
(316,164,39,'2023-03-17 14:29:06',2,'Fever','Hospitalization'),
(317,70,38,'2025-05-22 02:57:22',1,'Nausea','Hospitalization'),
(318,73,14,'2024-05-12 11:56:52',2,'Fever','Hospitalization'),
(319,158,27,'2025-07-26 23:29:27',5,'Fever','Hospitalization'),
(320,123,57,'2024-05-21 03:23:02',2,'High blood pressure','Hospitalization'),
(321,8,20,'2023-02-20 07:42:21',2,'Severe injury','Hospitalization'),
(322,177,3,'2023-01-08 15:17:18',4,'Shortness of breath','Hospitalization'),
(323,152,5,'2024-12-19 04:06:24',3,'Chest pain','Hospitalization'),
(324,155,6,'2025-03-14 02:17:29',3,'Chest pain','Hospitalization'),
(325,91,33,'2025-10-11 06:36:58',5,'Severe injury','Hospitalization'),
(326,136,1,'2025-04-20 19:05:44',2,'Nausea','Hospitalization'),
(327,94,54,'2025-06-21 01:58:57',1,'Dizziness','Hospitalization'),
(328,59,8,'2023-05-03 09:18:16',1,'High blood pressure','Hospitalization'),
(329,143,25,'2023-05-08 18:15:26',4,'Fever','Hospitalization'),
(330,58,55,'2024-11-28 12:35:09',4,'Severe injury','Hospitalization'),
(331,46,29,'2025-09-19 08:23:02',1,'Shortness of breath','Hospitalization'),
(332,102,24,'2025-02-09 20:07:09',2,'Fever','Hospitalization'),
(333,32,38,'2024-07-13 04:02:36',3,'Cough','Hospitalization'),
(334,171,50,'2024-07-17 22:43:43',3,'Dizziness','Hospitalization'),
(335,128,54,'2025-01-12 21:02:35',1,'Chest pain','Hospitalization'),
(336,155,7,'2024-04-27 21:51:31',5,'Cough','Hospitalization'),
(337,52,35,'2025-07-10 17:27:52',5,'Abdominal pain','Hospitalization'),
(338,196,55,'2024-05-29 07:41:22',4,'Headache','Hospitalization'),
(339,46,32,'2025-10-31 00:22:16',3,'Dizziness','Hospitalization'),
(340,196,35,'2025-07-10 20:17:31',5,'Back pain','Hospitalization'),
(341,130,40,'2024-07-11 10:51:19',5,'Shortness of breath','Hospitalization'),
(342,8,52,'2023-11-22 08:47:30',3,'Headache','Hospitalization'),
(343,98,4,'2024-05-19 02:53:35',4,'Headache','Hospitalization'),
(344,152,22,'2025-12-04 19:06:26',3,'Fever','Hospitalization'),
(345,118,2,'2024-07-19 05:54:33',4,'Abdominal pain','Hospitalization'),
(346,97,7,'2024-08-10 16:26:49',1,'High blood pressure','Hospitalization'),
(347,129,24,'2025-03-07 01:04:41',5,'Abdominal pain','Hospitalization'),
(348,138,26,'2024-01-19 19:01:27',3,'Cough','Hospitalization'),
(349,152,28,'2024-08-08 07:29:39',5,'High blood pressure','Hospitalization'),
(350,130,13,'2024-09-14 23:51:52',5,'Headache','Hospitalization'),
(351,117,46,'2025-12-09 10:33:04',1,'Back pain','Hospitalization'),
(352,170,55,'2025-04-15 09:20:38',5,'Cough','Hospitalization'),
(353,94,27,'2023-02-28 18:30:24',3,'Shortness of breath','Hospitalization'),
(354,74,26,'2023-09-25 01:57:06',5,'Severe injury','Hospitalization'),
(355,63,28,'2024-07-07 20:05:29',5,'Shortness of breath','Hospitalization'),
(356,35,36,'2024-11-08 09:31:07',3,'Back pain','Hospitalization'),
(357,15,58,'2023-08-22 23:18:57',3,'Fever','Hospitalization'),
(358,61,43,'2025-07-14 14:39:15',1,'Nausea','Hospitalization'),
(359,24,54,'2025-10-28 14:39:40',3,'Headache','Hospitalization'),
(360,56,27,'2023-03-25 11:38:13',3,'High blood pressure','Hospitalization'),
(361,96,44,'2023-08-01 06:42:44',4,'High blood pressure','Hospitalization'),
(362,184,54,'2024-09-07 23:32:29',5,'Chest pain','Hospitalization'),
(363,65,8,'2024-09-05 11:26:12',3,'Back pain','Hospitalization'),
(364,101,14,'2024-02-05 09:11:38',2,'Abdominal pain','Hospitalization'),
(365,9,48,'2023-10-31 01:03:46',4,'High blood pressure','Hospitalization'),
(366,179,47,'2025-05-17 23:32:19',4,'Cough','Hospitalization'),
(367,196,9,'2025-03-13 16:34:38',4,'Back pain','Hospitalization'),
(368,81,46,'2023-03-03 15:00:42',2,'Nausea','Hospitalization'),
(369,82,12,'2024-10-12 20:18:02',2,'Abdominal pain','Hospitalization'),
(370,22,15,'2024-06-02 03:37:53',4,'Cough','Hospitalization'),
(371,161,4,'2023-03-19 07:58:29',3,'Dizziness','Hospitalization'),
(372,39,46,'2024-08-08 15:05:13',1,'Chest pain','Hospitalization'),
(373,31,48,'2025-03-16 08:00:01',3,'Abdominal pain','Hospitalization'),
(374,154,12,'2024-09-20 07:51:20',2,'Shortness of breath','Hospitalization'),
(375,68,38,'2025-12-19 16:54:43',2,'Headache','Hospitalization'),
(376,121,46,'2024-06-03 17:28:42',2,'Shortness of breath','Hospitalization'),
(377,25,59,'2023-05-10 14:30:13',2,'High blood pressure','Hospitalization'),
(378,2,43,'2025-05-29 06:35:47',3,'Shortness of breath','Hospitalization'),
(379,46,9,'2023-07-11 17:36:00',3,'High blood pressure','Hospitalization'),
(380,67,48,'2024-02-19 23:50:55',4,'Abdominal pain','Hospitalization'),
(381,195,21,'2024-05-01 21:28:03',4,'Dizziness','Hospitalization'),
(382,113,3,'2023-01-22 12:36:10',2,'Dizziness','Hospitalization'),
(383,112,32,'2024-06-20 19:15:42',3,'Nausea','Hospitalization'),
(384,90,48,'2023-04-21 16:09:26',2,'Dizziness','Hospitalization'),
(385,55,27,'2023-10-26 03:32:16',5,'Dizziness','Hospitalization'),
(386,85,24,'2024-09-21 16:01:08',1,'Shortness of breath','Hospitalization'),
(387,21,18,'2025-07-06 16:34:25',4,'Back pain','Hospitalization'),
(388,168,14,'2024-10-11 10:29:44',5,'Dizziness','Hospitalization'),
(389,191,17,'2025-05-29 10:49:16',1,'Shortness of breath','Hospitalization'),
(390,54,49,'2024-06-05 14:36:17',3,'Back pain','Hospitalization'),
(391,111,43,'2024-08-22 17:09:16',2,'Headache','Hospitalization'),
(392,115,28,'2024-04-14 14:24:33',5,'Cough','Hospitalization'),
(393,48,22,'2025-02-06 10:19:59',1,'Nausea','Hospitalization'),
(394,127,30,'2025-07-24 02:21:05',1,'Abdominal pain','Hospitalization'),
(395,33,19,'2024-04-06 21:37:07',5,'Shortness of breath','Hospitalization'),
(396,132,43,'2025-06-10 17:37:11',1,'High blood pressure','Hospitalization'),
(397,150,51,'2025-02-14 13:57:20',4,'Dizziness','Hospitalization'),
(398,181,29,'2024-10-08 13:03:05',4,'Back pain','Hospitalization'),
(399,55,7,'2023-08-23 22:10:51',3,'Back pain','Hospitalization'),
(400,30,56,'2023-07-05 15:04:46',4,'Shortness of breath','Hospitalization'),
(401,159,6,'2025-09-26 13:26:20',4,'Abdominal pain','Hospitalization'),
(402,5,42,'2023-01-11 17:56:12',2,'High blood pressure','Hospitalization'),
(403,138,31,'2023-10-27 06:19:15',4,'Dizziness','Hospitalization'),
(404,190,38,'2024-07-02 10:35:52',1,'High blood pressure','Hospitalization'),
(405,14,55,'2023-09-03 03:50:45',4,'Shortness of breath','Hospitalization'),
(406,75,47,'2024-07-08 02:47:21',5,'Cough','Hospitalization'),
(407,136,18,'2024-05-02 23:56:12',5,'Fever','Hospitalization'),
(408,160,11,'2024-09-28 05:18:20',4,'Chest pain','Hospitalization'),
(409,113,55,'2025-08-17 13:22:34',3,'Cough','Hospitalization'),
(410,186,52,'2024-11-19 20:52:31',3,'High blood pressure','Hospitalization'),
(411,171,32,'2023-03-19 19:19:39',2,'Cough','Hospitalization'),
(412,61,23,'2025-01-08 08:59:21',3,'Abdominal pain','Hospitalization'),
(413,17,36,'2024-08-28 04:06:13',2,'Fever','Hospitalization'),
(414,197,39,'2025-12-15 10:17:11',2,'Nausea','Hospitalization'),
(415,194,53,'2023-08-26 10:56:54',5,'Fever','Hospitalization'),
(416,162,49,'2023-03-03 07:38:57',3,'High blood pressure','Hospitalization'),
(417,86,27,'2023-11-26 21:28:46',2,'High blood pressure','Hospitalization'),
(418,130,41,'2023-05-25 23:21:30',4,'Headache','Hospitalization'),
(419,59,55,'2024-12-22 20:34:01',4,'High blood pressure','Hospitalization'),
(420,38,6,'2023-11-10 10:45:55',5,'Fever','Hospitalization'),
(421,16,4,'2023-12-25 14:29:56',2,'Cough','Hospitalization'),
(422,103,59,'2025-08-04 08:01:23',3,'Headache','Hospitalization'),
(423,38,40,'2024-09-07 09:23:25',2,'Nausea','Hospitalization'),
(424,167,22,'2023-02-03 01:33:18',1,'Nausea','Hospitalization'),
(425,73,22,'2023-08-03 15:01:00',3,'Nausea','Hospitalization'),
(426,152,33,'2023-10-28 23:40:24',3,'Shortness of breath','Hospitalization'),
(427,161,20,'2024-01-19 20:54:09',1,'High blood pressure','Hospitalization'),
(428,61,15,'2025-08-08 23:44:53',5,'Cough','Hospitalization'),
(429,173,21,'2025-07-22 03:38:39',2,'Fever','Hospitalization'),
(430,26,6,'2025-11-19 01:35:54',4,'Fever','Hospitalization'),
(431,115,36,'2024-07-23 17:03:27',4,'Cough','Hospitalization'),
(432,128,53,'2024-09-24 22:06:42',4,'Shortness of breath','Hospitalization'),
(433,183,45,'2023-07-19 15:14:07',5,'Fever','Hospitalization'),
(434,144,8,'2023-11-28 08:10:39',4,'Fever','Hospitalization'),
(435,40,32,'2024-05-25 18:13:04',3,'Abdominal pain','Hospitalization'),
(436,108,1,'2024-03-25 01:21:53',2,'High blood pressure','Hospitalization'),
(437,107,51,'2025-08-09 01:18:08',4,'Headache','Hospitalization'),
(438,130,56,'2024-06-24 01:38:45',4,'Dizziness','Hospitalization'),
(439,105,43,'2023-05-12 23:41:21',5,'Chest pain','Hospitalization'),
(440,43,42,'2023-09-03 01:02:36',3,'Nausea','Hospitalization'),
(441,159,13,'2025-01-21 20:49:29',5,'Nausea','Hospitalization'),
(442,47,29,'2024-03-21 06:14:29',2,'Cough','Hospitalization'),
(443,103,28,'2023-12-02 02:10:59',1,'Headache','Hospitalization'),
(444,98,19,'2023-02-08 21:51:23',5,'Dizziness','Hospitalization'),
(445,79,12,'2025-01-24 05:06:56',5,'Headache','Hospitalization'),
(446,26,25,'2023-12-14 03:27:57',3,'Abdominal pain','Hospitalization'),
(447,151,8,'2024-10-19 12:46:58',5,'Shortness of breath','Hospitalization'),
(448,105,18,'2024-06-07 14:07:02',2,'Chest pain','Hospitalization'),
(449,167,6,'2023-08-10 00:25:59',4,'High blood pressure','Hospitalization'),
(450,139,3,'2023-06-14 21:39:32',5,'High blood pressure','Hospitalization'),
(451,1,25,'2024-08-20 12:31:52',3,'Back pain','Hospitalization'),
(452,73,20,'2023-07-27 18:04:22',5,'Fever','Hospitalization'),
(453,72,57,'2024-08-25 09:45:45',5,'Headache','Hospitalization'),
(454,70,39,'2025-05-14 00:13:14',2,'High blood pressure','Hospitalization'),
(455,156,36,'2023-09-19 14:04:41',2,'Shortness of breath','Hospitalization'),
(456,21,58,'2025-01-31 10:34:04',5,'Chest pain','Hospitalization'),
(457,154,30,'2024-11-22 05:24:20',1,'Fever','Hospitalization'),
(458,191,6,'2024-12-24 04:03:29',3,'Severe injury','Hospitalization'),
(459,127,1,'2023-07-11 17:34:54',5,'Severe injury','Hospitalization'),
(460,146,48,'2024-08-02 15:00:38',2,'Back pain','Hospitalization'),
(461,17,60,'2023-01-26 14:18:13',2,'Abdominal pain','Hospitalization'),
(462,174,44,'2025-07-27 07:22:29',5,'Abdominal pain','Hospitalization'),
(463,173,18,'2023-05-06 18:34:16',4,'Shortness of breath','Hospitalization'),
(464,93,59,'2023-03-29 12:56:27',1,'Abdominal pain','Hospitalization'),
(465,101,48,'2024-12-08 03:06:43',5,'Chest pain','Hospitalization'),
(466,51,31,'2024-01-25 17:44:58',1,'Chest pain','Hospitalization'),
(467,86,22,'2024-02-12 05:08:51',4,'Severe injury','Hospitalization'),
(468,199,29,'2025-10-25 01:54:53',1,'Back pain','Hospitalization'),
(469,97,59,'2025-11-01 06:47:30',2,'Chest pain','Hospitalization'),
(470,111,19,'2023-01-23 00:00:00',5,'Chest pain','Hospitalization'),
(471,60,30,'2025-09-14 13:04:25',5,'Chest pain','Hospitalization'),
(472,26,34,'2025-11-01 09:25:42',1,'High blood pressure','Hospitalization'),
(473,4,9,'2025-08-19 14:06:09',2,'Cough','Hospitalization'),
(474,124,52,'2025-03-14 12:55:54',2,'Dizziness','Hospitalization'),
(475,112,57,'2025-05-20 06:24:44',3,'Cough','Hospitalization'),
(476,80,38,'2024-05-23 13:44:40',1,'Nausea','Hospitalization'),
(477,130,13,'2025-01-22 12:58:36',4,'Headache','Hospitalization'),
(478,49,45,'2024-09-26 00:25:31',4,'Cough','Hospitalization'),
(479,77,32,'2024-02-11 01:15:11',4,'Chest pain','Hospitalization'),
(480,120,14,'2023-07-07 00:52:45',3,'Shortness of breath','Hospitalization'),
(481,19,29,'2023-02-15 01:38:31',2,'Abdominal pain','Hospitalization'),
(482,8,47,'2023-03-09 23:09:50',2,'Abdominal pain','Hospitalization'),
(483,51,54,'2023-04-13 00:02:47',1,'Chest pain','Hospitalization'),
(484,87,52,'2023-06-27 12:07:35',2,'Headache','Hospitalization'),
(485,112,51,'2025-02-16 08:26:16',2,'Dizziness','Hospitalization'),
(486,82,38,'2024-04-05 07:22:04',1,'Cough','Hospitalization'),
(487,64,38,'2025-04-20 02:28:20',2,'Nausea','Hospitalization'),
(488,17,32,'2025-10-20 02:41:54',5,'Headache','Hospitalization'),
(489,135,38,'2024-07-11 11:47:45',4,'Abdominal pain','Hospitalization'),
(490,54,14,'2023-12-02 13:18:40',2,'Shortness of breath','Hospitalization'),
(491,96,29,'2025-02-22 12:02:57',1,'Abdominal pain','Hospitalization'),
(492,120,28,'2025-06-15 19:33:42',4,'High blood pressure','Hospitalization'),
(493,98,5,'2023-04-02 03:05:04',3,'Back pain','Hospitalization'),
(494,140,8,'2023-04-18 16:28:02',2,'Fever','Hospitalization'),
(495,86,55,'2025-04-08 10:23:21',3,'Back pain','Hospitalization'),
(496,67,26,'2024-11-15 16:28:26',3,'Shortness of breath','Hospitalization'),
(497,195,15,'2024-03-29 11:06:23',2,'High blood pressure','Hospitalization'),
(498,88,50,'2023-11-25 19:26:34',2,'Shortness of breath','Hospitalization'),
(499,143,48,'2024-08-12 14:46:07',2,'Abdominal pain','Hospitalization'),
(500,108,21,'2025-06-06 23:40:08',5,'Abdominal pain','Hospitalization'),
(501,40,37,'2026-09-02 22:31:40',5,'Cough','Hospitalization'),
(502,137,37,'2026-07-04 17:14:54',1,'Headache','Hospitalization'),
(503,27,32,'2026-03-11 07:41:18',1,'Cough','Hospitalization'),
(504,73,30,'2026-04-24 09:18:00',5,'Fever','Hospitalization'),
(505,84,9,'2026-06-02 05:21:55',2,'Fever','Hospitalization'),
(506,53,31,'2026-05-01 15:08:46',4,'Back pain','Hospitalization'),
(507,52,13,'2026-09-24 07:08:00',4,'Abdominal pain','Hospitalization'),
(508,155,57,'2026-07-24 13:20:16',3,'Cough','Hospitalization'),
(509,189,45,'2026-09-09 07:56:40',4,'Headache','Hospitalization'),
(510,45,30,'2026-03-12 01:47:21',5,'Shortness of breath','Hospitalization'),
(511,25,18,'2026-01-18 06:58:56',2,'Dizziness','Hospitalization'),
(512,179,27,'2026-12-17 17:26:13',2,'High blood pressure','Hospitalization'),
(513,130,17,'2026-06-09 14:22:20',4,'Dizziness','Hospitalization'),
(514,19,22,'2026-09-20 17:15:14',4,'Shortness of breath','Hospitalization'),
(515,3,43,'2026-10-03 17:17:14',2,'Headache','Hospitalization'),
(516,22,31,'2026-04-05 10:20:24',4,'Dizziness','Hospitalization'),
(517,26,11,'2026-02-18 13:10:29',5,'Shortness of breath','Hospitalization'),
(518,40,58,'2026-03-11 10:31:23',2,'Chest pain','Hospitalization'),
(519,163,45,'2026-09-07 06:39:59',1,'Shortness of breath','Hospitalization'),
(520,13,24,'2026-10-26 06:01:22',2,'Severe injury','Hospitalization'),
(521,8,43,'2026-11-15 23:51:42',2,'Back pain','Hospitalization'),
(522,186,53,'2026-06-11 18:25:06',5,'Fever','Hospitalization'),
(523,160,15,'2026-06-03 18:15:45',4,'Fever','Hospitalization'),
(524,4,14,'2026-05-04 03:34:21',1,'Shortness of breath','Hospitalization'),
(525,167,27,'2026-01-18 09:32:26',1,'Severe injury','Hospitalization'),
(526,183,39,'2026-03-08 22:06:53',3,'Fever','Hospitalization'),
(527,86,31,'2026-10-24 03:42:37',3,'Back pain','Hospitalization'),
(528,115,38,'2026-09-07 02:44:59',2,'Nausea','Hospitalization'),
(529,195,49,'2026-05-01 06:40:40',2,'Shortness of breath','Hospitalization'),
(530,96,14,'2026-03-20 18:53:10',2,'Shortness of breath','Hospitalization'),
(531,190,42,'2024-02-22 11:27:33',3,'Headache','Discharge'),
(532,195,53,'2023-07-22 14:53:12',4,'Back pain','Discharge'),
(533,74,16,'2023-03-31 06:31:41',3,'Headache','Discharge'),
(534,53,45,'2025-01-22 08:00:21',2,'Back pain','Discharge'),
(535,185,21,'2023-08-25 11:33:35',4,'Nausea','Discharge'),
(536,47,56,'2024-09-01 21:59:54',1,'Fever','Discharge'),
(537,126,10,'2023-03-17 01:54:28',1,'Back pain','Discharge'),
(538,53,36,'2023-02-05 23:15:34',2,'Cough','Discharge'),
(539,53,47,'2023-07-17 09:32:22',1,'Shortness of breath','Discharge'),
(540,120,28,'2024-03-05 02:04:15',2,'Severe injury','Discharge'),
(541,46,37,'2025-04-08 00:33:47',3,'Abdominal pain','Discharge'),
(542,115,6,'2025-03-20 13:11:36',3,'High blood pressure','Discharge'),
(543,93,29,'2024-05-27 00:34:55',2,'High blood pressure','Discharge'),
(544,109,53,'2025-08-25 23:57:56',4,'Dizziness','Discharge'),
(545,124,55,'2023-10-24 05:41:44',4,'Shortness of breath','Discharge'),
(546,22,36,'2024-08-19 11:30:39',5,'Dizziness','Discharge'),
(547,187,20,'2023-04-11 06:07:57',4,'High blood pressure','Discharge'),
(548,117,31,'2024-05-26 00:37:20',5,'Cough','Discharge'),
(549,19,10,'2024-02-23 09:43:46',4,'Severe injury','Discharge'),
(550,49,32,'2023-01-06 07:37:26',5,'Headache','Discharge'),
(551,104,32,'2024-06-02 14:24:06',3,'Shortness of breath','Discharge'),
(552,79,57,'2025-08-17 19:26:14',1,'Shortness of breath','Discharge'),
(553,10,13,'2023-05-30 18:50:18',5,'Dizziness','Discharge'),
(554,196,46,'2024-04-09 11:10:51',3,'Nausea','Discharge'),
(555,126,42,'2025-09-25 17:11:10',3,'Chest pain','Discharge'),
(556,99,31,'2024-10-13 00:53:14',2,'Severe injury','Discharge'),
(557,9,42,'2024-09-02 08:54:19',1,'Back pain','Discharge'),
(558,38,10,'2024-08-23 11:04:08',4,'Back pain','Discharge'),
(559,66,54,'2023-08-23 04:26:18',5,'Back pain','Discharge'),
(560,42,46,'2023-02-15 16:00:30',1,'Back pain','Discharge'),
(561,99,34,'2024-10-01 13:02:50',5,'Fever','Discharge'),
(562,49,45,'2024-03-05 17:35:16',4,'Abdominal pain','Discharge'),
(563,78,20,'2025-07-27 09:47:47',4,'Cough','Discharge'),
(564,188,41,'2024-10-19 13:27:23',1,'Fever','Discharge'),
(565,147,48,'2024-11-12 13:09:18',2,'Abdominal pain','Discharge'),
(566,54,11,'2025-06-04 21:21:04',3,'Chest pain','Discharge'),
(567,126,34,'2023-02-07 22:54:00',1,'Shortness of breath','Discharge'),
(568,107,12,'2025-04-23 07:31:33',4,'Dizziness','Discharge'),
(569,96,32,'2023-10-01 18:11:43',2,'Severe injury','Discharge'),
(570,47,53,'2025-02-13 03:29:41',4,'Cough','Discharge'),
(571,55,52,'2023-03-20 08:54:16',1,'Dizziness','Discharge'),
(572,195,41,'2023-04-12 01:20:06',4,'High blood pressure','Discharge'),
(573,160,19,'2023-12-04 13:43:13',2,'Fever','Discharge'),
(574,22,22,'2024-02-18 18:06:59',3,'Fever','Discharge'),
(575,8,44,'2025-04-02 12:18:33',4,'High blood pressure','Discharge'),
(576,195,49,'2023-01-05 00:36:27',1,'Abdominal pain','Discharge'),
(577,2,14,'2025-08-15 12:47:06',1,'Fever','Discharge'),
(578,134,49,'2023-05-27 05:27:32',5,'Nausea','Discharge'),
(579,69,28,'2024-07-03 02:50:23',3,'Cough','Discharge'),
(580,87,53,'2024-09-22 03:23:44',3,'Headache','Discharge'),
(581,62,40,'2024-09-15 14:58:44',4,'Shortness of breath','Discharge'),
(582,15,1,'2024-12-05 09:40:17',3,'Fever','Discharge'),
(583,117,39,'2025-06-06 09:07:31',2,'Chest pain','Discharge'),
(584,32,29,'2025-04-19 20:49:34',2,'Headache','Discharge'),
(585,159,27,'2025-09-14 05:10:13',4,'Nausea','Discharge'),
(586,170,41,'2023-01-02 13:09:55',3,'Chest pain','Discharge'),
(587,93,29,'2023-11-10 22:59:03',3,'Back pain','Discharge'),
(588,60,51,'2025-07-08 12:12:15',4,'Cough','Discharge'),
(589,21,55,'2024-06-15 12:28:07',4,'Back pain','Discharge'),
(590,180,39,'2023-10-13 11:57:52',4,'Abdominal pain','Discharge'),
(591,50,51,'2025-02-25 22:21:40',5,'Cough','Discharge'),
(592,184,51,'2025-01-13 15:53:30',2,'High blood pressure','Discharge'),
(593,23,11,'2024-11-19 14:06:09',5,'High blood pressure','Discharge'),
(594,115,16,'2023-07-07 14:08:11',5,'Severe injury','Discharge'),
(595,55,28,'2023-10-20 20:49:20',1,'Fever','Discharge'),
(596,184,50,'2023-03-04 13:30:03',3,'Shortness of breath','Discharge'),
(597,72,31,'2023-10-07 15:11:48',3,'Back pain','Discharge'),
(598,172,41,'2023-09-16 18:41:21',2,'Nausea','Discharge'),
(599,186,60,'2024-02-05 10:58:41',3,'Severe injury','Discharge'),
(600,148,59,'2025-01-26 10:44:25',3,'Shortness of breath','Discharge'),
(601,184,42,'2025-10-14 04:02:25',4,'Back pain','Discharge'),
(602,144,17,'2024-11-10 07:16:36',2,'Severe injury','Discharge'),
(603,30,22,'2024-02-04 09:14:24',1,'Fever','Discharge'),
(604,190,24,'2025-03-15 09:44:40',1,'Cough','Discharge'),
(605,33,20,'2024-05-27 23:40:30',5,'Chest pain','Discharge'),
(606,16,28,'2025-07-28 08:10:55',2,'Shortness of breath','Discharge'),
(607,82,43,'2024-11-06 01:24:28',2,'Nausea','Discharge'),
(608,155,1,'2025-03-28 14:30:33',1,'Shortness of breath','Discharge'),
(609,138,54,'2024-05-03 00:38:45',2,'Abdominal pain','Discharge'),
(610,57,39,'2024-09-21 09:52:53',4,'Dizziness','Discharge'),
(611,73,21,'2023-10-18 11:06:11',1,'Cough','Discharge'),
(612,80,55,'2025-09-25 18:13:01',1,'Abdominal pain','Discharge'),
(613,181,19,'2025-07-06 01:55:05',2,'High blood pressure','Discharge'),
(614,181,53,'2024-01-24 04:10:22',3,'Dizziness','Discharge'),
(615,184,60,'2023-11-26 16:35:05',2,'Chest pain','Discharge'),
(616,199,20,'2023-11-30 01:45:25',4,'Shortness of breath','Discharge'),
(617,169,22,'2023-01-09 17:00:28',5,'Shortness of breath','Discharge'),
(618,109,26,'2025-07-04 04:36:33',3,'Shortness of breath','Discharge'),
(619,19,45,'2025-10-10 13:50:37',3,'Abdominal pain','Discharge'),
(620,50,7,'2025-11-29 20:50:56',5,'Shortness of breath','Discharge'),
(621,34,55,'2024-10-19 11:37:54',5,'Chest pain','Discharge'),
(622,182,9,'2024-06-27 00:30:43',2,'Cough','Discharge'),
(623,114,14,'2025-07-07 16:40:57',3,'Dizziness','Discharge'),
(624,56,47,'2025-03-18 07:38:14',1,'Headache','Discharge'),
(625,148,28,'2023-09-21 18:22:48',2,'Shortness of breath','Discharge'),
(626,174,23,'2023-12-26 22:48:32',1,'Fever','Discharge'),
(627,122,42,'2023-01-21 17:04:32',1,'Nausea','Discharge'),
(628,87,47,'2025-06-18 19:30:31',2,'Back pain','Discharge'),
(629,104,26,'2023-01-14 12:50:10',1,'Severe injury','Discharge'),
(630,126,42,'2024-09-24 12:28:35',5,'Dizziness','Discharge');


-- hospitalization
INSERT INTO hospitalization (
    hospitalization_id, 
    patient_id, 
    triage_id, 
    room_id, 
    department_id, 
    admission_date, 
    discharge_date, 
    ICD10_admission_id, 
    ICD10_discharge, 
    ken_id, 
    extra_days_cost, 
    total_cost, 
    total_cost_with_exams_acts, 
    hosp_review_id
) VALUES
(1,1,1,6,1,'2023-01-05 04:09:09','2023-01-10 09:09:09','A52.0+','A52.0+',449,0.0,0.0,0.0,1),
(2,1,2,8,1,'2024-05-25 05:05:24','2024-05-31 11:05:24','A32.9','A32.9',279,0.0,0.0,0.0,2),
(3,1,3,3,1,'2025-11-08 01:35:59','2025-11-20 02:35:59','A03.9','A03.9',713,0.0,0.0,0.0,3),
(4,1,4,8,1,'2023-06-12 02:39:33','2023-06-18 12:39:33','A51.3','A51.3',186,0.0,0.0,0.0,4),
(5,2,5,8,2,'2024-08-26 00:16:24','2024-09-05 02:16:24','A07.0','A07.0',500,0.0,0.0,0.0,5),
(6,2,6,9,2,'2024-01-19 07:29:35','2024-01-31 07:29:35','A49.3','A49.3',591,0.0,0.0,0.0,6),
(7,2,7,4,2,'2023-07-22 02:21:34','2023-08-01 12:21:34','A30.4','A30.4',494,0.0,0.0,0.0,NULL),
(8,2,8,3,2,'2025-02-28 02:33:35','2025-03-11 12:33:35','A40.9','A40.9',518,0.0,0.0,0.0,7),
(9,3,9,1,3,'2024-01-30 12:47:40','2024-02-06 16:47:40','A21.0','A21.0',520,0.0,0.0,0.0,NULL),
(10,3,10,10,3,'2025-06-07 02:48:50','2025-06-18 14:48:50','A06.0','A06.0',459,0.0,0.0,0.0,8),
(11,3,11,2,3,'2024-05-03 07:54:25','2024-05-15 07:54:25','A37.0','A37.0',414,0.0,0.0,0.0,9),
(12,3,12,9,3,'2023-11-18 08:01:39','2023-11-23 12:01:39','A20.1','A20.1',576,0.0,0.0,0.0,10),
(13,4,13,6,4,'2025-05-13 18:59:29','2025-05-26 01:59:29','A51.5','A51.5',574,0.0,0.0,0.0,11),
(14,4,14,4,4,'2025-10-06 16:44:14','2025-10-19 04:44:14','A30.3','A30.3',3,0.0,0.0,0.0,NULL),
(15,4,15,3,4,'2024-08-01 01:50:46','2024-08-10 01:50:46','A17.1+','A17.1+',505,0.0,0.0,0.0,12),
(16,4,16,7,4,'2025-02-11 22:57:12','2025-02-22 23:57:12','A40.2','A40.2',221,0.0,0.0,0.0,NULL),
(17,5,17,10,5,'2023-02-12 10:26:58','2023-02-22 20:26:58','A40.0','A40.0',127,0.0,0.0,0.0,NULL),
(18,5,18,7,5,'2024-07-13 02:25:11','2024-07-20 10:25:11','A41.2','A41.2',600,0.0,0.0,0.0,13),
(19,5,19,7,5,'2025-09-27 02:12:30','2025-10-04 03:12:30','A51.0','A51.0',674,0.0,0.0,0.0,14),
(20,5,20,4,5,'2025-07-16 08:38:48','2025-07-26 20:38:48','A36.2','A36.2',281,0.0,0.0,0.0,15),
(21,6,21,9,6,'2024-06-25 09:49:40','2024-07-04 20:49:40','A44.9','A44.9',307,0.0,0.0,0.0,16),
(22,6,22,6,6,'2024-03-19 11:25:19','2024-03-27 21:25:19','A07.9','A07.9',689,0.0,0.0,0.0,17),
(23,6,23,6,6,'2025-07-16 06:37:38','2025-07-23 07:37:38','A41.1','A41.1',576,0.0,0.0,0.0,18),
(24,6,24,1,6,'2025-09-20 08:24:17','2025-10-01 20:24:17','A06.5+','A06.5+',536,0.0,0.0,0.0,19),
(25,7,25,3,7,'2023-02-26 20:32:35','2023-03-10 00:32:35','A22.1','A22.1',294,0.0,0.0,0.0,20),
(26,7,26,6,7,'2023-09-26 17:48:37','2023-10-01 17:48:37','A06.4','A06.4',464,0.0,0.0,0.0,21),
(27,7,27,5,7,'2025-10-16 20:47:17','2025-10-25 08:47:17','A03.2','A03.2',710,0.0,0.0,0.0,22),
(28,7,28,5,7,'2024-06-11 03:40:43','2024-06-22 14:40:43','A51.5','A51.5',208,0.0,0.0,0.0,23),
(29,8,29,4,8,'2024-12-20 13:40:07','2024-12-28 22:40:07','A24.0','A24.0',199,0.0,0.0,0.0,24),
(30,8,30,2,8,'2024-09-22 16:50:30','2024-09-30 00:50:30','A03.0','A03.0',387,0.0,0.0,0.0,25),
(31,8,31,1,8,'2024-08-04 16:52:30','2024-08-13 20:52:30','A40.8','A40.8',339,0.0,0.0,0.0,26),
(32,8,32,10,8,'2025-01-16 21:16:23','2025-01-24 09:16:23','A24.2','A24.2',678,0.0,0.0,0.0,27),
(33,9,33,9,8,'2024-08-10 23:44:11','2024-08-20 04:44:11','A19.1','A19.1',226,0.0,0.0,0.0,28),
(34,9,34,9,13,'2024-07-21 16:24:08','2024-07-31 00:24:08','A06.1','A06.1',414,0.0,0.0,0.0,29),
(35,10,35,6,8,'2024-05-16 03:40:17','2024-05-25 08:40:17','A20.7','A20.7',301,0.0,0.0,0.0,30),
(36,10,36,1,13,'2024-10-19 20:15:34','2024-10-29 08:15:34','A30.4','A30.4',118,0.0,0.0,0.0,31),
(37,11,37,6,8,'2024-12-17 15:31:04','2024-12-29 01:31:04','A07.1','A07.1',391,0.0,0.0,0.0,32),
(38,11,38,9,4,'2024-05-30 07:37:27','2024-06-10 07:37:27','A42.8','A42.8',384,0.0,0.0,0.0,33),
(39,12,39,4,8,'2024-11-08 03:47:39','2024-11-19 07:47:39','A42.8','A42.8',329,0.0,0.0,0.0,NULL),
(40,12,40,1,4,'2024-02-02 12:30:54','2024-02-13 20:30:54','A04.0','A04.0',642,0.0,0.0,0.0,34),
(41,13,41,9,4,'2024-09-01 20:30:00','2024-09-09 23:30:00','A39.2','A39.2',720,0.0,0.0,0.0,NULL),
(42,13,42,6,11,'2024-09-08 11:23:12','2024-09-16 18:23:12','A06.0','A06.0',39,0.0,0.0,0.0,35),
(43,14,43,2,4,'2024-01-29 21:43:16','2024-02-07 05:43:16','A21.1','A21.1',589,0.0,0.0,0.0,36),
(44,14,44,7,11,'2024-12-20 07:00:37','2024-12-28 17:00:37','A26.0','A26.0',444,0.0,0.0,0.0,NULL),
(45,15,45,10,1,'2024-09-19 01:35:56','2024-09-29 12:35:56','A50.2','A50.2',65,0.0,0.0,0.0,37),
(46,15,46,5,7,'2024-01-19 05:14:52','2024-01-29 06:14:52','A24.2','A24.2',703,0.0,0.0,0.0,38),
(47,16,47,7,1,'2024-08-24 01:36:12','2024-09-03 07:36:12','A02.2','A02.2',677,0.0,0.0,0.0,39),
(48,16,48,7,7,'2024-07-03 11:53:07','2024-07-13 22:53:07','A24.0','A24.0',559,0.0,0.0,0.0,40),
(49,17,49,2,11,'2024-04-26 07:05:16','2024-05-08 09:05:16','A01.1','A01.1',43,0.0,0.0,0.0,NULL),
(50,17,50,5,3,'2024-08-10 23:07:27','2024-08-24 00:07:27','A30.4','A30.4',216,0.0,0.0,0.0,41),
(51,18,51,3,11,'2024-03-23 18:31:52','2024-04-04 20:31:52','A20.8','A20.8',189,0.0,0.0,0.0,42),
(52,18,52,10,3,'2024-08-27 23:47:03','2024-09-10 09:47:03','A44.9','A44.9',56,0.0,0.0,0.0,43),
(53,138,53,10,11,'2023-04-24 07:04:45','2023-04-28 18:04:45','A01.0','A01.0',499,0.0,0.0,0.0,44),
(54,104,54,4,6,'2023-09-19 05:55:41','2023-09-24 06:55:41','A01.1','A01.1',326,0.0,0.0,0.0,NULL),
(55,144,55,6,8,'2023-08-28 21:43:40','2023-09-06 06:43:40','A01.2','A01.2',324,0.0,0.0,0.0,45),
(56,129,56,7,3,'2023-05-03 05:22:24','2023-05-06 15:22:24','A01.3','A01.3',284,0.0,0.0,0.0,46),
(57,112,57,5,3,'2023-12-08 09:29:20','2023-12-16 21:29:20','A01.4','A01.4',499,0.0,0.0,0.0,47),
(58,161,58,9,2,'2024-09-08 03:58:37','2024-09-13 05:58:37','A01.0','A01.0',202,0.0,0.0,0.0,NULL),
(59,87,59,1,12,'2024-10-10 01:05:45','2024-10-14 11:05:45','A01.1','A01.1',596,0.0,0.0,0.0,48),
(60,168,60,8,7,'2024-12-18 12:21:41','2024-12-24 20:21:41','A01.2','A01.2',670,0.0,0.0,0.0,49),
(61,58,61,9,6,'2024-03-28 05:22:07','2024-04-06 13:22:07','A01.3','A01.3',93,0.0,0.0,0.0,50),
(62,121,62,9,6,'2024-09-14 18:36:40','2024-09-18 06:36:40','A01.4','A01.4',144,0.0,0.0,0.0,51),
(63,134,63,8,3,'2023-08-09 08:49:55','2023-08-14 19:49:55','A02.0','A02.0',368,0.0,0.0,0.0,52),
(64,30,64,4,4,'2023-04-01 10:03:56','2023-04-11 10:03:56','A02.1','A02.1',531,0.0,0.0,0.0,53),
(65,112,65,2,7,'2023-12-24 01:27:58','2024-01-03 06:27:58','A02.2','A02.2',721,0.0,0.0,0.0,54),
(66,153,66,7,11,'2023-11-21 18:34:24','2023-11-28 20:34:24','A02.8','A02.8',670,0.0,0.0,0.0,55),
(67,116,67,7,6,'2023-07-21 01:38:50','2023-07-25 09:38:50','A02.9','A02.9',362,0.0,0.0,0.0,56),
(68,108,68,3,8,'2024-12-10 23:02:30','2024-12-21 06:02:30','A02.0','A02.0',236,0.0,0.0,0.0,57),
(69,39,69,2,9,'2024-03-23 14:28:56','2024-03-30 23:28:56','A02.1','A02.1',677,0.0,0.0,0.0,58),
(70,78,70,4,7,'2024-10-07 05:16:09','2024-10-15 12:16:09','A02.2','A02.2',605,0.0,0.0,0.0,59),
(71,61,71,3,11,'2024-01-10 06:12:44','2024-01-19 15:12:44','A02.8','A02.8',138,0.0,0.0,0.0,60),
(72,181,72,3,9,'2024-12-12 08:50:09','2024-12-15 12:50:09','A02.9','A02.9',530,0.0,0.0,0.0,61),
(73,123,73,8,10,'2023-12-08 16:17:49','2023-12-12 01:17:49','A03.0','A03.0',494,0.0,0.0,0.0,62),
(74,63,74,9,4,'2023-08-22 18:13:21','2023-09-01 03:13:21','A03.1','A03.1',271,0.0,0.0,0.0,63),
(75,62,75,7,12,'2023-12-25 13:56:35','2024-01-02 16:56:35','A03.2','A03.2',395,0.0,0.0,0.0,64),
(76,53,76,10,2,'2023-03-21 02:01:30','2023-03-24 04:01:30','A03.3','A03.3',99,0.0,0.0,0.0,NULL),
(77,65,77,8,8,'2023-12-08 06:14:51','2023-12-11 07:14:51','A03.8','A03.8',676,0.0,0.0,0.0,NULL),
(78,53,78,9,15,'2024-12-14 19:21:23','2024-12-17 19:21:23','A03.0','A03.0',440,0.0,0.0,0.0,NULL),
(79,78,79,10,13,'2024-11-03 05:11:29','2024-11-13 17:11:29','A03.1','A03.1',101,0.0,0.0,0.0,65),
(80,128,80,7,3,'2024-07-04 20:16:43','2024-07-12 04:16:43','A03.2','A03.2',264,0.0,0.0,0.0,66),
(81,68,81,4,1,'2024-08-12 20:13:50','2024-08-16 02:13:50','A03.3','A03.3',705,0.0,0.0,0.0,67),
(82,100,82,5,7,'2024-02-11 22:25:39','2024-02-20 02:25:39','A03.8','A03.8',549,0.0,0.0,0.0,68),
(83,109,83,9,10,'2024-04-17 13:24:37','2024-04-29 01:24:37','A18.5','A18.5',495,0.0,0.0,0.0,69),
(84,95,84,3,9,'2025-04-10 03:22:44','2025-04-19 09:22:44','A07.2','A07.2',676,0.0,0.0,0.0,NULL),
(85,192,85,6,4,'2024-09-29 03:03:18','2024-10-13 09:03:18','A51.4','A51.4',564,0.0,0.0,0.0,70),
(86,179,86,8,11,'2025-03-04 19:11:12','2025-03-06 21:11:12','A39.2','A39.2',615,0.0,0.0,0.0,71),
(87,23,87,7,2,'2024-05-24 14:26:02','2024-05-29 20:26:02','A43.0','A43.0',629,0.0,0.0,0.0,72),
(88,74,88,4,12,'2025-10-28 22:33:12','2025-10-30 22:33:12','A42.9','A42.9',673,0.0,0.0,0.0,NULL),
(89,74,89,3,4,'2023-08-22 05:53:02','2023-09-05 14:53:02','A02.9','A02.9',691,0.0,0.0,0.0,73),
(90,93,90,7,4,'2025-03-03 15:29:29','2025-03-05 20:29:29','A50.3','A50.3',416,0.0,0.0,0.0,74),
(91,52,91,9,9,'2023-10-01 17:13:54','2023-10-15 04:13:54','A30.5','A30.5',597,0.0,0.0,0.0,NULL),
(92,89,92,1,14,'2024-08-23 23:42:59','2024-08-29 08:42:59','A18.4','A18.4',268,0.0,0.0,0.0,75),
(93,105,93,9,9,'2023-01-29 11:41:10','2023-02-08 23:41:10','A44.0','A44.0',264,0.0,0.0,0.0,76),
(94,148,94,6,5,'2025-05-27 20:38:34','2025-06-06 08:38:34','A40.2','A40.2',470,0.0,0.0,0.0,NULL),
(95,151,95,4,14,'2023-02-15 17:41:56','2023-02-25 05:41:56','A21.1','A21.1',694,0.0,0.0,0.0,77),
(96,81,96,7,7,'2024-07-27 11:38:15','2024-08-06 12:38:15','A30.3','A30.3',690,0.0,0.0,0.0,NULL),
(97,20,97,3,9,'2023-05-03 10:30:22','2023-05-12 14:30:22','A19.2','A19.2',700,0.0,0.0,0.0,78),
(98,128,98,4,12,'2023-10-14 00:41:44','2023-10-19 03:41:44','A31.1','A31.1',634,0.0,0.0,0.0,79),
(99,40,99,1,13,'2023-12-24 20:46:30','2023-12-28 05:46:30','A03.0','A03.0',555,0.0,0.0,0.0,80),
(100,124,100,9,6,'2025-07-11 14:56:41','2025-07-19 02:56:41','A36.2','A36.2',287,0.0,0.0,0.0,81),
(101,57,101,9,13,'2025-01-22 13:41:51','2025-01-26 13:41:51','A36.1','A36.1',356,0.0,0.0,0.0,82),
(102,176,102,1,13,'2023-02-17 07:54:45','2023-02-26 07:54:45','A20.2','A20.2',691,0.0,0.0,0.0,83),
(103,98,103,4,10,'2023-05-21 23:22:40','2023-05-29 03:22:40','A40.9','A40.9',276,0.0,0.0,0.0,84),
(104,157,104,6,6,'2024-07-13 06:52:24','2024-07-17 18:52:24','A36.3','A36.3',374,0.0,0.0,0.0,85),
(105,72,105,5,8,'2023-02-21 07:18:20','2023-03-04 18:18:20','A49.1','A49.1',242,0.0,0.0,0.0,86),
(106,111,106,7,14,'2024-02-27 00:21:43','2024-03-03 02:21:43','A17.0+','A17.0+',512,0.0,0.0,0.0,87),
(107,162,107,1,9,'2025-05-04 03:47:28','2025-05-17 12:47:28','A06.3','A06.3',408,0.0,0.0,0.0,88),
(108,177,108,8,3,'2023-11-13 15:20:03','2023-11-18 16:20:03','A22.7','A22.7',343,0.0,0.0,0.0,89),
(109,93,109,6,6,'2025-11-12 01:53:42','2025-11-22 02:53:42','A51.2','A51.2',696,0.0,0.0,0.0,90),
(110,51,110,6,10,'2025-09-10 13:20:20','2025-09-22 18:20:20','A42.7','A42.7',690,0.0,0.0,0.0,91),
(111,125,111,3,13,'2025-12-12 22:58:31','2025-12-22 05:58:31','A52.7','A52.7',172,0.0,0.0,0.0,NULL),
(112,87,112,4,7,'2025-08-11 10:02:54','2025-08-22 15:02:54','A26.7','A26.7',322,0.0,0.0,0.0,92),
(113,168,113,6,5,'2025-08-24 14:35:48','2025-08-31 02:35:48','A43.0','A43.0',602,0.0,0.0,0.0,NULL),
(114,116,114,5,7,'2023-11-29 03:49:53','2023-12-03 13:49:53','A04.4','A04.4',718,0.0,0.0,0.0,93),
(115,54,115,7,3,'2024-02-07 11:37:30','2024-02-10 11:37:30','A04.5','A04.5',537,0.0,0.0,0.0,94),
(116,27,116,5,5,'2025-02-03 03:50:16','2025-02-07 14:50:16','A52.1','A52.1',454,0.0,0.0,0.0,NULL),
(117,33,117,8,3,'2025-03-08 17:10:54','2025-03-23 22:10:54','A44.1','A44.1',479,0.0,0.0,0.0,NULL),
(118,70,118,10,9,'2024-09-28 11:18:59','2024-10-02 18:18:59','A43.1','A43.1',446,0.0,0.0,0.0,NULL),
(119,164,119,2,11,'2025-12-20 09:46:40','2025-12-26 21:46:40','A24.3','A24.3',453,0.0,0.0,0.0,95),
(120,94,120,5,7,'2024-04-28 07:30:16','2024-05-02 12:30:16','A43.9','A43.9',481,0.0,0.0,0.0,NULL),
(121,3,121,5,12,'2024-07-04 18:35:14','2024-07-19 06:35:14','A21.2','A21.2',612,0.0,0.0,0.0,96),
(122,2,122,7,9,'2024-06-09 07:39:23','2024-06-14 09:39:23','A20.8','A20.8',388,0.0,0.0,0.0,97),
(123,68,123,5,2,'2024-04-03 14:52:40','2024-04-16 00:52:40','A43.9','A43.9',292,0.0,0.0,0.0,98),
(124,69,124,8,7,'2023-01-27 23:07:49','2023-02-12 09:07:49','A40.0','A40.0',633,0.0,0.0,0.0,99),
(125,70,125,1,12,'2025-03-15 07:19:28','2025-03-24 15:19:28','A06.4','A06.4',191,0.0,0.0,0.0,NULL),
(126,73,126,8,5,'2023-06-20 16:20:21','2023-07-03 16:20:21','A30.3','A30.3',223,0.0,0.0,0.0,100),
(127,108,127,5,5,'2024-06-29 11:51:08','2024-07-06 11:51:08','A04.2','A04.2',402,0.0,0.0,0.0,101),
(128,140,128,4,8,'2023-12-15 05:31:10','2023-12-20 06:31:10','A39.4','A39.4',395,0.0,0.0,0.0,102),
(129,64,129,7,12,'2023-06-29 09:17:24','2023-07-04 16:17:24','A24.4','A24.4',698,0.0,0.0,0.0,103),
(130,83,130,5,3,'2025-01-17 20:12:04','2025-01-31 03:12:04','A31.8','A31.8',204,0.0,0.0,0.0,104),
(131,14,131,3,14,'2025-02-14 07:34:10','2025-02-19 07:34:10','A50.2','A50.2',283,0.0,0.0,0.0,NULL),
(132,31,132,6,7,'2023-01-17 20:24:23','2023-01-19 22:24:23','A22.0','A22.0',92,0.0,0.0,0.0,105),
(133,41,133,3,8,'2023-08-29 15:11:16','2023-09-10 20:11:16','A44.0','A44.0',719,0.0,0.0,0.0,106),
(134,28,134,8,3,'2024-05-03 11:13:35','2024-05-08 23:13:35','A02.0','A02.0',198,0.0,0.0,0.0,107),
(135,177,135,9,7,'2024-02-22 21:47:41','2024-03-07 04:47:41','A44.1','A44.1',302,0.0,0.0,0.0,108),
(136,179,136,5,8,'2023-03-15 01:29:13','2023-03-26 08:29:13','A49.0','A49.0',614,0.0,0.0,0.0,109),
(137,42,137,1,2,'2025-06-24 23:33:51','2025-06-29 06:33:51','A42.2','A42.2',654,0.0,0.0,0.0,110),
(138,98,138,2,12,'2023-08-30 03:20:42','2023-09-01 14:20:42','A44.0','A44.0',675,0.0,0.0,0.0,111),
(139,100,139,7,4,'2025-07-13 16:29:39','2025-07-25 21:29:39','A26.8','A26.8',657,0.0,0.0,0.0,112),
(140,29,140,2,2,'2025-01-27 06:30:04','2025-02-08 09:30:04','A19.8','A19.8',498,0.0,0.0,0.0,NULL),
(141,26,141,10,1,'2025-11-22 07:52:35','2025-12-04 16:52:35','A03.2','A03.2',263,0.0,0.0,0.0,113),
(142,94,142,8,4,'2025-01-29 00:35:35','2025-02-11 01:35:35','A03.9','A03.9',655,0.0,0.0,0.0,NULL),
(143,93,143,9,9,'2025-11-16 18:50:32','2025-11-24 22:50:32','A04.2','A04.2',42,0.0,0.0,0.0,114),
(144,78,144,4,2,'2023-02-08 05:13:01','2023-02-18 08:13:01','A22.0','A22.0',539,0.0,0.0,0.0,115),
(145,146,145,10,11,'2023-10-19 07:59:51','2023-10-29 19:59:51','A40.2','A40.2',367,0.0,0.0,0.0,116),
(146,180,146,3,11,'2024-03-06 07:46:31','2024-03-09 12:46:31','A51.0','A51.0',547,0.0,0.0,0.0,117),
(147,114,147,6,15,'2024-08-02 05:07:46','2024-08-09 11:07:46','A21.7','A21.7',624,0.0,0.0,0.0,118),
(148,145,148,7,9,'2023-10-25 20:55:04','2023-11-03 03:55:04','A02.8','A02.8',1,0.0,0.0,0.0,119),
(149,73,149,6,10,'2023-02-22 21:05:24','2023-03-05 00:05:24','A23.1','A23.1',23,0.0,0.0,0.0,120),
(150,142,150,6,9,'2025-12-26 23:13:21','2026-01-07 06:13:21','A17.1+','A17.1+',160,0.0,0.0,0.0,NULL),
(151,68,151,10,6,'2025-04-02 00:39:46','2025-04-07 06:39:46','A04.3','A04.3',223,0.0,0.0,0.0,121),
(152,186,152,1,6,'2024-07-09 05:03:57','2024-07-13 09:03:57','A32.8','A32.8',591,0.0,0.0,0.0,122),
(153,21,153,4,13,'2023-05-11 05:44:14','2023-05-25 17:44:14','A51.1','A51.1',669,0.0,0.0,0.0,123),
(154,3,154,10,11,'2025-01-22 11:30:32','2025-01-30 19:30:32','A26.9','A26.9',154,0.0,0.0,0.0,124),
(155,129,155,9,12,'2023-01-21 03:52:43','2023-01-25 12:52:43','A20.8','A20.8',93,0.0,0.0,0.0,NULL),
(156,111,156,1,5,'2024-02-21 21:05:28','2024-02-26 08:05:28','A36.3','A36.3',562,0.0,0.0,0.0,125),
(157,68,157,8,2,'2024-06-18 06:45:02','2024-06-28 09:45:02','A49.9','A49.9',405,0.0,0.0,0.0,126),
(158,51,158,7,9,'2025-07-24 01:20:36','2025-08-06 13:20:36','A50.0','A50.0',332,0.0,0.0,0.0,127),
(159,23,159,10,2,'2025-06-14 22:41:04','2025-06-23 03:41:04','A02.1','A02.1',672,0.0,0.0,0.0,128),
(160,198,160,4,5,'2023-08-28 19:35:45','2023-09-04 19:35:45','A32.1+','A32.1+',205,0.0,0.0,0.0,129),
(161,40,161,5,13,'2025-02-03 20:50:54','2025-02-18 22:50:54','A30.3','A30.3',15,0.0,0.0,0.0,NULL),
(162,178,162,9,13,'2023-06-25 04:52:40','2023-07-01 15:52:40','A20.1','A20.1',217,0.0,0.0,0.0,130),
(163,140,163,1,9,'2024-07-07 04:07:54','2024-07-17 14:07:54','A50.2','A50.2',386,0.0,0.0,0.0,NULL),
(164,170,164,5,9,'2023-03-08 17:29:39','2023-03-15 02:29:39','A40.8','A40.8',55,0.0,0.0,0.0,131),
(165,168,165,2,1,'2023-09-15 01:07:15','2023-09-23 06:07:15','A23.9','A23.9',20,0.0,0.0,0.0,132),
(166,167,166,2,7,'2023-07-18 00:56:21','2023-07-26 08:56:21','A19.9','A19.9',191,0.0,0.0,0.0,NULL),
(167,129,167,6,8,'2025-01-09 21:17:13','2025-01-23 01:17:13','A36.1','A36.1',502,0.0,0.0,0.0,NULL),
(168,191,168,9,3,'2023-09-24 05:14:38','2023-10-01 08:14:38','A03.9','A03.9',283,0.0,0.0,0.0,NULL),
(169,161,169,7,5,'2024-01-12 20:38:31','2024-01-28 01:38:31','A17.1+','A17.1+',673,0.0,0.0,0.0,133),
(170,23,170,4,12,'2024-09-20 17:22:13','2024-09-30 23:22:13','D63.8*','D63.8*',587,0.0,0.0,0.0,134),
(171,110,171,10,5,'2025-06-25 00:33:36','2025-07-02 02:33:36','A20.0','A20.0',555,0.0,0.0,0.0,135),
(172,36,172,10,5,'2025-12-16 09:57:41','2025-12-29 19:57:41','A26.7','A26.7',162,0.0,0.0,0.0,NULL),
(173,18,173,1,9,'2025-02-16 09:26:58','2025-03-01 20:26:58','A37.0','A37.0',327,0.0,0.0,0.0,136),
(174,106,174,3,5,'2024-11-15 12:47:06','2024-11-28 13:47:06','A02.1','A02.1',190,0.0,0.0,0.0,NULL),
(175,196,175,4,10,'2025-08-24 17:38:35','2025-08-30 20:38:35','A02.1','A02.1',704,0.0,0.0,0.0,137),
(176,92,176,6,2,'2025-07-05 15:15:16','2025-07-19 22:15:16','A36.0','A36.0',189,0.0,0.0,0.0,138),
(177,126,177,7,8,'2023-03-17 10:18:43','2023-03-21 14:18:43','A20.0','A20.0',228,0.0,0.0,0.0,139),
(178,194,178,8,4,'2023-12-27 15:13:41','2023-12-31 20:13:41','A39.0+','A39.0+',253,0.0,0.0,0.0,140),
(179,104,179,10,13,'2023-10-14 02:47:20','2023-10-25 13:47:20','A44.0','A44.0',609,0.0,0.0,0.0,141),
(180,135,180,4,11,'2025-01-16 10:57:27','2025-01-30 10:57:27','A44.0','A44.0',532,0.0,0.0,0.0,142),
(181,102,181,8,12,'2023-05-31 20:48:34','2023-06-11 00:48:34','A24.2','A24.2',408,0.0,0.0,0.0,143),
(182,199,182,9,14,'2024-03-06 00:46:03','2024-03-15 11:46:03','A40.3','A40.3',146,0.0,0.0,0.0,144),
(183,166,183,9,8,'2023-07-14 23:28:07','2023-07-28 10:28:07','A36.1','A36.1',139,0.0,0.0,0.0,NULL),
(184,106,184,8,6,'2024-03-11 01:16:09','2024-03-13 04:16:09','A22.1','A22.1',93,0.0,0.0,0.0,145),
(185,83,185,8,12,'2025-11-06 16:47:22','2025-11-20 03:47:22','A31.8','A31.8',650,0.0,0.0,0.0,146),
(186,22,186,7,9,'2025-10-10 18:57:18','2025-10-19 02:57:18','A18.3','A18.3',45,0.0,0.0,0.0,NULL),
(187,86,187,7,10,'2025-02-28 20:56:15','2025-03-15 20:56:15','A24.4','A24.4',316,0.0,0.0,0.0,147),
(188,187,188,1,13,'2024-08-31 16:57:49','2024-09-06 19:57:49','A22.1','A22.1',638,0.0,0.0,0.0,148),
(189,4,189,4,8,'2024-07-13 03:40:57','2024-07-28 06:40:57','A41.0','A41.0',603,0.0,0.0,0.0,NULL),
(190,117,190,10,7,'2024-08-22 00:44:40','2024-08-25 04:44:40','A49.1','A49.1',644,0.0,0.0,0.0,149),
(191,54,191,10,1,'2023-01-22 18:13:59','2023-01-27 04:13:59','A24.1','A24.1',618,0.0,0.0,0.0,NULL),
(192,85,192,10,15,'2023-02-12 20:54:23','2023-02-15 00:54:23','A50.5','A50.5',677,0.0,0.0,0.0,NULL),
(193,147,193,5,13,'2025-06-27 05:03:22','2025-07-01 06:03:22','A32.0','A32.0',331,0.0,0.0,0.0,150),
(194,98,194,2,14,'2023-06-16 10:56:48','2023-06-30 12:56:48','A23.1','A23.1',712,0.0,0.0,0.0,NULL),
(195,85,195,9,9,'2024-03-22 20:54:02','2024-04-02 05:54:02','A41.2','A41.2',90,0.0,0.0,0.0,151),
(196,186,196,9,12,'2025-10-02 22:54:21','2025-10-17 02:54:21','A52.0+','A52.0+',589,0.0,0.0,0.0,NULL),
(197,91,197,8,15,'2023-08-08 02:07:55','2023-08-19 09:07:55','A51.3','A51.3',185,0.0,0.0,0.0,NULL),
(198,60,198,2,12,'2024-01-02 04:44:06','2024-01-07 16:44:06','A51.4','A51.4',213,0.0,0.0,0.0,152),
(199,107,199,4,7,'2023-05-17 03:58:28','2023-05-24 13:58:28','A23.3','A23.3',707,0.0,0.0,0.0,153),
(200,66,200,6,13,'2023-04-27 23:50:58','2023-05-04 00:50:58','A36.2','A36.2',350,0.0,0.0,0.0,154),
(201,186,201,8,10,'2025-11-20 14:12:02','2025-11-23 00:12:02','A02.9','A02.9',486,0.0,0.0,0.0,155),
(202,166,202,7,3,'2024-09-01 00:55:56','2024-09-05 07:55:56','A43.0','A43.0',58,0.0,0.0,0.0,NULL),
(203,77,203,6,10,'2025-05-03 22:41:58','2025-05-16 07:41:58','A04.0','A04.0',363,0.0,0.0,0.0,156),
(204,39,204,3,5,'2023-05-27 06:29:51','2023-06-03 12:29:51','A07.1','A07.1',610,0.0,0.0,0.0,NULL),
(205,193,205,4,5,'2025-05-03 12:20:48','2025-05-18 19:20:48','A40.0','A40.0',381,0.0,0.0,0.0,157),
(206,78,206,4,4,'2025-03-10 08:14:13','2025-03-16 20:14:13','A39.4','A39.4',95,0.0,0.0,0.0,158),
(207,130,207,9,1,'2024-03-01 08:06:32','2024-03-11 19:06:32','A26.9','A26.9',318,0.0,0.0,0.0,159),
(208,37,208,7,13,'2023-07-20 19:50:06','2023-08-05 02:50:06','A07.1','A07.1',535,0.0,0.0,0.0,160),
(209,2,209,2,5,'2023-11-26 21:05:19','2023-12-08 21:05:19','A24.4','A24.4',534,0.0,0.0,0.0,NULL),
(210,6,210,5,10,'2024-12-12 21:18:22','2024-12-25 01:18:22','A26.7','A26.7',546,0.0,0.0,0.0,161),
(211,198,211,10,8,'2025-04-17 06:19:17','2025-04-20 06:19:17','A42.8','A42.8',574,0.0,0.0,0.0,NULL),
(212,27,212,5,4,'2025-08-02 22:27:32','2025-08-10 10:27:32','A21.8','A21.8',588,0.0,0.0,0.0,NULL),
(213,44,213,1,2,'2024-12-12 21:18:30','2024-12-23 23:18:30','A03.2','A03.2',483,0.0,0.0,0.0,162),
(214,28,214,8,7,'2023-06-16 03:56:55','2023-06-19 12:56:55','A31.1','A31.1',632,0.0,0.0,0.0,163),
(215,80,215,3,6,'2023-10-23 00:49:26','2023-11-05 09:49:26','A40.8','A40.8',96,0.0,0.0,0.0,NULL),
(216,25,216,10,8,'2024-09-07 16:25:00','2024-09-19 18:25:00','A31.9','A31.9',265,0.0,0.0,0.0,164),
(217,101,217,8,3,'2025-05-09 15:52:46','2025-05-21 16:52:46','A30.5','A30.5',116,0.0,0.0,0.0,NULL),
(218,123,218,2,8,'2023-10-26 15:44:01','2023-11-01 23:44:01','A06.5+','A06.5+',416,0.0,0.0,0.0,165),
(219,84,219,7,9,'2025-11-05 05:59:30','2025-11-08 14:59:30','A51.5','A51.5',245,0.0,0.0,0.0,166),
(220,63,220,7,9,'2023-05-30 15:25:43','2023-06-09 00:25:43','A49.8','A49.8',446,0.0,0.0,0.0,167),
(221,88,221,10,9,'2025-03-09 17:16:24','2025-03-14 18:16:24','A40.3','A40.3',611,0.0,0.0,0.0,168),
(222,84,222,2,9,'2023-06-23 06:42:57','2023-07-08 15:42:57','A50.5','A50.5',702,0.0,0.0,0.0,169),
(223,198,223,1,14,'2024-07-11 09:09:52','2024-07-18 18:09:52','D63.0*','D63.0*',151,0.0,0.0,0.0,NULL),
(224,116,224,6,9,'2024-08-27 11:32:54','2024-09-04 21:32:54','A49.8','A49.8',307,0.0,0.0,0.0,170),
(225,174,225,9,5,'2024-12-21 18:31:01','2025-01-04 03:31:01','A07.8','A07.8',414,0.0,0.0,0.0,171),
(226,76,226,5,1,'2024-01-22 02:10:56','2024-02-01 03:10:56','A21.3','A21.3',32,0.0,0.0,0.0,NULL),
(227,111,227,9,12,'2025-09-01 07:25:10','2025-09-09 13:25:10','A18.4','A18.4',217,0.0,0.0,0.0,172),
(228,122,228,3,3,'2023-05-30 19:41:08','2023-06-10 05:41:08','A01.2','A01.2',138,0.0,0.0,0.0,173),
(229,19,229,3,11,'2023-10-08 13:22:08','2023-10-12 14:22:08','A37.1','A37.1',658,0.0,0.0,0.0,174),
(230,117,230,7,15,'2025-12-28 19:07:37','2026-01-09 03:07:37','A40.0','A40.0',566,0.0,0.0,0.0,NULL),
(231,99,231,4,6,'2023-06-15 11:09:38','2023-06-19 22:09:38','A22.9','A22.9',514,0.0,0.0,0.0,175),
(232,106,232,6,15,'2025-05-24 00:24:30','2025-06-04 11:24:30','A50.1','A50.1',116,0.0,0.0,0.0,176),
(233,124,233,9,12,'2023-10-12 02:49:18','2023-10-16 03:49:18','A06.0','A06.0',625,0.0,0.0,0.0,177),
(234,63,234,10,8,'2025-09-16 07:28:35','2025-09-29 19:28:35','A51.3','A51.3',320,0.0,0.0,0.0,178),
(235,14,235,10,15,'2024-10-29 21:23:55','2024-11-09 04:23:55','A37.8','A37.8',340,0.0,0.0,0.0,179),
(236,91,236,10,13,'2024-03-06 12:17:21','2024-03-12 23:17:21','A03.9','A03.9',267,0.0,0.0,0.0,180),
(237,162,237,1,8,'2025-08-12 01:26:31','2025-08-16 10:26:31','A41.3','A41.3',294,0.0,0.0,0.0,181),
(238,22,238,5,3,'2025-11-28 05:02:41','2025-12-01 09:02:41','A01.3','A01.3',264,0.0,0.0,0.0,182),
(239,190,239,3,2,'2025-12-20 23:02:25','2025-12-25 04:02:25','A21.3','A21.3',268,0.0,0.0,0.0,NULL),
(240,125,240,8,3,'2025-01-14 09:25:33','2025-01-29 11:25:33','A32.9','A32.9',423,0.0,0.0,0.0,183),
(241,61,241,1,11,'2024-09-05 04:37:35','2024-09-18 09:37:35','A22.8','A22.8',658,0.0,0.0,0.0,184),
(242,194,242,9,14,'2023-03-07 13:08:56','2023-03-09 20:08:56','A32.8','A32.8',240,0.0,0.0,0.0,185),
(243,175,243,5,12,'2024-04-12 11:50:37','2024-04-21 11:50:37','A32.8','A32.8',460,0.0,0.0,0.0,186),
(244,174,244,10,6,'2025-01-17 09:18:42','2025-01-29 15:18:42','A23.0','A23.0',668,0.0,0.0,0.0,NULL),
(245,86,245,4,5,'2024-02-08 16:00:21','2024-02-22 23:00:21','A50.3','A50.3',689,0.0,0.0,0.0,187),
(246,198,246,1,4,'2025-09-21 13:47:27','2025-09-28 23:47:27','A01.3','A01.3',70,0.0,0.0,0.0,NULL),
(247,106,247,5,2,'2025-09-24 19:19:08','2025-09-27 23:19:08','A02.8','A02.8',198,0.0,0.0,0.0,188),
(248,7,248,2,10,'2023-08-20 02:46:22','2023-08-22 13:46:22','A51.1','A51.1',89,0.0,0.0,0.0,189),
(249,34,249,3,7,'2025-12-16 20:38:59','2025-12-31 07:38:59','A24.0','A24.0',260,0.0,0.0,0.0,190),
(250,120,250,6,11,'2023-06-26 16:24:07','2023-07-09 04:24:07','A18.1','A18.1',264,0.0,0.0,0.0,191),
(251,200,251,5,2,'2024-01-25 14:29:33','2024-02-08 18:29:33','A39.3','A39.3',183,0.0,0.0,0.0,192),
(252,18,252,9,8,'2023-06-02 20:37:05','2023-06-13 22:37:05','A20.7','A20.7',442,0.0,0.0,0.0,NULL),
(253,158,253,10,11,'2023-10-06 05:00:51','2023-10-15 06:00:51','A39.5+','A39.5+',257,0.0,0.0,0.0,193),
(254,5,254,3,15,'2024-09-11 01:08:45','2024-09-15 05:08:45','A30.0','A30.0',717,0.0,0.0,0.0,194),
(255,101,255,2,10,'2023-10-03 07:21:45','2023-10-13 18:21:45','A21.0','A21.0',554,0.0,0.0,0.0,195),
(256,1,256,6,7,'2025-10-31 09:32:28','2025-11-15 14:32:28','A24.2','A24.2',699,0.0,0.0,0.0,NULL),
(257,103,257,8,1,'2025-02-05 16:04:38','2025-02-17 17:04:38','A20.0','A20.0',297,0.0,0.0,0.0,196),
(258,46,258,6,9,'2023-09-15 02:29:17','2023-09-23 03:29:17','A04.5','A04.5',499,0.0,0.0,0.0,197),
(259,162,259,4,8,'2025-02-24 22:21:46','2025-03-02 07:21:46','A36.0','A36.0',501,0.0,0.0,0.0,198),
(260,17,260,1,13,'2025-05-01 00:15:34','2025-05-13 00:15:34','A03.8','A03.8',348,0.0,0.0,0.0,199),
(261,87,261,9,13,'2025-06-08 01:36:25','2025-06-10 11:36:25','A44.0','A44.0',470,0.0,0.0,0.0,200),
(262,39,262,1,12,'2025-12-26 13:54:29','2025-12-31 20:54:29','A51.5','A51.5',483,0.0,0.0,0.0,201),
(263,12,263,2,4,'2025-02-21 01:41:59','2025-03-05 05:41:59','A51.3','A51.3',468,0.0,0.0,0.0,NULL),
(264,44,264,10,14,'2025-11-15 03:27:00','2025-11-18 15:27:00','A04.0','A04.0',226,0.0,0.0,0.0,202),
(265,52,265,9,7,'2024-11-21 05:06:53','2024-12-05 14:06:53','A26.8','A26.8',141,0.0,0.0,0.0,203),
(266,55,266,7,13,'2023-03-09 19:38:57','2023-03-20 21:38:57','A32.0','A32.0',173,0.0,0.0,0.0,204),
(267,142,267,10,3,'2024-12-25 20:55:16','2024-12-31 08:55:16','A18.0+','A18.0+',386,0.0,0.0,0.0,205),
(268,5,268,10,15,'2024-01-03 20:10:56','2024-01-07 07:10:56','A37.1','A37.1',291,0.0,0.0,0.0,206),
(269,178,269,8,13,'2024-02-19 17:43:23','2024-03-04 01:43:23','A21.7','A21.7',422,0.0,0.0,0.0,207),
(270,45,270,5,10,'2025-08-20 22:39:27','2025-08-23 08:39:27','A37.8','A37.8',357,0.0,0.0,0.0,208),
(271,2,271,9,9,'2023-02-16 02:15:08','2023-02-21 14:15:08','A20.8','A20.8',520,0.0,0.0,0.0,209),
(272,119,272,3,13,'2025-03-23 04:42:49','2025-04-04 16:42:49','A41.0','A41.0',702,0.0,0.0,0.0,210),
(273,128,273,4,3,'2023-12-25 18:56:09','2024-01-06 22:56:09','A22.1','A22.1',446,0.0,0.0,0.0,NULL),
(274,86,274,1,10,'2024-02-10 23:16:30','2024-02-13 11:16:30','A42.8','A42.8',497,0.0,0.0,0.0,NULL),
(275,30,275,6,2,'2023-06-23 06:01:52','2023-07-06 09:01:52','A07.0','A07.0',236,0.0,0.0,0.0,211),
(276,84,276,8,4,'2023-10-14 22:18:30','2023-10-19 23:18:30','A41.3','A41.3',600,0.0,0.0,0.0,212),
(277,14,277,3,15,'2024-03-25 10:48:19','2024-03-29 15:48:19','A19.8','A19.8',469,0.0,0.0,0.0,213),
(278,162,278,5,6,'2024-05-10 23:44:03','2024-05-15 23:44:03','A07.0','A07.0',140,0.0,0.0,0.0,214),
(279,120,279,3,8,'2024-10-22 17:52:42','2024-10-27 02:52:42','A51.3','A51.3',654,0.0,0.0,0.0,215),
(280,44,280,4,10,'2025-03-31 17:58:50','2025-04-16 00:58:50','A41.0','A41.0',606,0.0,0.0,0.0,216),
(281,119,281,4,5,'2023-06-16 18:16:40','2023-06-30 03:16:40','D63.0*','D63.0*',606,0.0,0.0,0.0,217),
(282,147,282,7,15,'2023-01-18 17:11:57','2023-01-26 17:11:57','A36.1','A36.1',544,0.0,0.0,0.0,218),
(283,123,283,1,13,'2025-02-08 10:25:07','2025-02-23 18:25:07','A36.9','A36.9',710,0.0,0.0,0.0,219),
(284,56,284,3,3,'2024-04-03 10:13:22','2024-04-09 14:13:22','A40.2','A40.2',721,0.0,0.0,0.0,220),
(285,147,285,3,12,'2025-06-27 05:25:24','2025-06-29 11:25:24','A52.1','A52.1',380,0.0,0.0,0.0,221),
(286,119,286,9,12,'2025-12-01 17:20:51','2025-12-03 22:20:51','A24.0','A24.0',34,0.0,0.0,0.0,NULL),
(287,110,287,2,13,'2024-08-26 06:55:31','2024-09-08 18:55:31','A30.1','A30.1',636,0.0,0.0,0.0,222),
(288,189,288,8,15,'2023-12-20 21:51:11','2023-12-31 02:51:11','A03.0','A03.0',634,0.0,0.0,0.0,223),
(289,94,289,6,6,'2023-08-06 10:18:16','2023-08-18 12:18:16','A44.1','A44.1',245,0.0,0.0,0.0,NULL),
(290,30,290,4,11,'2024-10-19 17:43:52','2024-11-02 05:43:52','A31.0','A31.0',329,0.0,0.0,0.0,224),
(291,69,291,8,9,'2025-04-19 02:10:54','2025-04-27 09:10:54','A43.1','A43.1',514,0.0,0.0,0.0,225),
(292,32,292,2,8,'2025-09-21 23:17:29','2025-10-02 04:17:29','A40.2','A40.2',193,0.0,0.0,0.0,226),
(293,23,293,3,2,'2024-04-22 10:49:41','2024-04-26 11:49:41','D63.0*','D63.0*',509,0.0,0.0,0.0,227),
(294,53,294,6,9,'2025-04-25 06:32:14','2025-04-27 13:32:14','A39.4','A39.4',431,0.0,0.0,0.0,NULL),
(295,189,295,6,11,'2023-03-15 20:10:23','2023-03-22 04:10:23','A50.1','A50.1',422,0.0,0.0,0.0,228),
(296,88,296,9,11,'2025-05-08 07:23:46','2025-05-22 15:23:46','A40.2','A40.2',456,0.0,0.0,0.0,229),
(297,78,297,5,10,'2023-04-30 12:44:25','2023-05-14 17:44:25','A17.9+','A17.9+',49,0.0,0.0,0.0,230),
(298,91,298,3,5,'2024-08-28 16:03:05','2024-09-01 18:03:05','A21.3','A21.3',166,0.0,0.0,0.0,231),
(299,30,299,9,1,'2024-02-19 12:49:06','2024-03-01 15:49:06','A02.8','A02.8',725,0.0,0.0,0.0,232),
(300,171,300,2,6,'2024-05-25 08:49:08','2024-05-29 12:49:08','A36.8','A36.8',26,0.0,0.0,0.0,233),
(301,128,301,9,13,'2023-12-27 21:49:40','2024-01-06 05:49:40','A24.0','A24.0',340,0.0,0.0,0.0,234),
(302,122,302,2,15,'2024-08-11 07:31:43','2024-08-25 12:31:43','A03.0','A03.0',491,0.0,0.0,0.0,235),
(303,36,303,6,11,'2025-05-01 01:32:03','2025-05-04 08:32:03','A26.9','A26.9',95,0.0,0.0,0.0,236),
(304,15,304,1,10,'2025-08-16 00:58:30','2025-08-21 03:58:30','A44.0','A44.0',86,0.0,0.0,0.0,237),
(305,115,305,10,11,'2025-07-19 05:12:19','2025-07-22 14:12:19','A03.8','A03.8',524,0.0,0.0,0.0,238),
(306,171,306,5,6,'2024-10-05 12:15:57','2024-10-09 12:15:57','A30.5','A30.5',354,0.0,0.0,0.0,239),
(307,79,307,3,8,'2025-03-26 06:25:28','2025-03-29 10:25:28','A37.1','A37.1',435,0.0,0.0,0.0,240),
(308,36,308,6,14,'2025-02-03 22:18:17','2025-02-15 06:18:17','A50.4','A50.4',68,0.0,0.0,0.0,NULL),
(309,194,309,10,7,'2023-06-09 13:26:59','2023-06-11 20:26:59','A20.0','A20.0',141,0.0,0.0,0.0,241),
(310,48,310,5,14,'2024-08-03 13:24:50','2024-08-09 22:24:50','A49.2','A49.2',506,0.0,0.0,0.0,NULL),
(311,190,311,8,8,'2023-11-04 17:42:02','2023-11-07 03:42:02','A23.8','A23.8',128,0.0,0.0,0.0,242),
(312,107,312,2,3,'2024-09-07 20:50:22','2024-09-21 03:50:22','A31.8','A31.8',614,0.0,0.0,0.0,243),
(313,149,313,2,8,'2025-12-04 17:34:14','2025-12-13 04:34:14','A42.8','A42.8',383,0.0,0.0,0.0,244),
(314,188,314,8,10,'2023-04-12 05:03:42','2023-04-27 10:03:42','A17.0+','A17.0+',710,0.0,0.0,0.0,NULL),
(315,92,315,5,3,'2023-05-21 17:17:14','2023-05-27 17:17:14','A43.8','A43.8',299,0.0,0.0,0.0,NULL),
(316,164,316,6,15,'2023-03-17 16:29:06','2023-03-28 00:29:06','A24.2','A24.2',324,0.0,0.0,0.0,245),
(317,70,317,1,11,'2025-05-22 05:57:22','2025-06-04 07:57:22','A42.9','A42.9',141,0.0,0.0,0.0,246),
(318,73,318,4,6,'2024-05-12 13:56:52','2024-05-20 21:56:52','A49.2','A49.2',193,0.0,0.0,0.0,247),
(319,158,319,2,12,'2025-07-27 03:29:27','2025-08-11 04:29:27','A01.4','A01.4',135,0.0,0.0,0.0,NULL),
(320,123,320,6,6,'2024-05-21 08:23:02','2024-06-03 16:23:02','A24.2','A24.2',177,0.0,0.0,0.0,248),
(321,8,321,3,12,'2023-02-20 09:42:21','2023-02-25 12:42:21','A37.9','A37.9',81,0.0,0.0,0.0,249),
(322,177,322,1,13,'2023-01-08 17:17:18','2023-01-11 18:17:18','A42.8','A42.8',676,0.0,0.0,0.0,250),
(323,152,323,1,1,'2024-12-19 07:06:24','2024-12-22 17:06:24','A07.3','A07.3',99,0.0,0.0,0.0,251),
(324,155,324,5,4,'2025-03-14 04:17:29','2025-03-19 15:17:29','A30.5','A30.5',594,0.0,0.0,0.0,252),
(325,91,325,2,3,'2025-10-11 11:36:58','2025-10-25 12:36:58','A01.3','A01.3',593,0.0,0.0,0.0,253),
(326,136,326,4,4,'2025-04-21 01:05:44','2025-04-26 02:05:44','A41.0','A41.0',517,0.0,0.0,0.0,254),
(327,94,327,7,12,'2025-06-21 04:58:57','2025-06-25 10:58:57','A42.8','A42.8',220,0.0,0.0,0.0,255),
(328,59,328,8,7,'2023-05-03 14:18:16','2023-05-17 16:18:16','A23.8','A23.8',370,0.0,0.0,0.0,256),
(329,143,329,10,12,'2023-05-08 21:15:26','2023-05-12 04:15:26','A39.4','A39.4',320,0.0,0.0,0.0,257),
(330,58,330,8,9,'2024-11-28 13:35:09','2024-12-05 01:35:09','A32.0','A32.0',696,0.0,0.0,0.0,258),
(331,46,331,2,1,'2025-09-19 13:23:02','2025-09-28 23:23:02','A17.8+','A17.8+',123,0.0,0.0,0.0,259),
(332,102,332,4,7,'2025-02-09 22:07:09','2025-02-21 03:07:09','A36.8','A36.8',610,0.0,0.0,0.0,260),
(333,32,333,7,4,'2024-07-13 07:02:36','2024-07-26 19:02:36','A41.0','A41.0',365,0.0,0.0,0.0,261),
(334,171,334,2,10,'2024-07-18 02:43:43','2024-07-27 03:43:43','A41.4','A41.4',257,0.0,0.0,0.0,262),
(335,128,335,1,4,'2025-01-12 22:02:35','2025-01-17 05:02:35','A32.8','A32.8',184,0.0,0.0,0.0,263),
(336,155,336,9,11,'2024-04-27 22:51:31','2024-05-02 08:51:31','A40.8','A40.8',505,0.0,0.0,0.0,264),
(337,52,337,9,5,'2025-07-10 20:27:52','2025-07-20 08:27:52','A01.4','A01.4',560,0.0,0.0,0.0,265),
(338,196,338,8,1,'2024-05-29 11:41:22','2024-06-01 18:41:22','A02.8','A02.8',37,0.0,0.0,0.0,266),
(339,46,339,5,9,'2025-10-31 04:22:16','2025-11-15 06:22:16','A41.3','A41.3',399,0.0,0.0,0.0,267),
(340,196,340,8,2,'2025-07-11 01:17:31','2025-07-23 08:17:31','A18.0+','A18.0+',576,0.0,0.0,0.0,268),
(341,130,341,5,1,'2024-07-11 16:51:19','2024-07-17 21:51:19','A03.9','A03.9',329,0.0,0.0,0.0,269),
(342,8,342,1,10,'2023-11-22 14:47:30','2023-11-26 23:47:30','A30.3','A30.3',641,0.0,0.0,0.0,NULL),
(343,98,343,4,2,'2024-05-19 08:53:35','2024-05-26 11:53:35','A24.4','A24.4',241,0.0,0.0,0.0,270),
(344,152,344,9,2,'2025-12-04 21:06:26','2025-12-07 21:06:26','A02.9','A02.9',334,0.0,0.0,0.0,NULL),
(345,118,345,10,11,'2024-07-19 11:54:33','2024-07-30 18:54:33','A26.7','A26.7',23,0.0,0.0,0.0,271),
(346,97,346,4,10,'2024-08-10 22:26:49','2024-08-18 08:26:49','A42.0','A42.0',345,0.0,0.0,0.0,272),
(347,129,347,8,13,'2025-03-07 05:04:41','2025-03-14 08:04:41','A04.3','A04.3',651,0.0,0.0,0.0,273),
(348,138,348,2,4,'2024-01-19 21:01:27','2024-01-26 06:01:27','A06.2','A06.2',593,0.0,0.0,0.0,NULL),
(349,152,349,2,6,'2024-08-08 09:29:39','2024-08-11 14:29:39','A24.2','A24.2',668,0.0,0.0,0.0,NULL),
(350,130,350,5,13,'2024-09-15 03:51:52','2024-09-23 09:51:52','A42.8','A42.8',640,0.0,0.0,0.0,274),
(351,117,351,10,11,'2025-12-09 15:33:04','2025-12-13 17:33:04','A20.3','A20.3',512,0.0,0.0,0.0,275),
(352,170,352,1,14,'2025-04-15 13:20:38','2025-04-24 22:20:38','A20.0','A20.0',535,0.0,0.0,0.0,276),
(353,94,353,4,8,'2023-02-28 21:30:24','2023-03-05 22:30:24','A22.9','A22.9',423,0.0,0.0,0.0,277),
(354,74,354,3,11,'2023-09-25 03:57:06','2023-10-01 04:57:06','A02.2','A02.2',197,0.0,0.0,0.0,278),
(355,63,355,4,13,'2024-07-08 02:05:29','2024-07-17 02:05:29','A23.0','A23.0',164,0.0,0.0,0.0,NULL),
(356,35,356,1,1,'2024-11-08 11:31:07','2024-11-22 21:31:07','A02.0','A02.0',498,0.0,0.0,0.0,NULL),
(357,15,357,2,14,'2023-08-23 03:18:57','2023-08-30 08:18:57','A17.1+','A17.1+',407,0.0,0.0,0.0,279),
(358,61,358,9,2,'2025-07-14 19:39:15','2025-07-28 07:39:15','A42.0','A42.0',258,0.0,0.0,0.0,280),
(359,24,359,7,4,'2025-10-28 19:39:40','2025-11-01 06:39:40','A37.9','A37.9',242,0.0,0.0,0.0,NULL),
(360,56,360,1,3,'2023-03-25 14:38:13','2023-03-29 23:38:13','A43.9','A43.9',503,0.0,0.0,0.0,281),
(361,96,361,3,12,'2023-08-01 08:42:44','2023-08-08 12:42:44','A41.0','A41.0',372,0.0,0.0,0.0,282),
(362,184,362,1,6,'2024-09-08 05:32:29','2024-09-10 15:32:29','A21.7','A21.7',708,0.0,0.0,0.0,283),
(363,65,363,8,9,'2024-09-05 16:26:12','2024-09-11 19:26:12','A01.2','A01.2',398,0.0,0.0,0.0,NULL),
(364,101,364,6,15,'2024-02-05 11:11:38','2024-02-11 18:11:38','A36.9','A36.9',660,0.0,0.0,0.0,NULL),
(365,9,365,7,5,'2023-10-31 05:03:46','2023-11-15 10:03:46','A18.1','A18.1',103,0.0,0.0,0.0,284),
(366,179,366,6,5,'2025-05-18 04:32:19','2025-05-21 15:32:19','A02.2','A02.2',465,0.0,0.0,0.0,285),
(367,196,367,4,1,'2025-03-13 17:34:38','2025-03-25 23:34:38','A24.3','A24.3',644,0.0,0.0,0.0,286),
(368,81,368,3,10,'2023-03-03 21:00:42','2023-03-07 09:00:42','A37.0','A37.0',609,0.0,0.0,0.0,287),
(369,82,369,6,8,'2024-10-13 02:18:02','2024-10-28 11:18:02','A19.9','A19.9',289,0.0,0.0,0.0,288),
(370,22,370,9,7,'2024-06-02 04:37:53','2024-06-06 04:37:53','A51.3','A51.3',663,0.0,0.0,0.0,NULL),
(371,161,371,7,4,'2023-03-19 11:58:29','2023-03-28 20:58:29','A22.7','A22.7',615,0.0,0.0,0.0,289),
(372,39,372,8,2,'2024-08-08 20:05:13','2024-08-13 02:05:13','A41.5','A41.5',690,0.0,0.0,0.0,290),
(373,31,373,3,4,'2025-03-16 12:00:01','2025-03-21 18:00:01','A20.1','A20.1',442,0.0,0.0,0.0,291),
(374,154,374,3,4,'2024-09-20 11:51:20','2024-10-03 23:51:20','A23.9','A23.9',30,0.0,0.0,0.0,292),
(375,68,375,8,4,'2025-12-19 22:54:43','2025-12-29 08:54:43','A01.2','A01.2',88,0.0,0.0,0.0,293),
(376,121,376,10,3,'2024-06-03 21:28:42','2024-06-17 08:28:42','A04.2','A04.2',263,0.0,0.0,0.0,294),
(377,25,377,10,9,'2023-05-10 17:30:13','2023-05-13 02:30:13','A03.1','A03.1',727,0.0,0.0,0.0,295),
(378,2,378,9,5,'2025-05-29 09:35:47','2025-06-09 11:35:47','A50.1','A50.1',43,0.0,0.0,0.0,NULL),
(379,46,379,9,5,'2023-07-11 18:36:00','2023-07-21 23:36:00','A17.8+','A17.8+',444,0.0,0.0,0.0,296),
(380,67,380,5,2,'2024-02-20 02:50:55','2024-02-22 08:50:55','A51.3','A51.3',270,0.0,0.0,0.0,297),
(381,195,381,3,15,'2024-05-02 03:28:03','2024-05-12 10:28:03','A52.3','A52.3',570,0.0,0.0,0.0,298),
(382,113,382,3,1,'2023-01-22 16:36:10','2023-01-26 20:36:10','A40.8','A40.8',723,0.0,0.0,0.0,299),
(383,112,383,2,2,'2024-06-20 23:15:42','2024-06-23 06:15:42','A07.3','A07.3',152,0.0,0.0,0.0,300),
(384,90,384,10,2,'2023-04-21 21:09:26','2023-05-07 01:09:26','A50.2','A50.2',680,0.0,0.0,0.0,301),
(385,55,385,8,10,'2023-10-26 04:32:16','2023-11-05 07:32:16','A06.2','A06.2',694,0.0,0.0,0.0,302),
(386,85,386,6,1,'2024-09-21 21:01:08','2024-10-03 22:01:08','A02.2','A02.2',158,0.0,0.0,0.0,303),
(387,21,387,1,8,'2025-07-06 21:34:25','2025-07-19 07:34:25','A03.1','A03.1',338,0.0,0.0,0.0,NULL),
(388,168,388,5,10,'2024-10-11 11:29:44','2024-10-18 23:29:44','A03.8','A03.8',331,0.0,0.0,0.0,304),
(389,191,389,7,2,'2025-05-29 12:49:16','2025-06-09 15:49:16','A02.0','A02.0',92,0.0,0.0,0.0,305),
(390,54,390,2,3,'2024-06-05 20:36:17','2024-06-19 22:36:17','A41.4','A41.4',306,0.0,0.0,0.0,306),
(391,111,391,9,12,'2024-08-22 18:09:16','2024-09-03 23:09:16','A41.4','A41.4',205,0.0,0.0,0.0,307),
(392,115,392,7,15,'2024-04-14 15:24:33','2024-04-24 03:24:33','A51.4','A51.4',378,0.0,0.0,0.0,308),
(393,48,393,4,7,'2025-02-06 14:19:59','2025-02-15 00:19:59','D63.8*','D63.8*',664,0.0,0.0,0.0,309),
(394,127,394,8,9,'2025-07-24 06:21:05','2025-08-05 07:21:05','D63.0*','D63.0*',308,0.0,0.0,0.0,310),
(395,33,395,9,11,'2024-04-07 02:37:07','2024-04-22 02:37:07','A03.1','A03.1',79,0.0,0.0,0.0,311),
(396,132,396,5,2,'2025-06-10 23:37:11','2025-06-19 08:37:11','A22.2','A22.2',364,0.0,0.0,0.0,312),
(397,150,397,1,2,'2025-02-14 15:57:20','2025-02-16 21:57:20','A37.1','A37.1',86,0.0,0.0,0.0,313),
(398,181,398,5,5,'2024-10-08 18:03:05','2024-10-20 06:03:05','A19.1','A19.1',350,0.0,0.0,0.0,NULL),
(399,55,399,1,3,'2023-08-24 02:10:51','2023-09-06 10:10:51','A36.2','A36.2',6,0.0,0.0,0.0,314),
(400,30,400,10,1,'2023-07-05 21:04:46','2023-07-18 08:04:46','A24.2','A24.2',499,0.0,0.0,0.0,315),
(401,159,401,1,14,'2025-09-26 15:26:20','2025-10-03 17:26:20','A07.0','A07.0',196,0.0,0.0,0.0,316),
(402,5,402,4,12,'2023-01-11 19:56:12','2023-01-27 05:56:12','A52.1','A52.1',447,0.0,0.0,0.0,317),
(403,138,403,2,4,'2023-10-27 10:19:15','2023-11-02 10:19:15','D63.8*','D63.8*',171,0.0,0.0,0.0,318),
(404,190,404,5,12,'2024-07-02 12:35:52','2024-07-11 15:35:52','A36.1','A36.1',584,0.0,0.0,0.0,319),
(405,14,405,10,6,'2023-09-03 07:50:45','2023-09-06 18:50:45','A49.0','A49.0',611,0.0,0.0,0.0,320),
(406,75,406,8,1,'2024-07-08 07:47:21','2024-07-16 17:47:21','A03.9','A03.9',238,0.0,0.0,0.0,321),
(407,136,407,8,1,'2024-05-03 05:56:12','2024-05-14 11:56:12','A41.5','A41.5',120,0.0,0.0,0.0,322),
(408,160,408,4,11,'2024-09-28 08:18:20','2024-10-07 19:18:20','A30.4','A30.4',481,0.0,0.0,0.0,323),
(409,113,409,8,4,'2025-08-17 19:22:34','2025-08-23 05:22:34','A24.0','A24.0',135,0.0,0.0,0.0,NULL),
(410,186,410,4,12,'2024-11-19 22:52:31','2024-11-28 07:52:31','A06.0','A06.0',290,0.0,0.0,0.0,NULL),
(411,171,411,7,8,'2023-03-19 20:19:39','2023-03-24 08:19:39','A24.2','A24.2',506,0.0,0.0,0.0,324),
(412,61,412,3,4,'2025-01-08 14:59:21','2025-01-10 16:59:21','A02.8','A02.8',516,0.0,0.0,0.0,325),
(413,17,413,5,6,'2024-08-28 06:06:13','2024-08-31 13:06:13','A31.0','A31.0',349,0.0,0.0,0.0,326),
(414,197,414,1,1,'2025-12-15 16:17:11','2025-12-21 17:17:11','A40.2','A40.2',449,0.0,0.0,0.0,327),
(415,194,415,9,2,'2023-08-26 15:56:54','2023-09-09 15:56:54','A18.2','A18.2',108,0.0,0.0,0.0,NULL),
(416,162,416,2,2,'2023-03-03 12:38:57','2023-03-10 19:38:57','A31.9','A31.9',158,0.0,0.0,0.0,328),
(417,86,417,8,14,'2023-11-26 22:28:46','2023-11-30 01:28:46','A23.8','A23.8',350,0.0,0.0,0.0,NULL),
(418,130,418,3,3,'2023-05-26 05:21:30','2023-06-01 08:21:30','A37.8','A37.8',543,0.0,0.0,0.0,329),
(419,59,419,6,3,'2024-12-23 01:34:01','2024-12-31 13:34:01','A39.4','A39.4',31,0.0,0.0,0.0,NULL),
(420,38,420,7,13,'2023-11-10 13:45:55','2023-11-23 18:45:55','A39.2','A39.2',169,0.0,0.0,0.0,330),
(421,16,421,9,7,'2023-12-25 20:29:56','2024-01-07 07:29:56','A37.8','A37.8',303,0.0,0.0,0.0,331),
(422,103,422,5,15,'2025-08-04 11:01:23','2025-08-17 11:01:23','A51.3','A51.3',541,0.0,0.0,0.0,332),
(423,38,423,8,12,'2024-09-07 14:23:25','2024-09-17 00:23:25','A30.4','A30.4',715,0.0,0.0,0.0,NULL),
(424,167,424,3,7,'2023-02-03 05:33:18','2023-02-09 16:33:18','A44.1','A44.1',533,0.0,0.0,0.0,333),
(425,73,425,1,4,'2023-08-03 21:01:00','2023-08-13 23:01:00','A44.1','A44.1',29,0.0,0.0,0.0,334),
(426,152,426,1,5,'2023-10-29 00:40:24','2023-11-13 11:40:24','A22.7','A22.7',382,0.0,0.0,0.0,335),
(427,161,427,1,9,'2024-01-20 01:54:09','2024-01-23 12:54:09','A30.2','A30.2',465,0.0,0.0,0.0,336),
(428,61,428,5,13,'2025-08-09 02:44:53','2025-08-20 06:44:53','A49.9','A49.9',683,0.0,0.0,0.0,337),
(429,173,429,4,3,'2025-07-22 08:38:39','2025-07-30 17:38:39','A40.1','A40.1',370,0.0,0.0,0.0,338),
(430,26,430,3,3,'2025-11-19 02:35:54','2025-11-27 08:35:54','A20.3','A20.3',488,0.0,0.0,0.0,NULL),
(431,115,431,7,2,'2024-07-23 22:03:27','2024-08-05 10:03:27','A50.2','A50.2',271,0.0,0.0,0.0,339),
(432,128,432,9,11,'2024-09-25 00:06:42','2024-10-04 02:06:42','A41.3','A41.3',131,0.0,0.0,0.0,NULL),
(433,183,433,8,8,'2023-07-19 17:14:07','2023-08-02 00:14:07','A18.0+','A18.0+',34,0.0,0.0,0.0,NULL),
(434,144,434,5,6,'2023-11-28 11:10:39','2023-12-09 20:10:39','A43.0','A43.0',42,0.0,0.0,0.0,340),
(435,40,435,3,2,'2024-05-25 19:13:04','2024-06-01 07:13:04','A50.3','A50.3',146,0.0,0.0,0.0,341),
(436,108,436,6,1,'2024-03-25 02:21:53','2024-03-31 10:21:53','A03.1','A03.1',70,0.0,0.0,0.0,NULL),
(437,107,437,10,8,'2025-08-09 05:18:08','2025-08-15 12:18:08','A17.1+','A17.1+',136,0.0,0.0,0.0,NULL),
(438,130,438,2,11,'2024-06-24 07:38:45','2024-07-08 12:38:45','A52.0+','A52.0+',640,0.0,0.0,0.0,342),
(439,105,439,5,7,'2023-05-13 03:41:21','2023-05-21 14:41:21','A06.0','A06.0',662,0.0,0.0,0.0,NULL),
(440,43,440,9,12,'2023-09-03 02:02:36','2023-09-14 12:02:36','A19.8','A19.8',88,0.0,0.0,0.0,343),
(441,159,441,1,9,'2025-01-22 00:49:29','2025-02-05 08:49:29','A43.9','A43.9',124,0.0,0.0,0.0,344),
(442,47,442,9,1,'2024-03-21 07:14:29','2024-04-04 19:14:29','A26.8','A26.8',622,0.0,0.0,0.0,345),
(443,103,443,1,10,'2023-12-02 04:10:59','2023-12-11 10:10:59','A26.7','A26.7',541,0.0,0.0,0.0,346),
(444,98,444,5,5,'2023-02-08 23:51:23','2023-02-12 01:51:23','D63.8*','D63.8*',92,0.0,0.0,0.0,347),
(445,79,445,1,7,'2025-01-24 06:06:56','2025-01-28 17:06:56','A36.0','A36.0',306,0.0,0.0,0.0,348),
(446,26,446,4,6,'2023-12-14 04:27:57','2023-12-22 04:27:57','A50.5','A50.5',246,0.0,0.0,0.0,349),
(447,151,447,6,4,'2024-10-19 15:46:58','2024-10-29 15:46:58','A49.0','A49.0',476,0.0,0.0,0.0,350),
(448,105,448,2,2,'2024-06-07 19:07:02','2024-06-10 04:07:02','A49.1','A49.1',253,0.0,0.0,0.0,NULL),
(449,167,449,4,13,'2023-08-10 06:25:59','2023-08-16 14:25:59','A32.1+','A32.1+',146,0.0,0.0,0.0,351),
(450,139,450,10,3,'2023-06-14 22:39:32','2023-06-25 05:39:32','A18.2','A18.2',297,0.0,0.0,0.0,352),
(451,1,451,4,1,'2024-08-20 15:31:52','2024-08-27 01:31:52','A42.7','A42.7',600,0.0,0.0,0.0,353),
(452,73,452,2,1,'2023-07-27 19:04:22','2023-08-10 01:04:22','A49.1','A49.1',144,0.0,0.0,0.0,354),
(453,72,453,5,15,'2024-08-25 15:45:45','2024-08-30 20:45:45','A40.0','A40.0',725,0.0,0.0,0.0,NULL),
(454,70,454,3,4,'2025-05-14 03:13:14','2025-05-21 03:13:14','A01.0','A01.0',662,0.0,0.0,0.0,355),
(455,156,455,8,8,'2023-09-19 20:04:41','2023-09-22 07:04:41','A44.0','A44.0',403,0.0,0.0,0.0,356),
(456,21,456,2,13,'2025-01-31 16:34:04','2025-02-12 23:34:04','A32.7','A32.7',362,0.0,0.0,0.0,357),
(457,154,457,8,6,'2024-11-22 08:24:20','2024-11-26 11:24:20','A20.8','A20.8',10,0.0,0.0,0.0,358),
(458,191,458,5,1,'2024-12-24 09:03:29','2025-01-05 19:03:29','A21.2','A21.2',227,0.0,0.0,0.0,359),
(459,127,459,7,6,'2023-07-11 19:34:54','2023-07-18 05:34:54','A23.2','A23.2',114,0.0,0.0,0.0,360),
(460,146,460,10,9,'2024-08-02 20:00:38','2024-08-07 06:00:38','A18.4','A18.4',579,0.0,0.0,0.0,361),
(461,17,461,9,10,'2023-01-26 19:18:13','2023-02-08 22:18:13','A19.8','A19.8',281,0.0,0.0,0.0,362),
(462,174,462,1,1,'2025-07-27 12:22:29','2025-08-08 19:22:29','A52.8','A52.8',438,0.0,0.0,0.0,363),
(463,173,463,9,11,'2023-05-06 19:34:16','2023-05-22 05:34:16','A41.5','A41.5',478,0.0,0.0,0.0,364),
(464,93,464,8,9,'2023-03-29 16:56:27','2023-04-12 00:56:27','A01.1','A01.1',324,0.0,0.0,0.0,365),
(465,101,465,7,4,'2024-12-08 05:06:43','2024-12-11 16:06:43','A22.0','A22.0',77,0.0,0.0,0.0,366),
(466,51,466,1,3,'2024-01-25 21:44:58','2024-02-01 09:44:58','A52.1','A52.1',607,0.0,0.0,0.0,367),
(467,86,467,9,14,'2024-02-12 06:08:51','2024-02-17 11:08:51','A04.2','A04.2',243,0.0,0.0,0.0,368),
(468,199,468,2,10,'2025-10-25 06:54:53','2025-11-03 07:54:53','A02.8','A02.8',63,0.0,0.0,0.0,369),
(469,97,469,5,6,'2025-11-01 10:47:30','2025-11-04 10:47:30','A52.1','A52.1',626,0.0,0.0,0.0,370),
(470,111,470,2,2,'2023-01-23 04:00:00','2023-02-04 10:00:00','A37.0','A37.0',633,0.0,0.0,0.0,NULL),
(471,60,471,7,14,'2025-09-14 17:04:25','2025-09-29 00:04:25','A51.5','A51.5',636,0.0,0.0,0.0,371),
(472,26,472,4,6,'2025-11-01 12:25:42','2025-11-13 21:25:42','A06.4','A06.4',111,0.0,0.0,0.0,372),
(473,4,473,5,10,'2025-08-19 20:06:09','2025-08-23 04:06:09','A37.8','A37.8',364,0.0,0.0,0.0,373),
(474,124,474,3,12,'2025-03-14 13:55:54','2025-03-23 13:55:54','A50.2','A50.2',320,0.0,0.0,0.0,374),
(475,112,475,3,9,'2025-05-20 11:24:44','2025-06-03 23:24:44','A40.9','A40.9',151,0.0,0.0,0.0,375),
(476,80,476,3,10,'2024-05-23 19:44:40','2024-05-30 05:44:40','A21.3','A21.3',59,0.0,0.0,0.0,376),
(477,130,477,4,14,'2025-01-22 14:58:36','2025-02-07 00:58:36','A30.3','A30.3',71,0.0,0.0,0.0,377),
(478,49,478,10,11,'2024-09-26 03:25:31','2024-10-09 12:25:31','A51.4','A51.4',344,0.0,0.0,0.0,378),
(479,77,479,4,7,'2024-02-11 03:15:11','2024-02-15 03:15:11','A21.1','A21.1',710,0.0,0.0,0.0,379),
(480,120,480,1,10,'2023-07-07 04:52:45','2023-07-12 06:52:45','A01.2','A01.2',372,0.0,0.0,0.0,380),
(481,19,481,10,6,'2023-02-15 03:38:31','2023-02-25 13:38:31','A03.1','A03.1',369,0.0,0.0,0.0,NULL),
(482,8,482,9,4,'2023-03-10 01:09:50','2023-03-16 06:09:50','A18.5','A18.5',252,0.0,0.0,0.0,381),
(483,51,483,7,1,'2023-04-13 06:02:47','2023-04-28 08:02:47','A07.0','A07.0',671,0.0,0.0,0.0,382),
(484,87,484,3,15,'2023-06-27 15:07:35','2023-07-04 01:07:35','A52.0+','A52.0+',540,0.0,0.0,0.0,383),
(485,112,485,9,15,'2025-02-16 10:26:16','2025-02-19 13:26:16','A32.1+','A32.1+',388,0.0,0.0,0.0,384),
(486,82,486,5,10,'2024-04-05 09:22:04','2024-04-17 17:22:04','A26.9','A26.9',153,0.0,0.0,0.0,385),
(487,64,487,2,1,'2025-04-20 06:28:20','2025-05-04 09:28:20','A51.4','A51.4',482,0.0,0.0,0.0,386),
(488,17,488,3,3,'2025-10-20 07:41:54','2025-10-28 14:41:54','A32.1+','A32.1+',330,0.0,0.0,0.0,387),
(489,135,489,10,12,'2024-07-11 15:47:45','2024-07-25 01:47:45','A02.9','A02.9',666,0.0,0.0,0.0,388),
(490,54,490,7,4,'2023-12-02 16:18:40','2023-12-11 22:18:40','A18.0+','A18.0+',586,0.0,0.0,0.0,NULL),
(491,96,491,4,5,'2025-02-22 17:02:57','2025-02-25 22:02:57','A03.0','A03.0',598,0.0,0.0,0.0,389),
(492,120,492,8,9,'2025-06-15 23:33:42','2025-06-23 04:33:42','A23.0','A23.0',325,0.0,0.0,0.0,390),
(493,98,493,5,1,'2023-04-02 06:05:04','2023-04-11 07:05:04','A42.8','A42.8',514,0.0,0.0,0.0,391),
(494,140,494,1,11,'2023-04-18 17:28:02','2023-05-02 22:28:02','A20.0','A20.0',560,0.0,0.0,0.0,392),
(495,86,495,10,4,'2025-04-08 13:23:21','2025-04-15 16:23:21','A44.8','A44.8',142,0.0,0.0,0.0,393),
(496,67,496,1,1,'2024-11-15 21:28:26','2024-11-22 09:28:26','A42.8','A42.8',484,0.0,0.0,0.0,394),
(497,195,497,9,3,'2024-03-29 16:06:23','2024-04-04 01:06:23','A40.3','A40.3',480,0.0,0.0,0.0,395),
(498,88,498,4,13,'2023-11-26 01:26:34','2023-12-03 07:26:34','A40.0','A40.0',450,0.0,0.0,0.0,NULL),
(499,143,499,6,1,'2024-08-12 15:46:07','2024-08-16 22:46:07','A21.0','A21.0',348,0.0,0.0,0.0,396),
(500,108,500,10,7,'2025-06-07 04:40:08','2025-06-21 04:40:08','A17.1+','A17.1+',33,0.0,0.0,0.0,397),
(501,40,501,4,6,'2026-09-03 02:31:40','2026-09-09 08:31:40','A04.0','A04.0',401,0.0,0.0,0.0,398),
(502,137,502,5,7,'2026-07-04 21:14:54','2026-07-08 07:14:54','A18.3','A18.3',96,0.0,0.0,0.0,399),
(503,27,503,4,11,'2026-03-11 08:41:18','2026-03-17 10:41:18','A32.9','A32.9',72,0.0,0.0,0.0,400),
(504,73,504,9,4,'2026-04-24 10:18:00','2026-04-27 15:18:00','A18.3','A18.3',12,0.0,0.0,0.0,401),
(505,84,505,8,14,'2026-06-02 10:21:55','2026-06-07 16:21:55','A36.0','A36.0',71,0.0,0.0,0.0,402),
(506,53,506,10,3,'2026-05-01 17:08:46','2026-05-05 02:08:46','A50.3','A50.3',318,0.0,0.0,0.0,403),
(507,52,507,8,9,'2026-09-24 08:08:00','2026-10-01 10:08:00','A36.3','A36.3',66,0.0,0.0,0.0,NULL),
(508,155,508,8,13,'2026-07-24 17:20:16','2026-07-28 00:20:16','A03.0','A03.0',590,0.0,0.0,0.0,NULL),
(509,189,509,5,2,'2026-09-09 13:56:40','2026-09-14 01:56:40','A51.3','A51.3',401,0.0,0.0,0.0,404),
(510,45,510,3,7,'2026-03-12 05:47:21','2026-03-15 15:47:21','A49.8','A49.8',716,0.0,0.0,0.0,405),
(511,25,511,5,7,'2026-01-18 12:58:56','2026-01-25 20:58:56','A04.1','A04.1',683,0.0,0.0,0.0,406),
(512,179,512,6,12,'2026-12-17 22:26:13','2026-12-24 23:26:13','A06.4','A06.4',79,0.0,0.0,0.0,407),
(513,130,513,1,13,'2026-06-09 16:22:20','2026-06-14 00:22:20','A02.1','A02.1',474,0.0,0.0,0.0,408),
(514,19,514,4,11,'2026-09-20 23:15:14','2026-09-28 05:15:14','A02.9','A02.9',407,0.0,0.0,0.0,NULL),
(515,3,515,8,5,'2026-10-03 23:17:14','2026-10-06 06:17:14','A04.1','A04.1',473,0.0,0.0,0.0,409),
(516,22,516,3,9,'2026-04-05 13:20:24','2026-04-12 15:20:24','A51.2','A51.2',19,0.0,0.0,0.0,410),
(517,26,517,1,3,'2026-02-18 14:10:29','2026-02-23 00:10:29','A23.0','A23.0',694,0.0,0.0,0.0,411),
(518,40,518,4,8,'2026-03-11 16:31:23','2026-03-16 00:31:23','A03.2','A03.2',453,0.0,0.0,0.0,NULL),
(519,163,519,1,13,'2026-09-07 09:39:59','2026-09-13 16:39:59','A01.1','A01.1',613,0.0,0.0,0.0,NULL),
(520,13,520,2,13,'2026-10-26 08:01:22','2026-10-31 11:01:22','A37.8','A37.8',17,0.0,0.0,0.0,412),
(521,8,521,2,1,'2026-11-16 00:51:42','2026-11-20 03:51:42','A18.2','A18.2',681,0.0,0.0,0.0,413),
(522,186,522,9,3,'2026-06-11 21:25:06','2026-06-14 02:25:06','A19.2','A19.2',642,0.0,0.0,0.0,414),
(523,160,523,6,4,'2026-06-03 20:15:45','2026-06-09 21:15:45','A18.4','A18.4',332,0.0,0.0,0.0,415),
(524,4,524,2,7,'2026-05-04 07:34:21','2026-05-11 10:34:21','A23.2','A23.2',674,0.0,0.0,0.0,416),
(525,167,525,10,10,'2026-01-18 12:32:26','2026-01-23 00:32:26','A06.4','A06.4',512,0.0,0.0,0.0,NULL),
(526,183,526,7,9,'2026-03-09 01:06:53','2026-03-15 11:06:53','A17.0+','A17.0+',695,0.0,0.0,0.0,NULL),
(527,86,527,1,3,'2026-10-24 04:42:37','2026-10-31 09:42:37','A50.2','A50.2',624,0.0,0.0,0.0,417),
(528,115,528,4,7,'2026-09-07 08:44:59','2026-09-13 08:44:59','A51.4','A51.4',22,0.0,0.0,0.0,418),
(529,195,529,2,15,'2026-05-01 08:40:40','2026-05-03 17:40:40','A17.1+','A17.1+',62,0.0,0.0,0.0,NULL),
(530,96,530,4,8,'2026-03-21 00:53:10','2026-03-25 00:53:10','A39.4','A39.4',613,0.0,0.0,0.0,NULL);



-- hospitalization review
INSERT INTO `hospitalization_review` (`medical_care`, `nurse_care`, `cleanness`, `overall_experience`, `food_quality`, `review_date`) VALUES
(4, 5, 4, 4, 3, '2026-04-02 10:15:00'), (5, 4, 5, 5, 4, '2026-04-02 14:30:00'), (3, 4, 3, 3, 5, '2026-04-03 09:12:00'), (2, 5, 5, 4, 4, '2026-04-03 11:45:00'),
(5, 5, 5, 5, 5, '2026-04-04 18:20:00'), (4, 3, 4, 4, 2, '2026-04-04 13:05:00'), (3, 4, 3, 3, 4, '2026-04-05 20:10:00'), (5, 5, 4, 5, 3, '2026-04-05 12:00:00'),
(4, 4, 5, 4, 4, '2026-04-06 08:50:00'), (5, 3, 4, 5, 5, '2026-04-06 15:30:00'), (3, 5, 3, 3, 3, '2026-04-07 10:20:00'), (2, 4, 2, 2, 2, '2026-04-07 17:40:00'),
(5, 5, 5, 5, 4, '2026-04-08 09:15:00'), (4, 4, 3, 4, 5, '2026-04-08 14:00:00'), (3, 3, 4, 3, 2, '2026-04-09 11:10:00'), (5, 5, 4, 5, 5, '2026-04-09 19:45:00'),
(4, 2, 5, 4, 3, '2026-04-10 08:30:00'), (2, 3, 2, 2, 4, '2026-04-10 16:55:00'), (5, 4, 4, 5, 5, '2026-04-11 12:20:00'), (4, 5, 5, 4, 3, '2026-04-11 10:05:00'),
(3, 4, 3, 3, 2, '2026-04-12 13:15:00'), (5, 5, 5, 5, 5, '2026-04-12 18:40:00'), (4, 3, 2, 2, 3, '2026-04-13 09:30:00'), (4, 4, 4, 4, 4, '2026-04-13 14:15:00'),
(5, 5, 3, 5, 2, '2026-04-14 11:50:00'), (3, 2, 5, 3, 4, '2026-04-14 17:00:00'), (4, 5, 4, 4, 5, '2026-04-15 10:20:00'), (2, 3, 2, 2, 3, '2026-04-15 15:45:00'),
(5, 4, 5, 5, 2, '2026-04-16 08:10:00'), (4, 5, 4, 4, 4, '2026-04-16 13:30:00'), (3, 3, 3, 3, 5, '2026-04-17 11:25:00'), (5, 5, 5, 5, 3, '2026-04-17 19:10:00'),
(4, 2, 4, 4, 3, '2026-04-18 09:00:00'), (5, 4, 2, 2, 4, '2026-04-18 16:20:00'), (5, 5, 4, 5, 5, '2026-04-19 12:40:00'), (4, 4, 5, 4, 2, '2026-04-19 15:55:00'),
(3, 5, 3, 3, 2, '2026-04-20 10:30:00'), (5, 3, 5, 5, 4, '2026-04-20 14:12:00'), (2, 4, 4, 2, 5, '2026-04-21 08:50:00'), (4, 5, 3, 4, 3, '2026-04-21 17:35:00'),
(5, 4, 4, 5, 2, '2026-04-22 11:40:00'), (3, 3, 2, 3, 4, '2026-04-22 13:20:00'), (4, 5, 5, 4, 5, '2026-04-23 09:15:00'), (5, 5, 5, 5, 4, '2026-04-23 18:05:00'),
(4, 2, 3, 2, 3, '2026-04-24 12:50:00'), (4, 4, 4, 4, 2, '2026-04-24 16:10:00'), (3, 5, 3, 3, 4, '2026-04-25 10:22:00'), (5, 4, 5, 5, 5, '2026-04-25 14:55:00'),
(4, 3, 2, 4, 2, '2026-04-26 11:30:00'), (2, 5, 4, 2, 3, '2026-04-26 19:20:00'), (5, 5, 5, 5, 4, '2026-04-27 08:45:00'), (4, 4, 3, 4, 5, '2026-04-27 15:10:00'),
(3, 2, 4, 3, 2, '2026-04-28 10:05:00'), (5, 5, 5, 5, 2, '2026-04-28 17:35:00'), (4, 4, 2, 2, 4, '2026-04-29 09:40:00'), (4, 5, 4, 4, 5, '2026-04-29 13:20:00'),
(3, 3, 3, 3, 3, '2026-04-30 11:00:00'), (5, 4, 5, 5, 2, '2026-04-30 16:50:00'), (4, 2, 4, 4, 4, '2026-04-01 12:15:00'), (2, 5, 2, 2, 5, '2026-04-01 15:40:00'),
(5, 5, 5, 5, 4, '2026-04-02 11:10:00'), (4, 4, 3, 4, 3, '2026-04-02 16:55:00'), (3, 5, 4, 3, 2, '2026-04-03 08:40:00'), (5, 3, 5, 5, 5, '2026-04-03 13:25:00'),
(4, 5, 2, 4, 4, '2026-04-04 10:15:00'), (2, 4, 5, 2, 2, '2026-04-04 14:50:00'), (5, 5, 4, 5, 3, '2026-04-05 09:35:00'), (3, 3, 3, 3, 5, '2026-04-05 11:20:00'),
(4, 4, 5, 4, 2, '2026-04-06 17:15:00'), (5, 2, 4, 5, 4, '2026-04-06 12:40:00'), (4, 5, 3, 2, 5, '2026-04-07 15:05:00'), (4, 5, 4, 4, 3, '2026-04-07 08:30:00'),
(5, 4, 5, 5, 4, '2026-04-08 11:55:00'), (3, 5, 2, 3, 2, '2026-04-08 19:30:00'), (2, 3, 4, 2, 5, '2026-04-09 10:10:00'), (5, 5, 5, 5, 2, '2026-04-09 14:45:00'),
(4, 4, 3, 4, 4, '2026-04-10 11:20:00'), (3, 2, 4, 3, 3, '2026-04-10 17:50:00'), (5, 5, 5, 5, 5, '2026-04-11 08:40:00'), (4, 4, 2, 2, 2, '2026-04-11 13:15:00'),
(4, 5, 4, 4, 4, '2026-04-12 15:40:00'), (5, 3, 5, 5, 3, '2026-04-12 10:55:00'), (3, 5, 3, 3, 5, '2026-04-13 09:22:00'), (2, 4, 4, 2, 2, '2026-04-13 14:10:00'),
(5, 5, 5, 5, 4, '2026-04-14 11:30:00'), (4, 4, 3, 4, 4, '2026-04-14 16:50:00'), (3, 3, 4, 3, 4, '2026-04-15 08:15:00'), (5, 5, 5, 5, 5, '2026-04-15 13:40:00'),
(4, 2, 5, 4, 3, '2026-04-16 10:05:00'), (2, 3, 2, 2, 2, '2026-04-16 15:55:00'), (5, 4, 4, 5, 5, '2026-04-17 12:12:00'), (4, 5, 5, 4, 4, '2026-04-17 08:40:00'),
(3, 4, 3, 3, 3, '2026-04-18 11:25:00'), (5, 5, 5, 5, 2, '2026-04-18 17:50:00'), (4, 3, 2, 2, 5, '2026-04-19 14:10:00'), (4, 4, 4, 4, 4, '2026-04-19 09:35:00'),
(5, 5, 3, 5, 3, '2026-04-20 12:45:00'), (3, 2, 5, 3, 5, '2026-04-20 16:20:00'), (4, 5, 4, 4, 2, '2026-04-21 11:55:00'), (2, 3, 2, 2, 4, '2026-04-21 08:12:00'),
(5, 4, 5, 5, 5, '2026-04-22 15:30:00'), (4, 5, 4, 4, 4, '2026-04-22 10:45:00'), (3, 3, 3, 3, 3, '2026-04-23 09:22:00'), (5, 5, 5, 5, 5, '2026-04-23 14:10:00'),
(4, 2, 4, 4, 2, '2026-04-24 11:50:00'), (5, 4, 2, 2, 4, '2026-04-24 18:05:00'), (5, 5, 4, 5, 1, '2026-04-25 09:12:00'), (4, 4, 5, 4, 4, '2026-04-25 15:55:00'),
(3, 5, 3, 3, 4, '2026-04-26 10:20:00'), (5, 3, 5, 5, 5, '2026-04-26 14:40:00'), (2, 4, 4, 2, 2, '2026-04-27 11:15:00'), (4, 5, 3, 4, 4, '2026-04-27 08:12:00'),
(5, 4, 4, 5, 4, '2026-04-28 13:50:00'), (3, 3, 2, 3, 3, '2026-04-28 10:05:00'), (4, 5, 5, 4, 5, '2026-04-29 11:22:00'), (5, 5, 5, 5, 2, '2026-04-29 16:50:00'),
(4, 2, 3, 2, 4, '2026-04-30 08:30:00'), (4, 4, 4, 4, 2, '2026-04-30 14:55:00'), (3, 5, 3, 3, 3, '2026-04-01 10:15:00'), (5, 4, 5, 5, 4, '2026-04-01 16:40:00'),
(4, 3, 2, 4, 5, '2026-04-02 11:12:00'), (2, 5, 4, 2, 2, '2026-04-02 15:50:00'), (5, 5, 5, 5, 4, '2026-04-03 08:22:00'), (4, 4, 3, 4, 2, '2026-04-03 14:45:00'),
(3, 2, 4, 3, 4, '2026-04-04 10:05:00'), (5, 5, 5, 5, 5, '2026-04-04 17:10:00'), (4, 4, 2, 2, 2, '2026-04-05 11:55:00'), (4, 5, 4, 4, 4, '2026-04-05 15:20:00'),
(3, 3, 3, 3, 3, '2026-04-06 09:12:00'), (5, 4, 5, 5, 5, '2026-04-06 14:50:00'), (4, 2, 4, 4, 2, '2026-04-07 10:05:00'), (2, 5, 2, 2, 3, '2026-04-07 16:30:00'),
(5, 5, 5, 5, 4, '2026-04-08 08:40:00'), (4, 4, 3, 4, 5, '2026-04-08 15:55:00'), (3, 5, 4, 3, 2, '2026-04-09 11:15:00'), (5, 3, 5, 5, 2, '2026-04-09 13:20:00'),
(4, 5, 2, 4, 4, '2026-04-10 12:45:00'), (2, 4, 5, 2, 3, '2026-04-10 09:30:00'), (5, 5, 4, 5, 5, '2026-04-11 15:50:00'), (3, 3, 3, 3, 2, '2026-04-11 11:10:00'),
(4, 4, 5, 4, 4, '2026-04-12 08:50:00'), (5, 2, 4, 5, 5, '2026-04-12 13:40:00'), (4, 5, 3, 2, 3, '2026-04-13 10:15:00'), (4, 5, 4, 4, 4, '2026-04-13 16:55:00'),
(5, 4, 5, 5, 2, '2026-04-14 11:22:00'), (3, 5, 2, 3, 2, '2026-04-14 09:40:00'), (2, 3, 4, 2, 5, '2026-04-15 14:15:00'), (5, 5, 5, 5, 4, '2026-04-15 18:30:00'),
(4, 4, 3, 4, 3, '2026-04-16 11:05:00'), (3, 2, 4, 3, 4, '2026-04-16 08:50:00'), (5, 5, 5, 5, 5, '2026-04-17 14:20:00'), (4, 4, 2, 2, 2, '2026-04-17 16:55:00'),
(4, 5, 4, 4, 2, '2026-04-18 10:30:00'), (5, 3, 5, 5, 3, '2026-04-18 14:15:00'), (3, 5, 3, 3, 5, '2026-04-19 09:12:00'), (2, 4, 4, 2, 2, '2026-04-19 11:55:00'),
(5, 5, 5, 5, 4, '2026-04-20 08:40:00'), (4, 4, 3, 4, 4, '2026-04-20 15:30:00'), (3, 3, 4, 3, 3, '2026-04-21 11:15:00'), (5, 5, 5, 5, 2, '2026-04-21 13:40:00'),
(4, 2, 5, 4, 2, '2026-04-22 10:05:00'), (2, 3, 2, 2, 4, '2026-04-22 16:50:00'), (5, 4, 4, 5, 5, '2026-04-23 09:35:00'), (4, 5, 5, 4, 4, '2026-04-23 13:10:00'),
(3, 4, 3, 3, 3, '2026-04-24 11:22:00'), (5, 5, 5, 5, 3, '2026-04-24 18:40:00'), (4, 3, 2, 2, 1, '2026-04-25 10:15:00'), (4, 4, 4, 4, 4, '2026-04-25 14:55:00'),
(5, 5, 3, 5, 3, '2026-04-26 12:12:00'), (3, 2, 5, 3, 5, '2026-04-26 09:30:00'), (4, 5, 4, 4, 2, '2026-04-27 15:20:00'), (2, 3, 2, 2, 4, '2026-04-27 11:45:00'),
(5, 4, 5, 5, 5, '2026-04-28 10:05:00'), (4, 5, 4, 4, 4, '2026-04-28 16:50:00'), (3, 3, 3, 3, 3, '2026-04-29 09:12:00'), (5, 5, 5, 5, 5, '2026-04-29 13:40:00'),
(4, 2, 4, 4, 2, '2026-04-30 11:25:00'), (5, 4, 2, 2, 4, '2026-04-30 15:55:00'), (5, 5, 4, 5, 1, '2026-04-01 08:30:00'), (4, 4, 5, 4, 4, '2026-04-01 13:15:00'),
(3, 5, 3, 3, 4, '2026-04-02 10:05:00'), (5, 3, 5, 5, 5, '2026-04-02 14:40:00'), (2, 4, 4, 2, 2, '2026-04-03 11:15:00'), (4, 5, 3, 4, 4, '2026-04-03 17:35:00'),
(5, 4, 4, 5, 4, '2026-04-04 09:12:00'), (3, 3, 2, 3, 3, '2026-04-04 13:40:00'), (4, 5, 5, 4, 5, '2026-04-05 11:22:00'), (5, 5, 5, 5, 2, '2026-04-05 18:15:00'),
(4, 2, 3, 2, 4, '2026-04-06 10:05:00'), (4, 4, 4, 4, 2, '2026-04-06 15:30:00'), (3, 5, 3, 3, 3, '2026-04-07 09:12:00'), (5, 4, 5, 5, 4, '2026-04-07 14:55:00'),
(4, 3, 2, 4, 5, '2026-04-08 11:45:00'), (2, 5, 4, 2, 2, '2026-04-08 17:20:00'), (5, 5, 5, 5, 4, '2026-04-09 08:30:00'), (4, 4, 3, 4, 2, '2026-04-09 13:55:00'),
(3, 2, 4, 3, 4, '2026-04-10 11:22:00'), (5, 5, 5, 5, 5, '2026-04-10 19:40:00'), (4, 4, 2, 2, 2, '2026-04-11 10:15:00'), (4, 5, 4, 4, 4, '2026-04-11 15:10:00');


INSERT INTO `medical_act` (`act_id`,`act_start`,`act_end`,`act_cost`,`main_surgeon_id`,`hospitalization_id`,`department_room_id`,`medical_act_code`,`department_id`) VALUES
(1,'2026-10-01 00:08:00','2026-10-01 01:38:00',865.13,51,519,1,'X626839',9),
(2,'2026-06-26 17:41:29','2026-06-26 19:11:29',1681.6,51,501,2,'X634029',4),
(3,'2026-03-13 20:41:18','2026-03-13 23:11:18',1258.48,51,515,1,'X653123',11),
(4,'2026-10-04 16:17:14','2026-10-04 18:17:14',2150.49,51,527,1,'X670669',5),
(5,'2026-05-02 01:08:46','2026-05-02 03:08:46',783.32,51,518,1,'X655359',3),
(6,'2026-12-21 11:26:13','2026-12-21 12:56:13',1657.54,51,524,10,'X603397',12),
(7,'2026-06-26 12:41:29','2026-06-26 14:41:29',2922.08,51,501,2,'X688259',4),
(8,'2026-10-05 14:17:14','2026-10-05 16:47:14',2651.47,51,527,4,'X611439',5),
(9,'2026-07-19 22:33:30','2026-07-20 01:03:30',1198.2,51,505,4,'X623223',14),
(10,'2026-03-14 18:47:21','2026-03-14 20:17:21',2268.18,51,522,2,'X640219',7),
(11,'2026-08-31 05:18:44','2026-08-31 07:48:44',617.83,51,503,5,'X631957.236',8),
(12,'2026-03-15 23:41:18','2026-03-16 00:41:18',2370.15,51,515,3,'X680759',11),
(13,'2026-09-26 12:15:14','2026-09-26 13:45:14',1324.14,51,526,7,'X603247',11),
(14,'2026-06-14 11:07:59','2026-06-14 13:07:59',1000.26,51,510,5,'X632179',13),
(15,'2026-03-14 21:41:18','2026-03-14 22:41:18',399.17,51,515,2,'X635255',11),
(16,'2026-10-04 13:17:14','2026-10-04 15:47:14',997.18,51,527,2,'X683529',5),
(17,'2026-03-12 00:41:18','2026-03-12 01:41:18',2077.42,51,515,1,'X635155',11),
(18,'2026-02-19 03:10:29','2026-02-19 05:10:29',1126.94,51,529,5,'X611617',3),
(19,'2026-03-16 01:41:18','2026-03-16 03:11:18',1602.91,51,515,1,'X676251',11),
(20,'2026-09-04 18:31:40','2026-09-04 19:31:40',742.87,51,513,10,'X638209',6),
(21,'2026-03-25 21:59:34','2026-03-26 00:59:34',2464.02,51,506,7,'X638221',1),
(22,'2026-03-14 16:41:18','2026-03-14 18:11:18',1478.68,51,515,9,'X650323',11),
(23,'2026-12-23 14:26:13','2026-12-23 15:56:13',2186.71,51,524,5,'X634557',12),
(24,'2026-03-15 03:31:23','2026-03-15 06:01:23',1911.73,51,530,1,'X664557',8),
(25,'2026-05-03 10:08:46','2026-05-03 12:08:46',1948.53,51,518,9,'X622471',3),
(26,'2026-06-11 02:22:20','2026-06-11 03:22:20',2065.92,52,525,5,'X650481',13),
(27,'2026-07-06 11:14:54','2026-07-06 13:14:54',1555.29,52,514,10,'X631957.57',7),
(28,'2026-09-05 07:18:44','2026-09-05 08:18:44',331.29,52,503,10,'X645079',8),
(29,'2026-09-12 21:56:40','2026-09-13 00:26:40',2408.71,52,521,8,'X703051',2),
(30,'2026-01-20 21:58:56','2026-01-21 00:58:56',2860.14,52,523,10,'X643221',7),
(31,'2026-01-20 04:58:56','2026-01-20 06:58:56',1542.68,52,523,5,'X683957.19',7),
(32,'2026-02-06 00:00:37','2026-02-06 02:00:37',347.3,52,502,8,'X686429',5),
(33,'2026-01-09 14:14:05','2026-01-09 15:14:05',2008.88,52,511,10,'X637757.1',5),
(34,'2026-07-06 14:14:54','2026-07-06 16:14:54',1945.25,52,514,2,'X635719',7),
(35,'2026-12-21 14:26:13','2026-12-21 15:26:13',2248.3,52,524,8,'X696379',12),
(36,'2026-12-18 09:26:13','2026-12-18 11:56:13',1310.44,52,524,4,'X622889',12),
(37,'2026-04-25 20:18:00','2026-04-25 22:48:00',1399.39,52,516,6,'X633937.145',4),
(38,'2026-06-27 12:41:29','2026-06-27 14:11:29',1950.74,52,501,9,'X651599',4),
(39,'2026-12-24 13:26:13','2026-12-24 16:26:13',1163.04,52,524,9,'X709383',12),
(40,'2026-10-05 14:17:14','2026-10-05 15:47:14',2004.74,52,527,2,'X657957.2',5),
(41,'2026-05-02 09:08:46','2026-05-02 10:08:46',1987.13,52,518,2,'X644941',3),
(42,'2026-03-24 19:59:34','2026-03-24 21:59:34',1321.76,52,506,3,'X693209',1),
(43,'2026-04-09 00:20:24','2026-04-09 01:20:24',1429.09,52,528,3,'X629809',9),
(44,'2026-07-26 02:20:16','2026-07-26 04:20:16',723.81,52,520,1,'X636083',13),
(45,'2026-04-07 21:20:24','2026-04-07 23:50:24',2930.47,53,528,5,'X632119',9),
(46,'2026-07-07 08:14:54','2026-07-07 09:14:54',749.44,53,514,10,'X633041',7),
(47,'2026-09-11 21:56:40','2026-09-11 22:56:40',773.07,53,521,6,'X664429',2),
(48,'2026-03-14 02:31:23','2026-03-14 04:01:23',2972.23,53,530,3,'X709403',8),
(49,'2026-09-25 08:15:14','2026-09-25 10:45:14',2141.46,53,526,7,'X632033',11),
(50,'2026-07-06 06:14:54','2026-07-06 08:44:54',2534.94,53,514,4,'X670577',7),
(51,'2026-02-08 18:00:37','2026-02-08 20:30:37',2249.38,53,502,3,'X637019',5),
(52,'2026-10-26 06:11:55','2026-10-26 08:11:55',2331.76,53,512,10,'X651331',13),
(53,'2026-06-12 07:22:20','2026-06-12 09:22:20',1708.8,53,525,2,'X635099',13),
(54,'2026-06-28 13:41:29','2026-06-28 15:41:29',2117.85,53,501,1,'X633937.193',4),
(55,'2026-07-21 07:33:30','2026-07-21 09:03:30',700.58,53,505,8,'X714789',14),
(56,'2026-06-28 16:41:29','2026-06-28 18:41:29',1713.01,53,501,1,'X635075',4),
(57,'2026-09-07 17:31:40','2026-09-07 19:01:40',857.36,53,513,4,'X666435',6),
(58,'2026-07-24 23:33:30','2026-07-25 02:33:30',1281.61,53,505,7,'X636059',14),
(59,'2026-02-06 02:00:37','2026-02-06 03:00:37',2452.63,54,502,3,'X650511',5),
(60,'2026-03-21 20:59:34','2026-03-21 22:29:34',2746.58,54,506,4,'X705961',1),
(61,'2026-07-20 01:33:30','2026-07-20 03:33:30',830.35,54,505,3,'X670721',14),
(62,'2026-01-14 12:23:25','2026-01-14 13:23:25',2625.08,54,504,6,'X657099',5),
(63,'2026-01-12 18:23:25','2026-01-12 20:53:25',1187.33,54,504,6,'X709711',5),
(64,'2026-04-26 22:18:00','2026-04-27 00:18:00',600.97,54,516,1,'X669359',4),
(65,'2026-06-10 05:22:20','2026-06-10 07:52:20',555.33,54,525,5,'X632699',13),
(66,'2026-04-11 05:20:24','2026-04-11 07:20:24',1164.04,54,528,1,'X657453',9),
(67,'2026-06-05 03:21:55','2026-06-05 04:21:55',1179.34,54,517,5,'X664429',14),
(68,'2026-06-05 22:21:55','2026-06-06 01:21:55',2262.12,54,517,1,'X664779',14),
(69,'2026-10-05 11:17:14','2026-10-05 13:17:14',2932.46,54,527,3,'X715157',5),
(70,'2026-06-11 03:22:20','2026-06-11 04:22:20',2453.18,54,525,8,'X635655',13),
(71,'2026-07-26 02:20:16','2026-07-26 04:50:16',2157.06,55,520,7,'X668211',13),
(72,'2026-03-13 04:31:23','2026-03-13 07:01:23',1482.94,55,530,6,'X708917',8),
(73,'2026-06-14 03:07:59','2026-06-14 05:37:59',1816.96,55,510,10,'X627971',13),
(74,'2026-03-16 00:41:18','2026-03-16 02:41:18',2884.44,55,515,4,'X634569',11),
(75,'2026-10-26 08:11:55','2026-10-26 09:41:55',678.73,55,512,9,'X658359',13),
(76,'2026-09-13 04:56:40','2026-09-13 07:26:40',2433.37,55,521,6,'X651243',2),
(77,'2026-04-25 19:18:00','2026-04-25 22:18:00',1947.09,55,516,4,'X636279',4),
(78,'2026-03-01 13:59:45','2026-03-01 14:59:45',1525.93,55,507,10,'X716599',12),
(79,'2026-06-10 06:22:20','2026-06-10 08:52:20',1453.3,55,525,3,'X706073',13),
(80,'2026-08-23 00:16:13','2026-08-23 03:16:13',856.59,55,509,10,'X633937.208',4),
(81,'2026-03-24 22:59:34','2026-03-24 23:59:34',844.59,56,506,4,'X626623',1),
(82,'2026-03-21 16:59:34','2026-03-21 18:59:34',1327.12,56,506,8,'X653095',1),
(83,'2026-03-12 19:41:18','2026-03-12 22:11:18',624.97,56,515,10,'X656381',11),
(84,'2026-04-25 23:18:00','2026-04-26 02:18:00',2851.22,56,516,6,'X714415',4),
(85,'2026-06-27 14:41:29','2026-06-27 17:11:29',2056.17,56,501,10,'X602843',4),
(86,'2026-09-21 11:15:14','2026-09-21 13:45:14',678.59,56,526,5,'X648861',11),
(87,'2026-04-25 03:18:00','2026-04-25 04:18:00',2827.99,56,516,7,'X719199',4),
(88,'2026-07-21 23:33:30','2026-07-22 01:03:30',376.89,56,505,9,'X714621',14),
(89,'2025-10-18 02:44:14','2025-10-18 03:44:14',234.36,43,27,4,'X664279',7),
(90,'2023-10-30 06:44:01','2023-10-30 07:44:01',2268.96,12,229,6,'X622241',8),
(91,'2023-10-07 20:00:51','2023-10-07 21:30:51',1909.33,17,264,9,'X674809',11),
(92,'2023-10-28 22:19:15','2023-10-28 23:19:15',1170.65,37,414,7,'A400859',4),
(93,'2023-08-31 11:20:42','2023-08-31 13:20:42',941.82,75,149,9,'A400145',12),
(94,'2023-03-14 15:09:50','2023-03-14 17:09:50',1707.56,62,493,6,'A401393',4),
(95,'2026-10-05 14:17:14','2026-10-05 15:47:14',1180.98,44,527,10,'X632939',5),
(96,'2025-10-08 01:44:14','2025-10-08 03:14:14',2422.47,70,27,10,'X633937.243',7),
(97,'2026-06-03 21:21:55','2026-06-03 22:21:55',1440.75,24,517,9,'X668719',14),
(98,'2023-09-03 12:35:45','2023-09-03 13:35:45',1096.48,48,171,10,'X703679',5),
(99,'2023-12-30 04:29:56','2023-12-30 06:29:56',522.7,61,432,3,'X630851',7),
(100,'2023-03-11 15:09:50','2023-03-11 16:39:50',2253.07,21,493,6,'A401609',4),
(101,'2025-02-06 13:50:16','2025-02-06 14:50:16',1974.81,75,127,2,'A401053',5),
(102,'2025-11-10 05:25:42','2025-11-10 06:25:42',2127.35,30,483,4,'X638029',6),
(103,'2024-01-28 05:29:33','2024-01-28 07:29:33',2124.43,15,262,9,'X653139',2),
(104,'2024-09-29 12:06:42','2024-09-29 13:36:42',1840.12,54,443,2,'X627063',11),
(105,'2025-04-26 18:28:20','2025-04-26 20:28:20',1557.79,32,498,10,'X633937.196',1),
(106,'2025-09-23 01:21:45','2025-09-23 02:21:45',2160.14,74,101,5,'X719279',4),
(107,'2024-01-11 20:33:12','2024-01-11 22:33:12',1876.83,52,39,4,'A403229',12),
(108,'2025-12-20 08:38:59','2025-12-20 10:08:59',1903.62,46,260,5,'A402521',7),
(109,'2024-08-13 15:26:49','2024-08-13 16:56:49',919.73,23,357,10,'A400741',10),
(110,'2026-06-19 09:07:59','2026-06-19 10:37:59',636.52,24,510,5,'A401465',13),
(111,'2025-03-28 22:25:28','2025-03-28 23:55:28',1846.54,65,318,10,'A403799.11',8),
(112,'2025-04-20 06:20:38','2025-04-20 07:20:38',1735.3,51,363,8,'X647957.3',14),
(113,'2025-08-21 09:39:27','2025-08-21 10:39:27',2127.24,4,281,9,'X706319',10),
(114,'2025-12-19 02:17:11','2025-12-19 03:17:11',1038.38,72,425,1,'X680755',1),
(115,'2025-12-31 08:07:37','2025-12-31 10:07:37',1856.24,41,241,2,'X622775',15),
(116,'2025-11-07 20:59:30','2025-11-07 22:29:30',2260.44,60,230,9,'X621009',9),
(117,'2024-10-07 15:25:31','2024-10-07 16:25:31',2468.28,19,489,2,'X645957.26',11),
(118,'2024-12-17 10:18:22','2024-12-17 12:18:22',1837.86,58,221,8,'X706493',10),
(119,'2024-11-10 03:31:07','2024-11-10 05:31:07',1875.93,76,367,9,'X622449',1),
(120,'2023-05-11 11:15:26','2023-05-11 13:15:26',608.05,12,340,4,'X650939',12),
(121,'2025-11-25 13:35:54','2025-11-25 15:05:54',2458.62,33,441,8,'X632849',3),
(122,'2024-05-28 23:01:55','2024-05-29 01:01:55',633.51,48,61,2,'X601967',13),
(123,'2026-01-11 15:14:05','2026-01-11 16:14:05',1630.79,24,511,8,'X644941',5),
(124,'2025-10-09 19:43:12','2025-10-09 21:13:12',2356.98,40,124,7,'A400865',6),
(125,'2024-10-13 22:29:44','2024-10-13 23:29:44',334.84,58,399,9,'A403799.8',10),
(126,'2023-02-20 19:38:31','2023-02-20 20:38:31',1230.18,76,492,4,'X670589',6),
(127,'2023-02-14 10:54:23','2023-02-14 12:24:23',903.56,38,203,6,'A403165',15),
(128,'2024-04-03 22:13:22','2024-04-03 23:13:22',1085.27,8,295,7,'X614499',3),
(129,'2024-09-17 19:51:52','2024-09-17 21:21:52',367.82,69,361,7,'X704285',13),
(130,'2024-01-02 12:44:06','2024-01-02 14:44:06',2101.12,64,209,9,'X696651',12),
(131,'2024-06-03 21:37:53','2024-06-03 23:37:53',1156.54,52,381,9,'X631559',7),
(132,'2024-08-29 23:06:13','2024-08-30 00:36:13',465.14,49,424,9,'X633059',6),
(133,'2026-06-28 12:41:29','2026-06-28 13:41:29',2092.62,9,501,6,'X642719',4),
(134,'2025-10-05 14:54:21','2025-10-05 15:54:21',392.3,12,207,3,'X667507',12),
(135,'2024-12-10 00:29:20','2024-12-10 01:59:20',2381.76,31,70,6,'X647055',3),
(136,'2025-11-03 12:22:16','2025-11-03 13:52:16',972.54,33,350,4,'A402581',9),
(137,'2023-05-17 19:41:21','2023-05-17 20:41:21',1622.75,4,450,2,'A400501',7),
(138,'2024-07-10 12:07:54','2024-07-10 13:07:54',1496.37,42,174,2,'X631817',9),
(139,'2023-08-12 20:49:55','2023-08-12 22:49:55',1302.0,3,76,1,'X665409',3),
(140,'2024-03-06 19:46:31','2024-03-06 20:46:31',297.88,59,157,6,'X646441',11),
(141,'2024-11-25 09:52:31','2024-11-25 10:52:31',1036.19,70,421,1,'A403041',12),
(142,'2024-12-19 18:06:24','2024-12-19 19:06:24',691.08,52,334,1,'X672959',1),
(143,'2024-05-06 04:13:35','2024-05-06 05:43:35',2355.38,61,145,9,'X698261',3),
(144,'2024-09-28 14:06:42','2024-09-28 16:06:42',1522.66,24,443,1,'A400097',11),
(145,'2023-02-13 11:54:23','2023-02-13 12:54:23',2316.4,20,203,2,'X663757.44',15),
(146,'2023-03-09 00:13:57','2023-03-09 01:43:57',1818.29,43,55,1,'A402205',2),
(147,'2025-12-02 03:20:51','2025-12-02 04:20:51',1786.92,39,297,1,'X679999',12),
(148,'2024-02-10 00:00:21','2024-02-10 01:30:21',2341.17,15,256,6,'X631957.24',5),
(149,'2025-07-15 04:15:16','2025-07-15 06:15:16',2308.56,58,187,7,'A403653',2),
(150,'2023-08-16 17:23:20','2023-08-16 18:53:20',641.65,26,114,9,'A402231',11);

INSERT INTO `laboratory_exams` (`exam_id`,`exam_date`,`exam_result`,`doctor_id`,`hospitalization_id`,`exam_code`,`exam_cost`) VALUES
(1,'2024-07-04','Borderline',57,106,'K508301',125.67),
(2,'2024-08-02','Negative',26,50,'B304673',84.31),
(3,'2025-09-19','Normal',3,245,'B312231',20.17),
(4,'2024-05-27','Pathological',9,15,'B300307',192.37),
(5,'2025-06-08','Pathological',6,99,'Β311905.202',109.81),
(6,'2025-03-16','Positive',25,335,'Β315905.5',53.32),
(7,'2025-07-30','Normal',30,405,'B300211',34.59),
(8,'2023-02-21','Normal',52,332,'B315935',73.5),
(9,'2024-10-12','Negative',29,399,'K511095',136.72),
(10,'2023-07-03','Positive',48,286,'K507031',27.46),
(11,'2024-12-18','Borderline',77,224,'B313605.159',196.87),
(12,'2025-11-16','Positive',73,105,'K516179.2',61.61),
(13,'2023-12-31','Negative',18,98,'B308807',47.44),
(14,'2023-05-26','Negative',9,326,'B308927',18.27),
(15,'2023-08-13','Positive',30,460,'B313605.175',123.68),
(16,'2023-01-06','Normal',79,14,'K513611',72.14),
(17,'2025-08-12','Positive',11,439,'K508637',40.45),
(18,'2026-01-07','Pathological',20,511,'Β311905.39',52.81),
(19,'2024-01-14','Positive',57,39,'B318591',177.31),
(20,'2024-07-01','Borderline',6,138,'B313605.246',161.48),
(21,'2025-12-20','Borderline',4,425,'B301921',171.68),
(22,'2023-05-09','Pathological',27,340,'B313605.322',25.0),
(23,'2025-01-27','Pathological',78,255,'Β311905.62',111.47),
(24,'2023-03-20','Normal',9,188,'B313605.126',27.95),
(25,'2025-02-28','Pathological',27,198,'K513623',31.98),
(26,'2023-05-18','Positive',11,210,'B312525',149.12),
(27,'2025-02-05','Pathological',32,319,'B312417',47.64),
(28,'2025-01-21','Borderline',74,255,'B313315',194.03),
(29,'2025-10-06','Negative',11,207,'B310827',88.68),
(30,'2025-02-10','Negative',55,172,'B313605.182',127.74),
(31,'2023-07-31','Pathological',62,444,'K502221',155.96),
(32,'2024-01-20','Borderline',77,438,'B313605.313',43.27),
(33,'2024-01-16','Negative',60,180,'B307721',98.92),
(34,'2024-09-28','Positive',62,385,'K511413',76.65),
(35,'2023-01-26','Pathological',25,481,'K500481',17.37),
(36,'2026-09-08','Borderline',63,513,'Β311905.157',186.25),
(37,'2025-08-04','Borderline',50,405,'B313605.118',71.95),
(38,'2023-12-22','Normal',16,73,'Β311905.76',187.44),
(39,'2024-02-22','Negative',33,167,'B316705.122',79.49),
(40,'2026-06-28','Borderline',8,501,'B315905.113',86.29),
(41,'2023-02-08','Pathological',32,435,'B313605.69',21.38),
(42,'2023-03-25','Pathological',34,371,'B314907',99.26),
(43,'2025-01-31','Pathological',78,151,'B314079',191.08),
(44,'2023-01-21','Normal',12,166,'Β315905.86',146.65),
(45,'2024-06-21','Positive',11,394,'B313605.236',183.34),
(46,'2024-09-09','Negative',33,434,'B316675',70.91),
(47,'2024-05-11','Borderline',53,392,'B318007',175.84),
(48,'2025-06-09','Positive',45,112,'K514145',64.77),
(49,'2023-06-01','Negative',40,215,'K500681',197.6),
(50,'2026-01-11','Normal',9,504,'B316705.16',92.3),
(51,'2023-03-08','Borderline',56,427,'K516121',47.63),
(52,'2025-01-27','Pathological',26,191,'B313605.105',48.67),
(53,'2024-12-07','Positive',28,113,'K516871',52.17),
(54,'2023-03-18','Borderline',53,188,'B313183',130.96),
(55,'2025-06-09','Pathological',11,112,'B307217',30.86),
(56,'2025-03-12','Normal',44,128,'K504293',123.34),
(57,'2024-02-14','Normal',2,490,'K508701',64.22),
(58,'2025-06-18','Positive',6,8,'K512975.11',54.05),
(59,'2025-06-16','Positive',67,8,'B305261',187.44),
(60,'2025-03-19','Positive',55,485,'B309007',83.6),
(61,'2024-07-13','Pathological',47,352,'B316283',88.72),
(62,'2024-09-24','Borderline',13,59,'K500361',99.53),
(63,'2025-10-01','Pathological',4,412,'B314861',37.74),
(64,'2023-10-15','Borderline',58,287,'B315501',141.94),
(65,'2024-05-27','Negative',25,487,'K500361',197.44),
(66,'2025-07-27','Borderline',6,330,'B318467',75.22),
(67,'2023-02-08','Positive',63,455,'Β311905.139',151.75),
(68,'2023-08-14','Negative',61,84,'B316157',173.56),
(69,'2025-05-22','Borderline',78,103,'K517193',146.71),
(70,'2026-06-02','Pathological',64,517,'K511949',70.75),
(71,'2025-10-27','Negative',15,479,'B313605.87',137.59),
(72,'2024-03-07','Pathological',22,247,'B316201',144.48),
(73,'2023-09-29','Normal',21,109,'B308517',181.99),
(74,'2024-03-26','Borderline',61,288,'B316305.20',37.77),
(75,'2023-07-03','Negative',12,140,'B316675',76.57),
(76,'2025-11-07','Positive',9,230,'Β315905.84',78.5),
(77,'2024-02-21','Pathological',29,391,'B305057',36.4),
(78,'2025-06-18','Normal',44,90,'B318615',124.56),
(79,'2024-03-07','Positive',48,193,'K513693',172.87),
(80,'2023-07-20','Normal',40,390,'K508801',124.16),
(81,'2024-03-12','Negative',41,195,'B311257',162.54),
(82,'2025-12-24','Positive',76,130,'B300719',34.72),
(83,'2024-01-20','Negative',41,10,'K514149.6',165.99),
(84,'2024-04-23','Negative',59,304,'K514149.17',126.27),
(85,'2025-07-24','Normal',77,150,'B308233',72.14),
(86,'2025-02-05','Positive',62,127,'Β315905.31',168.31),
(87,'2026-02-25','Negative',8,507,'B308865',43.25),
(88,'2025-05-16','Pathological',7,216,'K516445',173.5),
(89,'2024-08-26','Pathological',3,402,'B313605.357',87.57),
(90,'2025-08-14','Negative',45,433,'Β311905.103',87.35),
(91,'2024-10-24','Pathological',71,290,'Β311905.112',33.0),
(92,'2023-02-24','Normal',39,332,'B313507',136.11),
(93,'2025-01-24','Negative',38,141,'K514149.7',53.81),
(94,'2024-08-24','Normal',47,201,'B316705.137',173.39),
(95,'2025-11-15','Pathological',49,105,'B312543',140.7),
(96,'2023-06-25','Normal',46,173,'B313605.53',48.23),
(97,'2023-07-21','Positive',44,54,'B314487',95.26),
(98,'2025-02-08','Negative',32,153,'K504491',36.98),
(99,'2025-06-17','Borderline',77,407,'K516179.6',135.77),
(100,'2024-10-02','Normal',60,385,'Β315905.110',85.69),
(101,'2025-01-26','Normal',16,456,'K512977.50',30.29),
(102,'2026-06-28','Positive',29,501,'K504081',123.57),
(103,'2023-02-19','Normal',76,492,'K516523',86.03),
(104,'2023-12-02','Positive',17,445,'K512975.22',75.17),
(105,'2023-10-20','Normal',51,190,'B313605.390',166.23),
(106,'2026-06-26','Positive',75,501,'B313605.320',147.04),
(107,'2025-03-20','Pathological',16,128,'K516521',174.47),
(108,'2024-11-15','Positive',58,185,'B308117',37.76),
(109,'2024-07-13','Pathological',21,132,'K511967',119.06),
(110,'2024-08-31','Normal',65,36,'B307557',82.26),
(111,'2023-09-21','Normal',32,176,'B307655',23.54),
(112,'2024-10-29','Positive',57,301,'K514099',121.76),
(113,'2024-08-07','Borderline',78,321,'B313605.317',109.46),
(114,'2024-06-13','Normal',31,102,'K506041',49.79),
(115,'2025-05-21','Pathological',18,307,'B314867',117.13),
(116,'2023-08-25','Pathological',80,368,'B312249',28.76),
(117,'2024-01-29','Negative',21,262,'Β311905.138',99.37),
(118,'2023-07-06','Negative',19,261,'B313605.308',52.7),
(119,'2024-12-01','Pathological',48,276,'B313689',136.6),
(120,'2026-12-21','Pathological',54,524,'K514647',73.53),
(121,'2023-12-04','Normal',78,445,'B304647',29.34),
(122,'2025-03-16','Normal',71,128,'Β311905.166',27.2),
(123,'2025-04-16','Borderline',35,92,'K514149.13',175.74),
(124,'2025-03-11','Normal',13,232,'Β311905.44',196.2),
(125,'2025-05-15','Normal',16,228,'K516361',112.4),
(126,'2025-05-03','Negative',13,314,'B313605.279',79.55),
(127,'2024-05-14','Borderline',78,289,'K512975.20',180.87),
(128,'2023-03-10','Negative',24,175,'B309989',164.13),
(129,'2023-01-18','Positive',17,413,'B305057',16.76),
(130,'2026-09-25','Pathological',17,526,'K514145',85.08),
(131,'2025-02-21','Borderline',32,274,'B316389',127.61),
(132,'2024-12-26','Negative',46,469,'B313605.32',107.91),
(133,'2025-03-29','Positive',30,283,'B307717',132.59),
(134,'2025-06-21','Negative',41,90,'K512183',132.42),
(135,'2024-11-25','Pathological',12,79,'K515507',121.43),
(136,'2025-03-12','Borderline',71,87,'B313605.131',164.54),
(137,'2023-09-22','Positive',18,11,'B313605.77',107.09),
(138,'2025-03-14','Normal',79,128,'K516963',183.51),
(139,'2025-06-18','Negative',69,8,'B309989',60.18),
(140,'2024-12-11','Pathological',68,44,'B300759',47.34),
(141,'2023-11-13','Pathological',66,376,'B310521',191.21),
(142,'2025-08-11','Negative',22,433,'Β311905.28',194.4),
(143,'2024-04-28','Positive',16,347,'B307047',70.35),
(144,'2024-10-23','Pathological',1,301,'B318557',131.77),
(145,'2025-02-09','Borderline',66,404,'K504565',188.05),
(146,'2024-07-11','Borderline',1,500,'B315091',100.17),
(147,'2023-03-17','Normal',1,306,'B310401',179.69),
(148,'2025-01-22','Borderline',2,191,'K512975.30',94.7),
(149,'2023-02-12','Positive',66,203,'K514649',90.98),
(150,'2024-07-11','Pathological',33,500,'B300777',102.08),
(151,'2025-03-18','Borderline',55,384,'K516563',114.24),
(152,'2024-11-22','Negative',57,276,'K514979',40.88),
(153,'2023-11-28','Borderline',26,445,'K512977.26',50.07),
(154,'2024-06-02','Negative',54,42,'B308793',181.68),
(155,'2025-01-25','Negative',35,165,'K513007',92.9),
(156,'2026-01-12','Pathological',42,508,'Β311905.137',107.84),
(157,'2024-10-12','Normal',14,399,'K502531',38.33),
(158,'2023-11-22','Pathological',7,353,'B316397',168.52),
(159,'2025-07-22','Negative',62,440,'B306963',67.21),
(160,'2024-07-23','Pathological',80,85,'K514635',149.91),
(161,'2023-06-03','Borderline',15,192,'B305219',198.94),
(162,'2024-04-18','Pathological',61,254,'B316705.57',159.8),
(163,'2024-07-09','Positive',79,106,'K516525',49.9),
(164,'2025-02-01','Normal',17,153,'Β311905.143',22.1),
(165,'2025-10-12','Negative',3,197,'B315187',51.93),
(166,'2023-01-19','Negative',68,53,'B307731',144.53),
(167,'2024-01-25','Borderline',55,237,'B313605.75',26.35),
(168,'2024-01-22','Normal',39,438,'K512977.23',64.81),
(169,'2024-03-27','Negative',32,288,'B308227',180.59),
(170,'2025-07-05','Normal',7,187,'B316211',152.78),
(171,'2024-03-05','Negative',36,218,'B314939',33.64),
(172,'2023-10-18','Negative',47,190,'B308877',71.31),
(173,'2024-03-19','Positive',17,100,'B308793',81.71),
(174,'2023-03-27','Pathological',36,371,'B300001',123.1),
(175,'2025-06-18','Pathological',78,90,'K513189',22.59),
(176,'2025-11-09','Negative',13,196,'K511561',189.24),
(177,'2024-07-13','Negative',26,352,'B313605.298',148.34),
(178,'2024-03-19','Pathological',54,45,'B313605.367',146.65),
(179,'2024-07-24','Negative',16,356,'B313087',27.53),
(180,'2024-12-23','Pathological',77,430,'B305797',143.89),
(181,'2024-06-11','Normal',73,133,'K508691',161.96),
(182,'2024-03-12','Negative',69,195,'B313605.216',194.73),
(183,'2025-06-21','Positive',50,170,'B313647',159.18),
(184,'2023-07-14','Borderline',27,411,'K516621',15.67),
(185,'2024-12-21','Normal',66,224,'B313461',108.21),
(186,'2023-10-07','Pathological',38,266,'B316705.65',64.68),
(187,'2025-10-31','Pathological',6,122,'B313605.298',59.07),
(188,'2024-11-14','Borderline',18,41,'B305457',176.58),
(189,'2023-01-21','Pathological',27,53,'B313605.302',36.49),
(190,'2024-07-29','Positive',48,356,'B308417',30.4),
(191,'2025-05-12','Pathological',53,271,'B314987',69.56),
(192,'2024-09-19','Borderline',29,59,'B318189',193.57),
(193,'2024-09-24','Normal',69,181,'B316119',196.07),
(194,'2023-10-04','Negative',33,109,'Β315905.12',132.35),
(195,'2025-11-21','Pathological',42,212,'B305377',52.72),
(196,'2025-07-26','Negative',30,405,'B318177',149.36),
(197,'2025-03-15','Negative',12,378,'B313605.144',48.58),
(198,'2023-10-16','Pathological',73,190,'B313605.122',189.52),
(199,'2024-11-25','Borderline',3,185,'B307847',45.14),
(200,'2025-07-01','Negative',78,182,'K516913',27.85);


INSERT INTO `medication_prescription` (`prescription_id`,`dosage`,`frequency`,`start_date`,`end_date`) VALUES
(1,'500mg','3x daily','2023-01-11','2023-01-16'),
(2,'500mg','3x daily','2023-01-12','2023-01-16'),
(3,'500mg','1x daily','2023-01-11','2023-01-17'),
(4,'500mg','3x daily','2025-07-27','2025-07-30'),
(5,'500mg','3x daily','2025-07-27','2025-07-31'),
(6,'500mg','3x daily','2025-07-27','2025-08-01'),
(7,'500mg','3x daily','2023-04-14','2023-04-18'),
(8,'500mg','1x daily','2023-04-14','2023-04-17'),
(9,'500mg','3x daily','2023-04-13','2023-04-16'),
(10,'500mg','3x daily','2023-04-13','2023-04-16'),
(11,'500mg','1x daily','2024-10-14','2024-10-19'),
(12,'500mg','1x daily','2024-10-13','2024-10-17'),
(13,'500mg','1x daily','2024-10-14','2024-10-17'),
(14,'500mg','1x daily','2024-07-05','2024-07-11'),
(15,'500mg','1x daily','2024-07-05','2024-07-11'),
(16,'500mg','2x daily','2024-07-05','2024-07-11'),
(17,'1 tablet','Every 12h','2024-09-16','2024-09-20'),
(18,'1g','3x daily','2024-01-29','2024-02-02'),
(19,'1 tablet','1x daily','2025-01-22','2025-01-24'),
(20,'10ml','1x daily','2023-07-28','2023-07-31'),
(21,'10ml','3x daily','2024-06-17','2024-06-18'),
(22,'10ml','3x daily','2023-02-16','2023-02-20'),
(23,'1g','Every 12h','2023-08-20','2023-08-22'),
(24,'250mg','2x daily','2023-05-19','2023-05-20'),
(25,'1 tablet','2x daily','2024-12-27','2024-12-28'),
(26,'1 tablet','1x daily','2025-05-26','2025-06-02'),
(27,'10ml','2x daily','2025-05-12','2025-05-13'),
(28,'1 tablet','3x daily','2023-05-07','2023-05-10'),
(29,'10ml','Every 8h','2025-08-09','2025-08-11'),
(30,'500mg','Every 8h','2025-11-12','2025-11-15'),
(31,'1 tablet','Every 8h','2024-09-22','2024-09-25'),
(32,'500mg','2x daily','2024-10-30','2024-10-31'),
(33,'10ml','Every 8h','2023-03-24','2023-03-25'),
(34,'1 tablet','3x daily','2024-06-03','2024-06-09'),
(35,'10ml','Every 12h','2025-11-12','2025-11-15'),
(36,'1g','Every 8h','2023-07-20','2023-07-23'),
(37,'250mg','2x daily','2023-03-20','2023-03-21'),
(38,'10ml','Every 12h','2023-09-01','2023-09-03'),
(39,'500mg','Every 12h','2024-06-21','2024-06-22'),
(40,'500mg','2x daily','2023-02-03','2023-02-05'),
(41,'250mg','Every 12h','2025-02-03','2025-02-06'),
(42,'1 tablet','Every 12h','2025-05-23','2025-05-26'),
(43,'10ml','2x daily','2025-06-12','2025-06-14'),
(44,'500mg','1x daily','2023-06-23','2023-06-27'),
(45,'500mg','Every 12h','2023-03-17','2023-03-19'),
(46,'250mg','Every 12h','2023-03-01','2023-03-05'),
(47,'1g','Every 8h','2024-01-23','2024-01-25'),
(48,'1g','Every 8h','2024-09-14','2024-09-18'),
(49,'1 tablet','2x daily','2024-12-26','2024-12-28'),
(50,'500mg','2x daily','2025-02-18','2025-02-19'),
(51,'250mg','Every 8h','2023-03-18','2023-03-22'),
(52,'250mg','3x daily','2024-12-12','2024-12-19'),
(53,'1g','3x daily','2025-06-28','2025-06-29'),
(54,'10ml','Every 8h','2025-01-15','2025-01-17'),
(55,'10ml','3x daily','2025-11-23','2025-11-29'),
(56,'1g','3x daily','2026-03-23','2026-03-25'),
(57,'1g','2x daily','2025-05-11','2025-05-14'),
(58,'1g','Every 12h','2025-10-05','2025-10-12'),
(59,'500mg','Every 12h','2025-08-13','2025-08-17'),
(60,'1g','Every 12h','2025-11-19','2025-11-24'),
(61,'1g','2x daily','2023-05-09','2023-05-10'),
(62,'10ml','3x daily','2025-04-17','2025-04-20'),
(63,'10ml','Every 12h','2023-06-06','2023-06-11'),
(64,'250mg','Every 8h','2024-09-16','2024-09-19'),
(65,'1g','Every 8h','2023-10-28','2023-11-02'),
(66,'1g','Every 12h','2024-01-29','2024-02-01'),
(67,'10ml','Every 12h','2024-07-23','2024-07-27'),
(68,'250mg','2x daily','2025-12-18','2025-12-21'),
(69,'250mg','3x daily','2025-10-10','2025-10-11'),
(70,'250mg','Every 8h','2025-12-16','2025-12-18'),
(71,'250mg','3x daily','2024-12-12','2024-12-13'),
(72,'500mg','Every 12h','2024-04-04','2024-04-06'),
(73,'500mg','2x daily','2024-02-11','2024-02-13'),
(74,'500mg','2x daily','2025-09-25','2025-10-01'),
(75,'250mg','Every 12h','2025-02-06','2025-02-08'),
(76,'500mg','Every 8h','2024-03-25','2024-03-26'),
(77,'500mg','3x daily','2025-09-03','2025-09-05'),
(78,'10ml','Every 12h','2025-09-20','2025-09-22'),
(79,'250mg','Every 8h','2025-06-13','2025-06-14'),
(80,'1 tablet','Every 8h','2023-09-21','2023-09-22'),
(81,'10ml','Every 8h','2025-09-23','2025-09-29'),
(82,'1 tablet','Every 8h','2025-12-12','2025-12-13'),
(83,'250mg','Every 12h','2024-08-27','2024-08-29'),
(84,'1g','3x daily','2025-07-09','2025-07-11'),
(85,'500mg','Every 8h','2023-09-06','2023-09-09'),
(86,'250mg','Every 8h','2023-02-24','2023-02-25'),
(87,'10ml','1x daily','2025-07-18','2025-07-21'),
(88,'10ml','3x daily','2026-03-14','2026-03-15'),
(89,'10ml','2x daily','2023-08-25','2023-08-28'),
(90,'1 tablet','Every 12h','2025-02-26','2025-03-01'),
(91,'250mg','2x daily','2025-11-21','2025-11-23'),
(92,'1 tablet','1x daily','2023-01-30','2023-02-04'),
(93,'500mg','3x daily','2025-02-09','2025-02-13'),
(94,'500mg','2x daily','2024-03-07','2024-03-09'),
(95,'500mg','1x daily','2023-11-18','2023-11-19'),
(96,'10ml','Every 8h','2023-09-21','2023-09-24'),
(97,'1 tablet','1x daily','2025-12-28','2025-12-29'),
(98,'500mg','Every 12h','2024-03-25','2024-03-30'),
(99,'1g','2x daily','2023-12-19','2023-12-20'),
(100,'250mg','3x daily','2024-06-21','2024-06-28'),
(101,'250mg','Every 12h','2025-07-13','2025-07-19'),
(102,'500mg','1x daily','2026-02-21','2026-02-23'),
(103,'1 tablet','3x daily','2023-02-18','2023-02-25'),
(104,'250mg','2x daily','2025-12-02','2025-12-03'),
(105,'10ml','2x daily','2023-07-18','2023-07-19'),
(106,'10ml','Every 8h','2023-01-09','2023-01-10'),
(107,'1 tablet','3x daily','2025-12-18','2025-12-21'),
(108,'500mg','Every 12h','2023-09-03','2023-09-07'),
(109,'1 tablet','3x daily','2026-12-18','2026-12-19'),
(110,'10ml','3x daily','2024-10-08','2024-10-09'),
(111,'250mg','2x daily','2024-06-21','2024-06-23'),
(112,'1 tablet','2x daily','2023-12-21','2023-12-22'),
(113,'500mg','Every 8h','2024-08-04','2024-08-05'),
(114,'10ml','3x daily','2025-02-27','2025-03-02'),
(115,'500mg','2x daily','2024-12-18','2024-12-19'),
(116,'10ml','Every 8h','2024-07-13','2024-07-16'),
(117,'1 tablet','Every 12h','2023-02-10','2023-02-12'),
(118,'1g','2x daily','2024-07-12','2024-07-15'),
(119,'250mg','2x daily','2024-05-14','2024-05-15'),
(120,'1 tablet','3x daily','2024-03-26','2024-03-29'),
(121,'1 tablet','Every 8h','2023-03-03','2023-03-10'),
(122,'250mg','Every 12h','2024-11-12','2024-11-15'),
(123,'10ml','Every 12h','2024-07-05','2024-07-06'),
(124,'250mg','2x daily','2024-06-08','2024-06-10'),
(125,'1g','2x daily','2025-07-17','2025-07-19'),
(126,'10ml','3x daily','2024-03-06','2024-03-09'),
(127,'250mg','2x daily','2024-07-02','2024-07-05'),
(128,'500mg','Every 8h','2023-04-28','2023-05-02'),
(129,'500mg','1x daily','2025-12-26','2025-12-27'),
(130,'10ml','2x daily','2025-03-24','2025-03-26'),
(131,'1g','Every 12h','2026-05-04','2026-05-05'),
(132,'1 tablet','Every 12h','2023-01-24','2023-01-26'),
(133,'1 tablet','Every 12h','2025-11-08','2025-11-10'),
(134,'250mg','Every 8h','2025-12-01','2025-12-03'),
(135,'10ml','Every 8h','2025-04-12','2025-04-15'),
(136,'1g','1x daily','2023-04-26','2023-04-28'),
(137,'10ml','2x daily','2024-07-10','2024-07-12'),
(138,'10ml','Every 8h','2025-01-24','2025-01-26'),
(139,'1 tablet','Every 8h','2025-07-14','2025-07-16'),
(140,'10ml','Every 8h','2024-12-10','2024-12-14'),
(141,'1g','1x daily','2025-07-24','2025-07-27'),
(142,'1 tablet','2x daily','2023-03-24','2023-03-28'),
(143,'1 tablet','2x daily','2023-03-05','2023-03-07'),
(144,'10ml','1x daily','2024-07-24','2024-07-29'),
(145,'1 tablet','Every 8h','2024-07-13','2024-07-15'),
(146,'250mg','Every 8h','2026-06-03','2026-06-04'),
(147,'1g','3x daily','2024-03-10','2024-03-15'),
(148,'250mg','1x daily','2025-03-04','2025-03-05'),
(149,'500mg','2x daily','2024-09-29','2024-10-06'),
(150,'1 tablet','3x daily','2025-09-26','2025-09-29'),
(151,'250mg','Every 8h','2023-08-26','2023-08-28'),
(152,'1 tablet','2x daily','2024-12-25','2024-12-29'),
(153,'500mg','Every 8h','2025-04-24','2025-04-27'),
(154,'10ml','Every 8h','2023-04-02','2023-04-05'),
(155,'500mg','2x daily','2024-09-15','2024-09-18'),
(156,'250mg','Every 12h','2025-08-19','2025-08-20'),
(157,'500mg','1x daily','2024-07-11','2024-07-13'),
(158,'1 tablet','2x daily','2024-10-30','2024-11-02'),
(159,'1 tablet','Every 12h','2023-04-19','2023-04-25'),
(160,'250mg','3x daily','2024-08-06','2024-08-09'),
(161,'250mg','1x daily','2025-02-08','2025-02-09'),
(162,'10ml','3x daily','2025-02-27','2025-03-02'),
(163,'10ml','3x daily','2023-02-06','2023-02-08'),
(164,'250mg','Every 8h','2024-07-17','2024-07-21'),
(165,'1 tablet','Every 12h','2024-05-20','2024-05-22'),
(166,'500mg','Every 8h','2026-07-25','2026-07-28'),
(167,'1g','Every 12h','2024-02-12','2024-02-13'),
(168,'1 tablet','2x daily','2023-01-22','2023-01-26'),
(169,'1 tablet','3x daily','2025-05-19','2025-05-21'),
(170,'1 tablet','2x daily','2025-09-30','2025-10-03'),
(171,'1 tablet','Every 12h','2023-12-21','2023-12-22'),
(172,'1g','1x daily','2024-08-28','2024-08-31'),
(173,'10ml','Every 8h','2023-05-29','2023-06-01'),
(174,'1g','3x daily','2025-08-13','2025-08-16'),
(175,'1g','Every 8h','2024-02-12','2024-02-13'),
(176,'500mg','Every 8h','2025-03-26','2025-03-27'),
(177,'250mg','3x daily','2024-02-14','2024-02-15'),
(178,'1g','Every 12h','2024-01-22','2024-01-23'),
(179,'1 tablet','3x daily','2023-04-25','2023-04-28'),
(180,'1g','2x daily','2025-12-23','2025-12-26'),
(181,'500mg','Every 8h','2025-03-10','2025-03-13'),
(182,'1g','3x daily','2024-03-23','2024-03-25'),
(183,'500mg','3x daily','2023-11-01','2023-11-07'),
(184,'1 tablet','1x daily','2025-07-15','2025-07-19'),
(185,'250mg','3x daily','2024-11-03','2024-11-05'),
(186,'1 tablet','Every 12h','2024-03-12','2024-03-13'),
(187,'1 tablet','3x daily','2025-02-06','2025-02-07'),
(188,'10ml','2x daily','2025-03-05','2025-03-06'),
(189,'250mg','1x daily','2025-02-14','2025-02-17'),
(190,'1 tablet','2x daily','2025-01-11','2025-01-16'),
(191,'10ml','Every 8h','2025-02-22','2025-02-25'),
(192,'10ml','2x daily','2025-05-16','2025-05-17'),
(193,'1 tablet','1x daily','2025-12-26','2025-12-29'),
(194,'1g','3x daily','2023-10-15','2023-10-16'),
(195,'500mg','1x daily','2023-05-27','2023-05-31'),
(196,'10ml','1x daily','2024-02-10','2024-02-11'),
(197,'250mg','Every 12h','2024-12-19','2024-12-21'),
(198,'1 tablet','Every 12h','2024-05-01','2024-05-02'),
(199,'1g','2x daily','2024-08-08','2024-08-11'),
(200,'250mg','1x daily','2024-05-25','2024-05-26'),
(201,'10ml','2x daily','2025-02-14','2025-02-15'),
(202,'1g','1x daily','2023-12-21','2023-12-26'),
(203,'250mg','3x daily','2026-01-21','2026-01-22'),
(204,'1 tablet','Every 12h','2024-04-28','2024-05-02'),
(205,'1g','3x daily','2023-05-22','2023-05-25'),
(206,'250mg','2x daily','2024-06-30','2024-07-05'),
(207,'1 tablet','1x daily','2024-03-31','2024-04-04'),
(208,'250mg','Every 8h','2025-07-21','2025-07-22'),
(209,'1g','3x daily','2024-09-09','2024-09-15'),
(210,'250mg','1x daily','2023-09-19','2023-09-24'),
(211,'10ml','Every 12h','2024-07-23','2024-07-25'),
(212,'500mg','1x daily','2025-09-19','2025-09-22'),
(213,'250mg','1x daily','2024-05-24','2024-05-26'),
(214,'1 tablet','2x daily','2023-03-11','2023-03-16'),
(215,'500mg','Every 8h','2023-05-28','2023-06-01'),
(216,'10ml','2x daily','2025-01-20','2025-01-25'),
(217,'10ml','Every 12h','2024-05-28','2024-05-29'),
(218,'250mg','Every 8h','2023-03-19','2023-03-22'),
(219,'250mg','Every 8h','2025-12-29','2025-12-30'),
(220,'1 tablet','2x daily','2025-10-13','2025-10-15'),
(221,'250mg','2x daily','2024-04-05','2024-04-11'),
(222,'10ml','2x daily','2025-11-11','2025-11-12'),
(223,'500mg','1x daily','2024-08-27','2024-09-02'),
(224,'10ml','2x daily','2024-08-06','2024-08-08'),
(225,'10ml','Every 8h','2025-04-04','2025-04-07'),
(226,'10ml','3x daily','2023-01-20','2023-01-22'),
(227,'1g','Every 8h','2025-06-30','2025-07-01'),
(228,'500mg','1x daily','2024-03-29','2024-04-02'),
(229,'10ml','1x daily','2024-09-16','2024-09-18'),
(230,'10ml','1x daily','2023-03-17','2023-03-19'),
(231,'10ml','3x daily','2025-02-16','2025-02-19'),
(232,'1g','Every 8h','2023-11-05','2023-11-07'),
(233,'10ml','2x daily','2023-07-12','2023-07-14'),
(234,'10ml','2x daily','2024-07-18','2024-07-20'),
(235,'1g','Every 12h','2026-06-11','2026-06-14'),
(236,'1 tablet','3x daily','2025-06-09','2025-06-10'),
(237,'500mg','3x daily','2025-12-19','2025-12-20'),
(238,'1 tablet','Every 12h','2025-03-01','2025-03-02'),
(239,'500mg','1x daily','2024-09-04','2024-09-05'),
(240,'1g','1x daily','2024-04-30','2024-05-02'),
(241,'1g','Every 8h','2023-04-03','2023-04-09'),
(242,'10ml','Every 12h','2023-09-18','2023-09-23'),
(243,'500mg','2x daily','2025-05-19','2025-05-21'),
(244,'500mg','Every 12h','2024-07-18','2024-07-22'),
(245,'250mg','1x daily','2023-11-25','2023-11-26'),
(246,'250mg','2x daily','2024-02-28','2024-03-03'),
(247,'1 tablet','Every 8h','2024-02-11','2024-02-12'),
(248,'250mg','1x daily','2025-07-16','2025-07-19'),
(249,'1g','Every 12h','2025-02-27','2025-02-28'),
(250,'500mg','Every 12h','2023-01-27','2023-01-30'),
(251,'500mg','1x daily','2024-06-13','2024-06-14'),
(252,'250mg','Every 8h','2025-10-22','2025-10-28'),
(253,'250mg','1x daily','2023-07-07','2023-07-08'),
(254,'250mg','Every 8h','2026-04-09','2026-04-12'),
(255,'1 tablet','2x daily','2025-07-26','2025-07-28'),
(256,'250mg','3x daily','2024-06-21','2024-06-22'),
(257,'250mg','2x daily','2024-01-03','2024-01-07'),
(258,'1g','Every 8h','2025-11-20','2025-11-22'),
(259,'500mg','1x daily','2023-08-10','2023-08-14'),
(260,'1g','Every 8h','2024-07-09','2024-07-15'),
(261,'10ml','1x daily','2025-07-26','2025-07-30'),
(262,'10ml','1x daily','2025-07-13','2025-07-15'),
(263,'500mg','Every 8h','2024-05-25','2024-05-26'),
(264,'1 tablet','Every 12h','2025-08-13','2025-08-16'),
(265,'1 tablet','Every 12h','2024-05-29','2024-06-01'),
(266,'1 tablet','Every 8h','2025-03-12','2025-03-14'),
(267,'250mg','2x daily','2025-12-01','2025-12-03'),
(268,'10ml','1x daily','2023-03-09','2023-03-10'),
(269,'1 tablet','1x daily','2025-12-20','2025-12-22'),
(270,'500mg','1x daily','2025-02-24','2025-02-25'),
(271,'500mg','1x daily','2025-11-18','2025-11-20'),
(272,'1 tablet','Every 12h','2026-11-16','2026-11-18'),
(273,'1g','3x daily','2025-03-04','2025-03-06'),
(274,'10ml','2x daily','2025-01-27','2025-01-31'),
(275,'500mg','Every 12h','2023-02-09','2023-02-14'),
(276,'1g','Every 8h','2024-08-29','2024-08-30'),
(277,'250mg','1x daily','2024-01-22','2024-01-23'),
(278,'1g','2x daily','2024-06-11','2024-06-12'),
(279,'250mg','Every 8h','2025-04-17','2025-04-19'),
(280,'500mg','3x daily','2024-05-02','2024-05-08'),
(281,'1g','3x daily','2023-02-24','2023-02-25'),
(282,'1 tablet','Every 12h','2024-01-04','2024-01-07'),
(283,'250mg','2x daily','2024-07-19','2024-07-25'),
(284,'250mg','3x daily','2025-01-24','2025-01-29'),
(285,'10ml','1x daily','2025-06-06','2025-06-09'),
(286,'1g','2x daily','2024-01-19','2024-01-25'),
(287,'1 tablet','3x daily','2025-07-07','2025-07-10'),
(288,'10ml','2x daily','2025-01-23','2025-01-25'),
(289,'250mg','3x daily','2023-10-16','2023-10-19'),
(290,'250mg','Every 12h','2024-05-18','2024-05-20'),
(291,'500mg','2x daily','2024-09-01','2024-09-05'),
(292,'1 tablet','3x daily','2024-01-02','2024-01-06'),
(293,'1 tablet','2x daily','2024-07-19','2024-07-20'),
(294,'250mg','1x daily','2023-07-01','2023-07-04'),
(295,'1 tablet','1x daily','2023-01-14','2023-01-19'),
(296,'10ml','Every 8h','2024-01-04','2024-01-07'),
(297,'500mg','Every 12h','2023-10-09','2023-10-13'),
(298,'250mg','2x daily','2023-11-22','2023-11-24'),
(299,'1 tablet','3x daily','2024-11-21','2024-11-26'),
(300,'10ml','2x daily','2023-05-26','2023-05-28');



INSERT INTO `medication_treatment` (`treatment_id`,`patient_id`,`med_prescription_id`,`doctor_id`,`medicine_id`) VALUES
(1,5,1,19,912),
(2,5,2,18,614),
(3,5,3,54,836),
(4,158,4,1,514),
(5,158,5,43,261),
(6,158,6,48,501),
(7,51,7,45,536),
(8,51,8,59,768),
(9,51,9,14,160),
(10,51,10,40,508),
(11,82,11,70,774),
(12,82,12,3,654),
(13,82,13,24,32),
(14,3,14,55,69),
(15,3,15,77,968),
(16,3,16,27,308),
(17,107,17,80,439),
(18,14,18,63,696),
(19,8,19,61,262),
(20,183,20,76,706),
(21,54,21,63,40),
(22,151,22,32,85),
(23,7,23,61,619),
(24,173,24,79,222),
(25,8,25,65,958),
(26,112,26,73,282),
(27,17,27,16,600),
(28,173,28,21,301),
(29,107,29,20,113),
(30,1,30,50,6),
(31,15,31,24,310),
(32,14,32,57,731),
(33,179,33,78,759),
(34,121,34,56,814),
(35,93,35,61,429),
(36,183,36,9,69),
(37,171,37,32,520),
(38,74,38,24,585),
(39,112,39,34,571),
(40,167,40,72,119),
(41,36,41,51,137),
(42,4,42,68,116),
(43,3,43,18,311),
(44,98,44,61,680),
(45,126,45,71,398),
(46,73,46,9,882),
(47,161,47,53,253),
(48,121,48,56,771),
(49,8,49,48,198),
(50,14,50,79,491),
(51,189,51,10,510),
(52,108,52,11,576),
(53,147,53,36,403),
(54,128,54,40,942),
(55,26,55,44,481),
(56,96,56,9,632),
(57,88,57,66,609),
(58,186,58,40,357),
(59,103,59,34,286),
(60,93,60,38,822),
(61,143,61,60,210),
(62,198,62,44,613),
(63,18,63,62,402),
(64,130,64,33,150),
(65,138,65,9,4),
(66,51,66,71,958),
(67,115,67,35,204),
(68,125,68,56,488),
(69,22,69,47,126),
(70,125,70,69,562),
(71,6,71,73,41),
(72,56,72,56,292),
(73,86,73,71,951),
(74,6,74,75,567),
(75,48,75,70,209),
(76,14,76,63,829),
(77,111,77,59,248),
(78,51,78,31,4),
(79,132,79,28,457),
(80,156,80,20,454),
(81,6,81,35,555),
(82,117,82,3,330),
(83,72,83,27,622),
(84,21,84,52,173),
(85,194,85,32,281),
(86,19,86,4,984),
(87,6,87,74,399),
(88,27,88,58,447),
(89,15,89,35,235),
(90,18,90,75,225),
(91,186,91,5,867),
(92,105,92,21,725),
(93,103,93,68,82),
(94,180,94,56,880),
(95,38,95,22,320),
(96,104,96,23,587),
(97,36,97,3,242),
(98,39,98,13,792),
(99,140,99,60,798),
(100,68,100,24,547),
(101,92,101,35,785),
(102,26,102,8,917),
(103,19,103,17,160),
(104,119,104,32,474),
(105,167,105,78,656),
(106,1,106,59,295),
(107,197,107,68,911),
(108,194,108,33,770),
(109,179,109,5,130),
(110,171,110,78,119),
(111,112,111,41,25),
(112,26,112,19,794),
(113,48,113,32,406),
(114,162,114,52,499),
(115,6,115,17,475),
(116,157,116,48,303),
(117,98,117,77,80),
(118,135,118,62,42),
(119,73,119,65,945),
(120,14,120,4,62),
(121,7,121,52,460),
(122,35,122,42,637),
(123,108,123,57,905),
(124,11,124,71,683),
(125,21,125,57,339),
(126,180,126,26,781),
(127,190,127,6,226),
(128,66,128,73,429),
(129,39,129,27,939),
(130,119,130,62,745),
(131,53,131,11,117),
(132,113,132,61,872),
(133,46,133,42,647),
(134,119,134,77,826),
(135,86,135,43,279),
(136,138,136,76,975),
(137,186,137,29,569),
(138,57,138,70,715),
(139,196,139,11,307),
(140,108,140,41,794),
(141,51,141,61,425),
(142,164,142,63,242),
(143,162,143,31,441),
(144,118,144,77,164),
(145,157,145,11,85),
(146,84,146,12,919),
(147,199,147,18,34),
(148,93,148,22,42),
(149,192,149,79,41),
(150,159,150,63,844),
(151,63,151,79,852),
(152,142,152,66,162),
(153,69,153,51,33),
(154,93,154,66,368),
(155,61,155,40,814),
(156,4,156,20,153),
(157,3,157,14,152),
(158,30,158,43,789),
(159,140,159,53,446),
(160,48,160,27,960),
(161,40,161,25,401),
(162,162,162,24,399),
(163,17,163,42,137),
(164,4,164,22,8),
(165,98,165,6,152),
(166,155,166,36,981),
(167,12,167,2,790),
(168,113,168,1,346),
(169,101,169,43,152),
(170,159,170,68,911),
(171,26,171,6,789),
(172,91,172,59,552),
(173,130,173,9,604),
(174,162,174,41,946),
(175,12,175,30,837),
(176,119,176,68,5),
(177,86,177,1,407),
(178,161,178,65,17),
(179,138,179,75,509),
(180,164,180,31,876),
(181,78,181,55,15),
(182,6,182,17,102),
(183,152,183,55,166),
(184,124,184,37,784),
(185,78,185,16,160),
(186,106,186,58,117),
(187,130,187,16,524),
(188,179,188,12,365),
(189,103,189,3,743),
(190,129,190,44,150),
(191,96,191,45,947),
(192,162,192,66,827),
(193,36,193,80,195),
(194,124,194,64,855),
(195,39,195,6,922),
(196,101,196,48,18),
(197,152,197,60,883),
(198,94,198,18,608),
(199,152,199,80,123),
(200,123,200,55,550),
(201,36,201,18,681),
(202,189,202,53,349),
(203,25,203,39,316),
(204,155,204,12,190),
(205,98,205,15,372),
(206,108,206,74,188),
(207,18,207,40,284),
(208,115,208,71,929),
(209,13,209,54,320),
(210,104,210,9,141),
(211,135,211,61,44),
(212,51,212,21,271),
(213,98,213,24,173),
(214,8,214,17,224),
(215,130,215,67,6),
(216,174,216,56,61),
(217,171,217,18,353),
(218,189,218,32,276),
(219,39,219,78,664),
(220,186,220,33,765),
(221,68,221,32,991),
(222,1,222,6,763),
(223,116,223,15,284),
(224,4,224,14,424),
(225,68,225,16,742),
(226,147,226,26,455),
(227,147,227,32,891),
(228,18,228,1,259),
(229,121,229,59,767),
(230,189,230,37,145),
(231,112,231,68,805),
(232,190,232,29,660),
(233,30,233,21,277),
(234,5,234,31,800),
(235,186,235,19,658),
(236,87,236,13,707),
(237,197,237,9,21),
(238,162,238,32,830),
(239,187,239,64,643),
(240,155,240,71,787),
(241,98,241,24,199),
(242,46,242,35,713),
(243,179,243,49,99),
(244,32,244,44,47),
(245,8,245,30,505),
(246,111,246,18,579),
(247,77,247,69,423),
(248,100,248,28,227),
(249,12,249,76,12),
(250,17,250,27,915),
(251,2,251,33,96),
(252,17,252,36,706),
(253,84,253,53,815),
(254,22,254,30,597),
(255,61,255,46,958),
(256,7,256,13,757),
(257,60,257,21,177),
(258,186,258,27,848),
(259,134,259,58,678),
(260,3,260,27,744),
(261,51,261,9,705),
(262,92,262,5,384),
(263,23,263,21,783),
(264,87,264,30,446),
(265,196,265,58,908),
(266,88,266,58,977),
(267,119,267,34,324),
(268,162,268,49,303),
(269,164,269,17,816),
(270,96,270,75,405),
(271,83,271,30,552),
(272,8,272,78,879),
(273,179,273,68,348),
(274,29,274,23,848),
(275,78,275,29,823),
(276,72,276,55,74),
(277,161,277,36,698),
(278,7,278,4,794),
(279,95,279,25,85),
(280,195,280,78,59),
(281,8,281,15,389),
(282,5,282,11,164),
(283,135,283,63,295),
(284,135,284,37,845),
(285,191,285,6,481),
(286,15,286,7,614),
(287,21,287,44,354),
(288,3,288,49,415),
(289,84,289,30,524),
(290,73,290,22,842),
(291,13,291,61,641),
(292,16,292,79,617),
(293,5,293,80,791),
(294,64,294,8,67),
(295,5,295,68,259),
(296,5,296,34,641),
(297,101,297,25,529),
(298,153,298,35,410),
(299,186,299,38,634),
(300,130,300,21,305);

-- 9. ΑΞΙΟΛΟΓΗΣΗ ΙΑΤΡΩΝ
INSERT INTO `doctor_review` (`doctor_review_id`,`hospitalization_id`,`doctor_id`,`medical_care`) VALUES
(1,1,1,5), (2,2,2,4), (3,3,3,5), (4,4,4,4), (5,5,5,5),
(6,6,6,4), (7,7,7,5), (8,8,8,3), (9,9,9,4), (10,10,10,5);

-- 10. ΒΑΡΔΙΕΣ (duty_schedule)
INSERT INTO `duty_schedule` (`duty_id`,`duty_date`,`shift_type_id`,`hospital_department_id`, `is_finalized`) VALUES
(1,'2024-01-07',1,1, 1), (2,'2024-02-17',2,2, 1), (3,'2024-03-05',3,3, 1),
(4,'2024-04-18',1,4, 1), (5,'2024-05-24',2,5, 1), (6,'2024-06-16',3,6, 1),
(7,'2024-07-05',1,7, 1), (8,'2024-08-08',2,8, 1), (9,'2024-09-22',3,9, 1),
(10,'2024-10-21',1,10, 1);

-- 11. ΟΜΑΔΕΣ ΒΑΡΔΙΩΝ (duty_schedule_team) - ΠΡΟΣΟΧΗ: Συνδέει το Employee ID!
INSERT INTO `duty_schedule_team` (`duty_id`,`employee_id`) VALUES
(1,1), (1,16), (1,26), -- Doctor 1, Nurse 1, Admin 1 
(2,2), (2,17), (2,27), 
(3,3), (3,18), (3,28), 
(4,4), (4,19), (4,29), 
(5,5), (5,20), (5,30), 
(6,6), (6,21), (6,31), 
(7,7), (7,22), (7,32), 
(8,8), (8,23), (8,33), 
(9,9), (9,24), (9,34), 
(10,10), (10,25), (10,35);


-- 14. ΣΥΜΜΕΤΟΧΗ ΥΠΑΛΛΗΛΩΝ ΣΕ ΙΑΤΡΙΚΕΣ ΠΡΑΞΕΙΣ (Αφορά employee_id)
INSERT INTO `medical_act_has_employee` (`act_id`,`employee_id`) VALUES
(1,16), (2,17), (3,18), (4,19), (5,20),
(6,21), (7,22), (8,23), (9,24), (10,25);


-- 17. ΑΛΛΕΡΓΙΕΣ ΑΣΘΕΝΩΝ
INSERT INTO `patient_has_allergy` (`patient_id`,`active_substance_id`) VALUES
(1,@sub1), (2,@sub1), (3,@sub1), (4,@sub1), (5,@sub1),
(6,@sub1), (7,@sub1), (8,@sub1), (9,@sub1), (10,@sub1);
